match_id,season_id,balls_per_over,city,match_date,event_name,match_number,gender,match_type,format,overs,season,team_type,venue,toss_winner,team1,team2,toss_decision,match_winner,win_by_runs,win_by_wickets,result,player_of_match
335982,2008,6,M Chinnaswamy Stadium,18-04-2008,Indian Premier League,1,male,T20,T20,20,2008,club,M. Chinnaswamy Stadium,Royal Challengers Bengaluru,Royal Challengers Bengaluru,Punjab Kings,field,Punjab Kings,140,,win,46
1082591,2017,6,"Rajiv Gandhi International Stadium, Uppal",05-04-2017,Indian Premier League,1,male,T20,T20,20,2017,club,Rajiv Gandhi International Stadium,Royal Challengers Bengaluru,Kolkata Knight Riders,Royal Challengers Bengaluru,field,Kolkata Knight Riders,35,,win,15
1082592,2017,6,Maharashtra Cricket Association Stadium,06-04-2017,Indian Premier League,2,male,T20,T20,20,2017,club,Maharashtra Cricket Association Stadium,Mumbai Indians,Mumbai Indians,Chennai Super Kings,field,Mumbai Indians,,7,win,36
1082593,2017,6,Saurashtra Cricket Association Stadium,07-04-2017,Indian Premier League,3,male,T20,T20,20,2017,club,Saurashtra Cricket Association Stadium,Punjab Kings,Delhi Capitals,Punjab Kings,field,Punjab Kings,,10,win,57
1082594,2017,6,Holkar Cricket Stadium,08-04-2017,Indian Premier League,4,male,T20,T20,20,2017,club,Holkar Cricket Stadium,Punjab Kings,Punjab Kings,Mumbai Indians,field,Punjab Kings,,6,win,71
1082595,2017,6,M.Chinnaswamy Stadium,08-04-2017,Indian Premier League,5,male,T20,T20,20,2017,club,M. Chinnaswamy Stadium,Royal Challengers Bengaluru,Royal Challengers Bengaluru,Delhi Capitals,bat,Royal Challengers Bengaluru,15,,win,4
1082596,2017,6,"Rajiv Gandhi International Stadium, Uppal",09-04-2017,Indian Premier League,6,male,T20,T20,20,2017,club,Rajiv Gandhi International Stadium,Kolkata Knight Riders,Kolkata Knight Riders,Delhi Capitals,field,Kolkata Knight Riders,,9,win,22
1082597,2017,6,Wankhede Stadium,09-04-2017,Indian Premier League,7,male,T20,T20,20,2017,club,Wankhede Stadium,Chennai Super Kings,Chennai Super Kings,Punjab Kings,field,Chennai Super Kings,,4,win,26
1082598,2017,6,Holkar Cricket Stadium,10-04-2017,Indian Premier League,8,male,T20,T20,20,2017,club,Holkar Cricket Stadium,Royal Challengers Bengaluru,Punjab Kings,Royal Challengers Bengaluru,bat,Punjab Kings,,8,win,70
1082599,2017,6,Maharashtra Cricket Association Stadium,11-04-2017,Indian Premier League,9,male,T20,T20,20,2017,club,Maharashtra Cricket Association Stadium,Mumbai Indians,Mumbai Indians,Delhi Capitals,field,Delhi Capitals,97,,win,180
1082600,2017,6,Wankhede Stadium,12-04-2017,Indian Premier League,10,male,T20,T20,20,2017,club,Wankhede Stadium,Chennai Super Kings,Chennai Super Kings,Kolkata Knight Riders,field,Chennai Super Kings,,4,win,33
1082601,2017,6,Eden Gardens,13-04-2017,Indian Premier League,11,male,T20,T20,20,2017,club,Eden Gardens,Punjab Kings,Punjab Kings,Punjab Kings,field,Punjab Kings,,8,win,65
1082602,2017,6,M Chinnaswamy Stadium,14-04-2017,Indian Premier League,12,male,T20,T20,20,2017,club,M. Chinnaswamy Stadium,Chennai Super Kings,Royal Challengers Bengaluru,Chennai Super Kings,field,Chennai Super Kings,,4,win,29
1082603,2017,6,Saurashtra Cricket Association Stadium,14-04-2017,Indian Premier League,13,male,T20,T20,20,2017,club,Saurashtra Cricket Association Stadium,Delhi Capitals,Delhi Capitals,Mumbai Indians,field,Delhi Capitals,,7,win,351
1082604,2017,6,Eden Gardens,15-04-2017,Indian Premier League,14,male,T20,T20,20,2017,club,Eden Gardens,Kolkata Knight Riders,Punjab Kings,Kolkata Knight Riders,field,Punjab Kings,17,,win,58
1082605,2017,6,Feroz Shah Kotla,15-04-2017,Indian Premier League,15,male,T20,T20,20,2017,club,Arun Jaitley Stadium,Delhi Capitals,Delhi Capitals,Punjab Kings,bat,Delhi Capitals,51,,win,258
1082606,2017,6,Wankhede Stadium,16-04-2017,Indian Premier League,16,male,T20,T20,20,2017,club,Wankhede Stadium,Chennai Super Kings,Chennai Super Kings,Delhi Capitals,field,Chennai Super Kings,,6,win,26
1082607,2017,6,M Chinnaswamy Stadium,16-04-2017,Indian Premier League,17,male,T20,T20,20,2017,club,M. Chinnaswamy Stadium,Royal Challengers Bengaluru,Royal Challengers Bengaluru,Mumbai Indians,field,Mumbai Indians,27,,win,37
1082608,2017,6,Feroz Shah Kotla,17-04-2017,Indian Premier League,18,male,T20,T20,20,2017,club,Arun Jaitley Stadium,Delhi Capitals,Delhi Capitals,Punjab Kings,bat,Punjab Kings,,4,win,471
1082609,2017,6,"Rajiv Gandhi International Stadium, Uppal",17-04-2017,Indian Premier League,19,male,T20,T20,20,2017,club,Rajiv Gandhi International Stadium,Punjab Kings,Kolkata Knight Riders,Punjab Kings,field,Kolkata Knight Riders,5,,win,20
1082610,2017,6,Saurashtra Cricket Association Stadium,18-04-2017,Indian Premier League,20,male,T20,T20,20,2017,club,Saurashtra Cricket Association Stadium,Delhi Capitals,Delhi Capitals,Royal Challengers Bengaluru,field,Royal Challengers Bengaluru,21,,win,1
1082611,2017,6,"Rajiv Gandhi International Stadium, Uppal",19-04-2017,Indian Premier League,21,male,T20,T20,20,2017,club,Rajiv Gandhi International Stadium,Kolkata Knight Riders,Kolkata Knight Riders,Delhi Capitals,bat,Kolkata Knight Riders,15,,win,531
1082612,2017,6,Holkar Cricket Stadium,20-04-2017,Indian Premier League,22,male,T20,T20,20,2017,club,Holkar Cricket Stadium,Chennai Super Kings,Punjab Kings,Chennai Super Kings,field,Chennai Super Kings,,8,win,24
1082613,2017,6,Eden Gardens,21-04-2017,Indian Premier League,23,male,T20,T20,20,2017,club,Eden Gardens,Delhi Capitals,Punjab Kings,Delhi Capitals,field,Delhi Capitals,,4,win,47
1082614,2017,6,Wankhede Stadium,22-04-2017,Indian Premier League,25,male,T20,T20,20,2017,club,Wankhede Stadium,Delhi Capitals,Chennai Super Kings,Delhi Capitals,field,Chennai Super Kings,14,,win,32
1082615,2017,6,Maharashtra Cricket Association Stadium,22-04-2017,Indian Premier League,24,male,T20,T20,20,2017,club,Maharashtra Cricket Association Stadium,Mumbai Indians,Mumbai Indians,Kolkata Knight Riders,field,Mumbai Indians,,6,win,38
1082616,2017,6,Saurashtra Cricket Association Stadium,23-04-2017,Indian Premier League,26,male,T20,T20,20,2017,club,Saurashtra Cricket Association Stadium,Delhi Capitals,Delhi Capitals,Punjab Kings,field,Punjab Kings,26,,win,67
1082617,2017,6,Eden Gardens,23-04-2017,Indian Premier League,27,male,T20,T20,20,2017,club,Eden Gardens,Royal Challengers Bengaluru,Punjab Kings,Royal Challengers Bengaluru,field,Punjab Kings,82,,win,471
1082618,2017,6,Wankhede Stadium,24-04-2017,Indian Premier League,28,male,T20,T20,20,2017,club,Wankhede Stadium,Chennai Super Kings,Chennai Super Kings,Mumbai Indians,field,Mumbai Indians,3,,win,37
1082620,2017,6,Maharashtra Cricket Association Stadium,26-04-2017,Indian Premier League,30,male,T20,T20,20,2017,club,Maharashtra Cricket Association Stadium,Punjab Kings,Mumbai Indians,Punjab Kings,field,Punjab Kings,,7,win,58
1082621,2017,6,M Chinnaswamy Stadium,27-04-2017,Indian Premier League,31,male,T20,T20,20,2017,club,M. Chinnaswamy Stadium,Delhi Capitals,Royal Challengers Bengaluru,Delhi Capitals,field,Delhi Capitals,,7,win,351
1082622,2017,6,Eden Gardens,28-04-2017,Indian Premier League,32,male,T20,T20,20,2017,club,Eden Gardens,Punjab Kings,Punjab Kings,Delhi Capitals,field,Punjab Kings,,7,win,56
1082623,2017,6,"Punjab Cricket Association IS Bindra Stadium, Mohali",28-04-2017,Indian Premier League,33,male,T20,T20,20,2017,club,"Punjab Cricket Association Stadium, Mohali",Punjab Kings,Punjab Kings,Kolkata Knight Riders,field,Kolkata Knight Riders,26,,win,22
1082624,2017,6,Maharashtra Cricket Association Stadium,29-04-2017,Indian Premier League,34,male,T20,T20,20,2017,club,Maharashtra Cricket Association Stadium,Royal Challengers Bengaluru,Mumbai Indians,Royal Challengers Bengaluru,field,Mumbai Indians,61,,win,361
1082625,2017,6,Saurashtra Cricket Association Stadium,29-04-2017,Indian Premier League,35,male,T20,T20,20,2017,club,Saurashtra Cricket Association Stadium,Delhi Capitals,Delhi Capitals,Chennai Super Kings,bat,Chennai Super Kings,,,tie,28
1082626,2017,6,"Punjab Cricket Association IS Bindra Stadium, Mohali",30-04-2017,Indian Premier League,36,male,T20,T20,20,2017,club,"Punjab Cricket Association Stadium, Mohali",Punjab Kings,Punjab Kings,Delhi Capitals,field,Punjab Kings,,10,win,76
1082627,2017,6,"Rajiv Gandhi International Stadium, Uppal",30-04-2017,Indian Premier League,37,male,T20,T20,20,2017,club,Rajiv Gandhi International Stadium,Punjab Kings,Kolkata Knight Riders,Punjab Kings,field,Kolkata Knight Riders,48,,win,12
1082628,2017,6,Wankhede Stadium,01-05-2017,Indian Premier League,38,male,T20,T20,20,2017,club,Wankhede Stadium,Royal Challengers Bengaluru,Chennai Super Kings,Royal Challengers Bengaluru,bat,Chennai Super Kings,,5,win,25
1082629,2017,6,Maharashtra Cricket Association Stadium,01-05-2017,Indian Premier League,39,male,T20,T20,20,2017,club,Maharashtra Cricket Association Stadium,Mumbai Indians,Mumbai Indians,Delhi Capitals,field,Mumbai Indians,,5,win,37
1082630,2017,6,Feroz Shah Kotla,02-05-2017,Indian Premier League,40,male,T20,T20,20,2017,club,Arun Jaitley Stadium,Delhi Capitals,Delhi Capitals,Kolkata Knight Riders,field,Delhi Capitals,,6,win,460
1082631,2017,6,Eden Gardens,03-05-2017,Indian Premier League,41,male,T20,T20,20,2017,club,Eden Gardens,Mumbai Indians,Punjab Kings,Mumbai Indians,field,Mumbai Indians,,4,win,268
1082632,2017,6,Feroz Shah Kotla,04-05-2017,Indian Premier League,42,male,T20,T20,20,2017,club,Arun Jaitley Stadium,Delhi Capitals,Delhi Capitals,Delhi Capitals,field,Delhi Capitals,,7,win,181
1082633,2017,6,M Chinnaswamy Stadium,05-05-2017,Indian Premier League,43,male,T20,T20,20,2017,club,M. Chinnaswamy Stadium,Royal Challengers Bengaluru,Royal Challengers Bengaluru,Punjab Kings,field,Punjab Kings,19,,win,76
1082634,2017,6,"Rajiv Gandhi International Stadium, Uppal",06-05-2017,Indian Premier League,44,male,T20,T20,20,2017,club,Rajiv Gandhi International Stadium,Kolkata Knight Riders,Kolkata Knight Riders,Mumbai Indians,field,Mumbai Indians,12,,win,438
1082635,2017,6,Feroz Shah Kotla,06-05-2017,Indian Premier League,45,male,T20,T20,20,2017,club,Arun Jaitley Stadium,Delhi Capitals,Delhi Capitals,Chennai Super Kings,field,Chennai Super Kings,146,,win,1035
1082636,2017,6,M Chinnaswamy Stadium,07-05-2017,Indian Premier League,46,male,T20,T20,20,2017,club,M. Chinnaswamy Stadium,Punjab Kings,Royal Challengers Bengaluru,Punjab Kings,field,Punjab Kings,,6,win,65
1082637,2017,6,"Punjab Cricket Association IS Bindra Stadium, Mohali",07-05-2017,Indian Premier League,47,male,T20,T20,20,2017,club,"Punjab Cricket Association Stadium, Mohali",Delhi Capitals,Punjab Kings,Delhi Capitals,field,Delhi Capitals,,6,win,50
1082638,2017,6,"Rajiv Gandhi International Stadium, Uppal",08-05-2017,Indian Premier League,48,male,T20,T20,20,2017,club,Rajiv Gandhi International Stadium,Chennai Super Kings,Kolkata Knight Riders,Chennai Super Kings,bat,Kolkata Knight Riders,,7,win,13
1082639,2017,6,"Punjab Cricket Association IS Bindra Stadium, Mohali",09-05-2017,Indian Premier League,49,male,T20,T20,20,2017,club,"Punjab Cricket Association Stadium, Mohali",Punjab Kings,Punjab Kings,Punjab Kings,field,Punjab Kings,14,,win,75
1082640,2017,6,Green Park,10-05-2017,Indian Premier League,50,male,T20,T20,20,2017,club,Green Park,Delhi Capitals,Delhi Capitals,Delhi Capitals,field,Delhi Capitals,,2,win,389
1082641,2017,6,Wankhede Stadium,11-05-2017,Indian Premier League,51,male,T20,T20,20,2017,club,Wankhede Stadium,Chennai Super Kings,Chennai Super Kings,Punjab Kings,field,Punjab Kings,7,,win,69
1082642,2017,6,Feroz Shah Kotla,12-05-2017,Indian Premier League,52,male,T20,T20,20,2017,club,Arun Jaitley Stadium,Delhi Capitals,Delhi Capitals,Mumbai Indians,bat,Delhi Capitals,7,,win,179
1082643,2017,6,Green Park,13-05-2017,Indian Premier League,53,male,T20,T20,20,2017,club,Green Park,Kolkata Knight Riders,Delhi Capitals,Kolkata Knight Riders,field,Kolkata Knight Riders,,8,win,538
1082644,2017,6,Eden Gardens,13-05-2017,Indian Premier League,54,male,T20,T20,20,2017,club,Eden Gardens,Punjab Kings,Punjab Kings,Chennai Super Kings,field,Chennai Super Kings,9,,win,27
1082645,2017,6,Maharashtra Cricket Association Stadium,14-05-2017,Indian Premier League,55,male,T20,T20,20,2017,club,Maharashtra Cricket Association Stadium,Mumbai Indians,Mumbai Indians,Punjab Kings,field,Mumbai Indians,,9,win,438
1082646,2017,6,Feroz Shah Kotla,14-05-2017,Indian Premier League,56,male,T20,T20,20,2017,club,Arun Jaitley Stadium,Royal Challengers Bengaluru,Delhi Capitals,Royal Challengers Bengaluru,bat,Royal Challengers Bengaluru,10,,win,1285
1082647,2017,6,Wankhede Stadium,16-05-2017,Indian Premier League,,male,T20,T20,20,2017,club,Wankhede Stadium,Chennai Super Kings,Chennai Super Kings,Mumbai Indians,field,Mumbai Indians,20,,win,613
1082648,2017,6,M Chinnaswamy Stadium,17-05-2017,Indian Premier League,,male,T20,T20,20,2017,club,M. Chinnaswamy Stadium,Punjab Kings,Kolkata Knight Riders,Punjab Kings,field,Punjab Kings,,7,win,471
1082649,2017,6,M Chinnaswamy Stadium,19-05-2017,Indian Premier League,,male,T20,T20,20,2017,club,M. Chinnaswamy Stadium,Chennai Super Kings,Chennai Super Kings,Punjab Kings,field,Chennai Super Kings,,6,win,676
1082650,2017,6,"Rajiv Gandhi International Stadium, Uppal",21-05-2017,Indian Premier League,,male,T20,T20,20,2017,club,Rajiv Gandhi International Stadium,Chennai Super Kings,Chennai Super Kings,Mumbai Indians,bat,Chennai Super Kings,1,,win,28
1136561,2018,6,Wankhede Stadium,07-04-2018,Indian Premier League,1,male,T20,T20,20,2018,club,Wankhede Stadium,Chennai Super Kings,Chennai Super Kings,Chennai Super Kings,field,Chennai Super Kings,,1,win,1393
1136562,2018,6,Punjab Cricket Association IS Bindra Stadium,08-04-2018,Indian Premier League,2,male,T20,T20,20,2018,club,"Punjab Cricket Association Stadium, Mohali",Punjab Kings,Delhi Capitals,Punjab Kings,field,Punjab Kings,,6,win,1409
1136563,2018,6,Eden Gardens,08-04-2018,Indian Premier League,3,male,T20,T20,20,2018,club,Eden Gardens,Punjab Kings,Royal Challengers Bengaluru,Punjab Kings,field,Punjab Kings,,4,win,65
1136564,2018,6,Rajiv Gandhi International Stadium,09-04-2018,Indian Premier League,4,male,T20,T20,20,2018,club,Rajiv Gandhi International Stadium,Kolkata Knight Riders,Rajasthan Royals,Kolkata Knight Riders,field,Kolkata Knight Riders,,9,win,13
1136565,2018,6,MA Chidambaram Stadium,10-04-2018,Indian Premier League,5,male,T20,T20,20,2018,club,MA Chidambaram Stadium,Chennai Super Kings,Punjab Kings,Chennai Super Kings,field,Chennai Super Kings,,5,win,178
1136566,2018,6,Sawai Mansingh Stadium,11-04-2018,Indian Premier League,6,male,T20,T20,20,2018,club,Sawai Mansingh Stadium,Delhi Capitals,Rajasthan Royals,Delhi Capitals,field,Rajasthan Royals,10,,win,180
1136567,2018,6,Rajiv Gandhi International Stadium,12-04-2018,Indian Premier League,7,male,T20,T20,20,2018,club,Rajiv Gandhi International Stadium,Kolkata Knight Riders,Chennai Super Kings,Kolkata Knight Riders,field,Kolkata Knight Riders,,1,win,22
1136568,2018,6,M.Chinnaswamy Stadium,13-04-2018,Indian Premier League,8,male,T20,T20,20,2018,club,M. Chinnaswamy Stadium,Royal Challengers Bengaluru,Punjab Kings,Royal Challengers Bengaluru,field,Royal Challengers Bengaluru,,4,win,318
1136569,2018,6,Wankhede Stadium,14-04-2018,Indian Premier League,9,male,T20,T20,20,2018,club,Wankhede Stadium,Delhi Capitals,Chennai Super Kings,Delhi Capitals,field,Delhi Capitals,,7,win,45
1136570,2018,6,Eden Gardens,14-04-2018,Indian Premier League,10,male,T20,T20,20,2018,club,Eden Gardens,Kolkata Knight Riders,Punjab Kings,Kolkata Knight Riders,field,Kolkata Knight Riders,,5,win,176
1136571,2018,6,M.Chinnaswamy Stadium,15-04-2018,Indian Premier League,11,male,T20,T20,20,2018,club,M. Chinnaswamy Stadium,Royal Challengers Bengaluru,Rajasthan Royals,Royal Challengers Bengaluru,field,Rajasthan Royals,19,,win,180
1136572,2018,6,Punjab Cricket Association IS Bindra Stadium,15-04-2018,Indian Premier League,12,male,T20,T20,20,2018,club,"Punjab Cricket Association Stadium, Mohali",Chennai Super Kings,Punjab Kings,Chennai Super Kings,field,Punjab Kings,4,,win,1
1136573,2018,6,Eden Gardens,16-04-2018,Indian Premier League,13,male,T20,T20,20,2018,club,Eden Gardens,Delhi Capitals,Punjab Kings,Delhi Capitals,field,Punjab Kings,71,,win,26
1136574,2018,6,Wankhede Stadium,17-04-2018,Indian Premier League,14,male,T20,T20,20,2018,club,Wankhede Stadium,Royal Challengers Bengaluru,Chennai Super Kings,Royal Challengers Bengaluru,field,Chennai Super Kings,46,,win,25
1136575,2018,6,Sawai Mansingh Stadium,18-04-2018,Indian Premier League,15,male,T20,T20,20,2018,club,Sawai Mansingh Stadium,Punjab Kings,Rajasthan Royals,Punjab Kings,field,Punjab Kings,,7,win,26
1136576,2018,6,Punjab Cricket Association IS Bindra Stadium,19-04-2018,Indian Premier League,16,male,T20,T20,20,2018,club,"Punjab Cricket Association Stadium, Mohali",Punjab Kings,Punjab Kings,Kolkata Knight Riders,bat,Punjab Kings,15,,win,1
1136577,2018,6,Maharashtra Cricket Association Stadium,20-04-2018,Indian Premier League,17,male,T20,T20,20,2018,club,Maharashtra Cricket Association Stadium,Rajasthan Royals,Chennai Super Kings,Rajasthan Royals,field,Chennai Super Kings,64,,win,5
1136578,2018,6,Eden Gardens,21-04-2018,Indian Premier League,18,male,T20,T20,20,2018,club,Eden Gardens,Punjab Kings,Punjab Kings,Punjab Kings,field,Punjab Kings,,9,win,1409
1136579,2018,6,M.Chinnaswamy Stadium,21-04-2018,Indian Premier League,19,male,T20,T20,20,2018,club,M. Chinnaswamy Stadium,Royal Challengers Bengaluru,Delhi Capitals,Royal Challengers Bengaluru,field,Royal Challengers Bengaluru,,6,win,245
1136580,2018,6,Rajiv Gandhi International Stadium,22-04-2018,Indian Premier League,20,male,T20,T20,20,2018,club,Rajiv Gandhi International Stadium,Kolkata Knight Riders,Chennai Super Kings,Kolkata Knight Riders,field,Chennai Super Kings,4,,win,27
1136581,2018,6,Sawai Mansingh Stadium,22-04-2018,Indian Premier League,21,male,T20,T20,20,2018,club,Sawai Mansingh Stadium,Chennai Super Kings,Chennai Super Kings,Rajasthan Royals,bat,Rajasthan Royals,,3,win,1833
1136582,2018,6,Arun Jaitley Stadium,23-04-2018,Indian Premier League,22,male,T20,T20,20,2018,club,Arun Jaitley Stadium,Delhi Capitals,Punjab Kings,Delhi Capitals,field,Punjab Kings,4,,win,219
1136583,2018,6,Wankhede Stadium,24-04-2018,Indian Premier League,23,male,T20,T20,20,2018,club,Wankhede Stadium,Chennai Super Kings,Kolkata Knight Riders,Chennai Super Kings,field,Kolkata Knight Riders,31,,win,22
1136584,2018,6,M.Chinnaswamy Stadium,25-04-2018,Indian Premier League,24,male,T20,T20,20,2018,club,M. Chinnaswamy Stadium,Chennai Super Kings,Royal Challengers Bengaluru,Chennai Super Kings,field,Chennai Super Kings,,5,win,38
1136585,2018,6,Rajiv Gandhi International Stadium,26-04-2018,Indian Premier League,25,male,T20,T20,20,2018,club,Rajiv Gandhi International Stadium,Punjab Kings,Kolkata Knight Riders,Punjab Kings,field,Kolkata Knight Riders,13,,win,219
1136586,2018,6,Arun Jaitley Stadium,27-04-2018,Indian Premier League,26,male,T20,T20,20,2018,club,Arun Jaitley Stadium,Punjab Kings,Delhi Capitals,Punjab Kings,field,Delhi Capitals,55,,win,389
1136587,2018,6,Maharashtra Cricket Association Stadium,28-04-2018,Indian Premier League,27,male,T20,T20,20,2018,club,Maharashtra Cricket Association Stadium,Chennai Super Kings,Chennai Super Kings,Chennai Super Kings,field,Chennai Super Kings,,8,win,25
1136588,2018,6,Sawai Mansingh Stadium,29-04-2018,Indian Premier League,28,male,T20,T20,20,2018,club,Sawai Mansingh Stadium,Kolkata Knight Riders,Kolkata Knight Riders,Rajasthan Royals,bat,Kolkata Knight Riders,11,,win,531
1136589,2018,6,M.Chinnaswamy Stadium,29-04-2018,Indian Premier League,29,male,T20,T20,20,2018,club,M. Chinnaswamy Stadium,Punjab Kings,Royal Challengers Bengaluru,Punjab Kings,field,Punjab Kings,,6,win,57
1136590,2018,6,Maharashtra Cricket Association Stadium,30-04-2018,Indian Premier League,30,male,T20,T20,20,2018,club,Maharashtra Cricket Association Stadium,Delhi Capitals,Chennai Super Kings,Delhi Capitals,field,Chennai Super Kings,13,,win,5
1136591,2018,6,M.Chinnaswamy Stadium,01-05-2018,Indian Premier League,31,male,T20,T20,20,2018,club,M. Chinnaswamy Stadium,Chennai Super Kings,Royal Challengers Bengaluru,Chennai Super Kings,field,Royal Challengers Bengaluru,14,,win,31
1136592,2018,6,Arun Jaitley Stadium,02-05-2018,Indian Premier League,32,male,T20,T20,20,2018,club,Arun Jaitley Stadium,Rajasthan Royals,Delhi Capitals,Rajasthan Royals,field,Delhi Capitals,4,,win,181
1136593,2018,6,Eden Gardens,03-05-2018,Indian Premier League,33,male,T20,T20,20,2018,club,Eden Gardens,Punjab Kings,Chennai Super Kings,Punjab Kings,field,Punjab Kings,,6,win,65
1136594,2018,6,Holkar Cricket Stadium,04-05-2018,Indian Premier League,34,male,T20,T20,20,2018,club,Holkar Cricket Stadium,Chennai Super Kings,Punjab Kings,Chennai Super Kings,field,Chennai Super Kings,,6,win,61
1136595,2018,6,Maharashtra Cricket Association Stadium,05-05-2018,Indian Premier League,35,male,T20,T20,20,2018,club,Maharashtra Cricket Association Stadium,Chennai Super Kings,Royal Challengers Bengaluru,Chennai Super Kings,field,Chennai Super Kings,,6,win,348
1136596,2018,6,Rajiv Gandhi International Stadium,05-05-2018,Indian Premier League,36,male,T20,T20,20,2018,club,Rajiv Gandhi International Stadium,Delhi Capitals,Delhi Capitals,Kolkata Knight Riders,bat,Kolkata Knight Riders,,7,win,22
1136597,2018,6,Wankhede Stadium,06-05-2018,Indian Premier League,37,male,T20,T20,20,2018,club,Wankhede Stadium,Punjab Kings,Chennai Super Kings,Punjab Kings,field,Chennai Super Kings,13,,win,30
1136598,2018,6,Holkar Cricket Stadium,06-05-2018,Indian Premier League,38,male,T20,T20,20,2018,club,Holkar Cricket Stadium,Punjab Kings,Rajasthan Royals,Punjab Kings,field,Punjab Kings,,6,win,1419
1136599,2018,6,Rajiv Gandhi International Stadium,07-05-2018,Indian Premier League,39,male,T20,T20,20,2018,club,Rajiv Gandhi International Stadium,Royal Challengers Bengaluru,Kolkata Knight Riders,Royal Challengers Bengaluru,field,Kolkata Knight Riders,5,,win,531
1136600,2018,6,Sawai Mansingh Stadium,08-05-2018,Indian Premier League,40,male,T20,T20,20,2018,club,Sawai Mansingh Stadium,Rajasthan Royals,Rajasthan Royals,Punjab Kings,bat,Rajasthan Royals,15,,win,24
1136601,2018,6,Eden Gardens,09-05-2018,Indian Premier League,41,male,T20,T20,20,2018,club,Eden Gardens,Punjab Kings,Chennai Super Kings,Punjab Kings,field,Chennai Super Kings,102,,win,347
1136602,2018,6,Arun Jaitley Stadium,10-05-2018,Indian Premier League,42,male,T20,T20,20,2018,club,Arun Jaitley Stadium,Delhi Capitals,Delhi Capitals,Kolkata Knight Riders,bat,Kolkata Knight Riders,,9,win,13
1136603,2018,6,Sawai Mansingh Stadium,11-05-2018,Indian Premier League,43,male,T20,T20,20,2018,club,Sawai Mansingh Stadium,Chennai Super Kings,Chennai Super Kings,Rajasthan Royals,bat,Rajasthan Royals,,4,win,24
1136604,2018,6,Holkar Cricket Stadium,12-05-2018,Indian Premier League,44,male,T20,T20,20,2018,club,Holkar Cricket Stadium,Punjab Kings,Punjab Kings,Punjab Kings,field,Punjab Kings,31,,win,65
1136605,2018,6,Arun Jaitley Stadium,12-05-2018,Indian Premier League,45,male,T20,T20,20,2018,club,Arun Jaitley Stadium,Royal Challengers Bengaluru,Delhi Capitals,Royal Challengers Bengaluru,field,Royal Challengers Bengaluru,,5,win,245
1136606,2018,6,Maharashtra Cricket Association Stadium,13-05-2018,Indian Premier League,46,male,T20,T20,20,2018,club,Maharashtra Cricket Association Stadium,Chennai Super Kings,Kolkata Knight Riders,Chennai Super Kings,field,Chennai Super Kings,,8,win,27
1136607,2018,6,Wankhede Stadium,13-05-2018,Indian Premier League,47,male,T20,T20,20,2018,club,Wankhede Stadium,Rajasthan Royals,Chennai Super Kings,Rajasthan Royals,field,Rajasthan Royals,,7,win,24
1136608,2018,6,Holkar Cricket Stadium,14-05-2018,Indian Premier League,48,male,T20,T20,20,2018,club,Holkar Cricket Stadium,Royal Challengers Bengaluru,Punjab Kings,Royal Challengers Bengaluru,field,Royal Challengers Bengaluru,,10,win,318
1136609,2018,6,Eden Gardens,15-05-2018,Indian Premier League,49,male,T20,T20,20,2018,club,Eden Gardens,Punjab Kings,Rajasthan Royals,Punjab Kings,field,Punjab Kings,,6,win,64
1136610,2018,6,Wankhede Stadium,16-05-2018,Indian Premier League,50,male,T20,T20,20,2018,club,Wankhede Stadium,Punjab Kings,Chennai Super Kings,Punjab Kings,field,Chennai Super Kings,3,,win,33
1136611,2018,6,M.Chinnaswamy Stadium,17-05-2018,Indian Premier League,51,male,T20,T20,20,2018,club,M. Chinnaswamy Stadium,Kolkata Knight Riders,Royal Challengers Bengaluru,Kolkata Knight Riders,field,Royal Challengers Bengaluru,14,,win,245
1136612,2018,6,Arun Jaitley Stadium,18-05-2018,Indian Premier League,52,male,T20,T20,20,2018,club,Arun Jaitley Stadium,Chennai Super Kings,Delhi Capitals,Chennai Super Kings,field,Delhi Capitals,34,,win,1285
1136613,2018,6,Sawai Mansingh Stadium,19-05-2018,Indian Premier League,53,male,T20,T20,20,2018,club,Sawai Mansingh Stadium,Rajasthan Royals,Rajasthan Royals,Royal Challengers Bengaluru,bat,Rajasthan Royals,30,,win,1449
1136614,2018,6,Rajiv Gandhi International Stadium,19-05-2018,Indian Premier League,54,male,T20,T20,20,2018,club,Rajiv Gandhi International Stadium,Kolkata Knight Riders,Kolkata Knight Riders,Punjab Kings,bat,Punjab Kings,,5,win,57
1136615,2018,6,Arun Jaitley Stadium,20-05-2018,Indian Premier League,55,male,T20,T20,20,2018,club,Arun Jaitley Stadium,Delhi Capitals,Delhi Capitals,Chennai Super Kings,bat,Delhi Capitals,11,,win,185
1136616,2018,6,Maharashtra Cricket Association Stadium,20-05-2018,Indian Premier League,56,male,T20,T20,20,2018,club,Maharashtra Cricket Association Stadium,Chennai Super Kings,Punjab Kings,Chennai Super Kings,field,Chennai Super Kings,,5,win,2024
1136617,2018,6,Wankhede Stadium,22-05-2018,Indian Premier League,,male,T20,T20,20,2018,club,Wankhede Stadium,Chennai Super Kings,Kolkata Knight Riders,Chennai Super Kings,field,Chennai Super Kings,,2,win,267
1136618,2018,6,Eden Gardens,23-05-2018,Indian Premier League,,male,T20,T20,20,2018,club,Eden Gardens,Rajasthan Royals,Punjab Kings,Rajasthan Royals,field,Punjab Kings,25,,win,1437
1136619,2018,6,Eden Gardens,25-05-2018,Indian Premier League,,male,T20,T20,20,2018,club,Eden Gardens,Punjab Kings,Kolkata Knight Riders,Punjab Kings,field,Kolkata Knight Riders,14,,win,22
1136620,2018,6,Wankhede Stadium,27-05-2018,Indian Premier League,,male,T20,T20,20,2018,club,Wankhede Stadium,Chennai Super Kings,Kolkata Knight Riders,Chennai Super Kings,field,Chennai Super Kings,,8,win,5
1175356,2019,6,MA Chidambaram Stadium,23-03-2019,Indian Premier League,1,male,T20,T20,20,2019,club,MA Chidambaram Stadium,Chennai Super Kings,Royal Challengers Bengaluru,Chennai Super Kings,field,Chennai Super Kings,,7,win,228
1175357,2019,6,Eden Gardens,24-03-2019,Indian Premier League,2,male,T20,T20,20,2019,club,Eden Gardens,Punjab Kings,Kolkata Knight Riders,Punjab Kings,field,Punjab Kings,,6,win,1437
1175358,2019,6,Wankhede Stadium,24-03-2019,Indian Premier League,3,male,T20,T20,20,2019,club,Wankhede Stadium,Chennai Super Kings,Delhi Capitals,Chennai Super Kings,field,Delhi Capitals,37,,win,181
1175359,2019,6,Sawai Mansingh Stadium,25-03-2019,Indian Premier League,4,male,T20,T20,20,2019,club,Sawai Mansingh Stadium,Rajasthan Royals,Punjab Kings,Rajasthan Royals,field,Punjab Kings,14,,win,1
1175360,2019,6,Arun Jaitley Stadium,26-03-2019,Indian Premier League,5,male,T20,T20,20,2019,club,Arun Jaitley Stadium,Delhi Capitals,Delhi Capitals,Chennai Super Kings,bat,Chennai Super Kings,,6,win,5
1175361,2019,6,Eden Gardens,27-03-2019,Indian Premier League,6,male,T20,T20,20,2019,club,Eden Gardens,Punjab Kings,Punjab Kings,Punjab Kings,field,Punjab Kings,28,,win,1437
1175362,2019,6,M.Chinnaswamy Stadium,28-03-2019,Indian Premier League,7,male,T20,T20,20,2019,club,M. Chinnaswamy Stadium,Royal Challengers Bengaluru,Chennai Super Kings,Royal Challengers Bengaluru,field,Chennai Super Kings,6,,win,33
1175363,2019,6,Rajiv Gandhi International Stadium,29-03-2019,Indian Premier League,8,male,T20,T20,20,2019,club,Rajiv Gandhi International Stadium,Rajasthan Royals,Rajasthan Royals,Kolkata Knight Riders,bat,Kolkata Knight Riders,,5,win,22
1175364,2019,6,Punjab Cricket Association IS Bindra Stadium,30-03-2019,Indian Premier League,9,male,T20,T20,20,2019,club,"Punjab Cricket Association Stadium, Mohali",Punjab Kings,Chennai Super Kings,Punjab Kings,field,Punjab Kings,,8,win,35
1175365,2019,6,Arun Jaitley Stadium,30-03-2019,Indian Premier League,10,male,T20,T20,20,2019,club,Arun Jaitley Stadium,Delhi Capitals,Punjab Kings,Delhi Capitals,field,Delhi Capitals,,,tie,1849
1175366,2019,6,Rajiv Gandhi International Stadium,31-03-2019,Indian Premier League,11,male,T20,T20,20,2019,club,Rajiv Gandhi International Stadium,Royal Challengers Bengaluru,Kolkata Knight Riders,Royal Challengers Bengaluru,field,Kolkata Knight Riders,118,,win,2719
1175367,2019,6,MA Chidambaram Stadium,31-03-2019,Indian Premier League,12,male,T20,T20,20,2019,club,MA Chidambaram Stadium,Rajasthan Royals,Chennai Super Kings,Rajasthan Royals,field,Chennai Super Kings,8,,win,38
1175368,2019,6,Punjab Cricket Association IS Bindra Stadium,01-04-2019,Indian Premier League,13,male,T20,T20,20,2019,club,"Punjab Cricket Association Stadium, Mohali",Delhi Capitals,Punjab Kings,Delhi Capitals,field,Punjab Kings,14,,win,2768
1175369,2019,6,Sawai Mansingh Stadium,02-04-2019,Indian Premier League,14,male,T20,T20,20,2019,club,Sawai Mansingh Stadium,Rajasthan Royals,Royal Challengers Bengaluru,Rajasthan Royals,field,Rajasthan Royals,,7,win,1449
1175370,2019,6,Wankhede Stadium,03-04-2019,Indian Premier League,15,male,T20,T20,20,2019,club,Wankhede Stadium,Chennai Super Kings,Chennai Super Kings,Chennai Super Kings,field,Chennai Super Kings,37,,win,30
1175371,2019,6,Arun Jaitley Stadium,04-04-2019,Indian Premier League,16,male,T20,T20,20,2019,club,Arun Jaitley Stadium,Kolkata Knight Riders,Delhi Capitals,Kolkata Knight Riders,field,Kolkata Knight Riders,,5,win,2719
1175372,2019,6,M.Chinnaswamy Stadium,05-04-2019,Indian Premier League,17,male,T20,T20,20,2019,club,M. Chinnaswamy Stadium,Punjab Kings,Royal Challengers Bengaluru,Punjab Kings,field,Punjab Kings,,5,win,1437
1178393,2019,6,MA Chidambaram Stadium,06-04-2019,Indian Premier League,18,male,T20,T20,20,2019,club,MA Chidambaram Stadium,Chennai Super Kings,Chennai Super Kings,Punjab Kings,bat,Chennai Super Kings,22,,win,228
1178394,2019,6,Rajiv Gandhi International Stadium,06-04-2019,Indian Premier League,19,male,T20,T20,20,2019,club,Rajiv Gandhi International Stadium,Kolkata Knight Riders,Chennai Super Kings,Kolkata Knight Riders,field,Chennai Super Kings,40,,win,3100
1178395,2019,6,M.Chinnaswamy Stadium,07-04-2019,Indian Premier League,20,male,T20,T20,20,2019,club,M. Chinnaswamy Stadium,Delhi Capitals,Royal Challengers Bengaluru,Delhi Capitals,field,Delhi Capitals,,4,win,590
1178396,2019,6,Sawai Mansingh Stadium,07-04-2019,Indian Premier League,21,male,T20,T20,20,2019,club,Sawai Mansingh Stadium,Punjab Kings,Rajasthan Royals,Punjab Kings,field,Punjab Kings,,8,win,3156
1178397,2019,6,Punjab Cricket Association IS Bindra Stadium,08-04-2019,Indian Premier League,22,male,T20,T20,20,2019,club,"Punjab Cricket Association Stadium, Mohali",Punjab Kings,Kolkata Knight Riders,Punjab Kings,field,Punjab Kings,,6,win,1409
1178398,2019,6,MA Chidambaram Stadium,09-04-2019,Indian Premier League,23,male,T20,T20,20,2019,club,MA Chidambaram Stadium,Chennai Super Kings,Punjab Kings,Chennai Super Kings,field,Chennai Super Kings,,7,win,41
1178399,2019,6,Wankhede Stadium,10-04-2019,Indian Premier League,24,male,T20,T20,20,2019,club,Wankhede Stadium,Chennai Super Kings,Punjab Kings,Chennai Super Kings,field,Chennai Super Kings,,3,win,29
1178400,2019,6,Sawai Mansingh Stadium,11-04-2019,Indian Premier League,25,male,T20,T20,20,2019,club,Sawai Mansingh Stadium,Chennai Super Kings,Rajasthan Royals,Chennai Super Kings,field,Chennai Super Kings,,4,win,38
1178401,2019,6,Eden Gardens,12-04-2019,Indian Premier League,26,male,T20,T20,20,2019,club,Eden Gardens,Delhi Capitals,Punjab Kings,Delhi Capitals,field,Delhi Capitals,,7,win,13
1178402,2019,6,Wankhede Stadium,13-04-2019,Indian Premier League,27,male,T20,T20,20,2019,club,Wankhede Stadium,Rajasthan Royals,Chennai Super Kings,Rajasthan Royals,field,Rajasthan Royals,,4,win,24
1178403,2019,6,Punjab Cricket Association IS Bindra Stadium,13-04-2019,Indian Premier League,28,male,T20,T20,20,2019,club,"Punjab Cricket Association Stadium, Mohali",Royal Challengers Bengaluru,Punjab Kings,Royal Challengers Bengaluru,field,Royal Challengers Bengaluru,,8,win,245
1178404,2019,6,Eden Gardens,14-04-2019,Indian Premier League,29,male,T20,T20,20,2019,club,Eden Gardens,Chennai Super Kings,Punjab Kings,Chennai Super Kings,field,Chennai Super Kings,,5,win,44
1178405,2019,6,Rajiv Gandhi International Stadium,14-04-2019,Indian Premier League,30,male,T20,T20,20,2019,club,Rajiv Gandhi International Stadium,Kolkata Knight Riders,Delhi Capitals,Kolkata Knight Riders,field,Delhi Capitals,39,,win,2745
1178406,2019,6,Wankhede Stadium,15-04-2019,Indian Premier League,31,male,T20,T20,20,2019,club,Wankhede Stadium,Chennai Super Kings,Royal Challengers Bengaluru,Chennai Super Kings,field,Chennai Super Kings,,5,win,230
1178407,2019,6,Punjab Cricket Association IS Bindra Stadium,16-04-2019,Indian Premier League,32,male,T20,T20,20,2019,club,"Punjab Cricket Association Stadium, Mohali",Rajasthan Royals,Punjab Kings,Rajasthan Royals,field,Punjab Kings,12,,win,1416
1178408,2019,6,Rajiv Gandhi International Stadium,17-04-2019,Indian Premier League,33,male,T20,T20,20,2019,club,Rajiv Gandhi International Stadium,Chennai Super Kings,Chennai Super Kings,Kolkata Knight Riders,bat,Kolkata Knight Riders,,6,win,12
1178409,2019,6,Arun Jaitley Stadium,18-04-2019,Indian Premier League,34,male,T20,T20,20,2019,club,Arun Jaitley Stadium,Chennai Super Kings,Chennai Super Kings,Delhi Capitals,bat,Chennai Super Kings,40,,win,30
1178410,2019,6,Eden Gardens,19-04-2019,Indian Premier League,35,male,T20,T20,20,2019,club,Eden Gardens,Punjab Kings,Royal Challengers Bengaluru,Punjab Kings,field,Royal Challengers Bengaluru,10,,win,332
1178411,2019,6,Sawai Mansingh Stadium,20-04-2019,Indian Premier League,36,male,T20,T20,20,2019,club,Sawai Mansingh Stadium,Rajasthan Royals,Chennai Super Kings,Rajasthan Royals,field,Rajasthan Royals,,5,win,36
1178412,2019,6,Arun Jaitley Stadium,20-04-2019,Indian Premier League,37,male,T20,T20,20,2019,club,Arun Jaitley Stadium,Delhi Capitals,Punjab Kings,Delhi Capitals,field,Delhi Capitals,,5,win,389
1178413,2019,6,Rajiv Gandhi International Stadium,21-04-2019,Indian Premier League,38,male,T20,T20,20,2019,club,Rajiv Gandhi International Stadium,Kolkata Knight Riders,Punjab Kings,Kolkata Knight Riders,field,Kolkata Knight Riders,,9,win,2662
1178414,2019,6,M.Chinnaswamy Stadium,21-04-2019,Indian Premier League,39,male,T20,T20,20,2019,club,M. Chinnaswamy Stadium,Chennai Super Kings,Royal Challengers Bengaluru,Chennai Super Kings,field,Royal Challengers Bengaluru,1,,win,23
1178415,2019,6,Sawai Mansingh Stadium,22-04-2019,Indian Premier League,40,male,T20,T20,20,2019,club,Sawai Mansingh Stadium,Delhi Capitals,Rajasthan Royals,Delhi Capitals,field,Delhi Capitals,,6,win,181
1178416,2019,6,MA Chidambaram Stadium,23-04-2019,Indian Premier League,41,male,T20,T20,20,2019,club,MA Chidambaram Stadium,Chennai Super Kings,Kolkata Knight Riders,Chennai Super Kings,field,Chennai Super Kings,,6,win,5
1178417,2019,6,M.Chinnaswamy Stadium,24-04-2019,Indian Premier League,42,male,T20,T20,20,2019,club,M. Chinnaswamy Stadium,Punjab Kings,Royal Challengers Bengaluru,Punjab Kings,field,Royal Challengers Bengaluru,17,,win,245
1178418,2019,6,Eden Gardens,25-04-2019,Indian Premier League,43,male,T20,T20,20,2019,club,Eden Gardens,Rajasthan Royals,Punjab Kings,Rajasthan Royals,field,Rajasthan Royals,,3,win,241
1178419,2019,6,MA Chidambaram Stadium,26-04-2019,Indian Premier League,44,male,T20,T20,20,2019,club,MA Chidambaram Stadium,Chennai Super Kings,Chennai Super Kings,Chennai Super Kings,field,Chennai Super Kings,46,,win,25
1178420,2019,6,Sawai Mansingh Stadium,27-04-2019,Indian Premier League,45,male,T20,T20,20,2019,club,Sawai Mansingh Stadium,Rajasthan Royals,Kolkata Knight Riders,Rajasthan Royals,field,Rajasthan Royals,,7,win,438
1178421,2019,6,Arun Jaitley Stadium,28-04-2019,Indian Premier League,46,male,T20,T20,20,2019,club,Arun Jaitley Stadium,Delhi Capitals,Delhi Capitals,Royal Challengers Bengaluru,bat,Delhi Capitals,16,,win,13
1178422,2019,6,Eden Gardens,28-04-2019,Indian Premier League,47,male,T20,T20,20,2019,club,Eden Gardens,Chennai Super Kings,Punjab Kings,Chennai Super Kings,field,Punjab Kings,34,,win,1437
1178423,2019,6,Rajiv Gandhi International Stadium,29-04-2019,Indian Premier League,48,male,T20,T20,20,2019,club,Rajiv Gandhi International Stadium,Punjab Kings,Kolkata Knight Riders,Punjab Kings,field,Kolkata Knight Riders,45,,win,12
1178424,2019,6,M.Chinnaswamy Stadium,30-04-2019,Indian Premier League,49,male,T20,T20,20,2019,club,M. Chinnaswamy Stadium,Rajasthan Royals,Royal Challengers Bengaluru,Rajasthan Royals,field,Rajasthan Royals,,,no result,
1178425,2019,6,MA Chidambaram Stadium,01-05-2019,Indian Premier League,50,male,T20,T20,20,2019,club,MA Chidambaram Stadium,Delhi Capitals,Chennai Super Kings,Delhi Capitals,field,Chennai Super Kings,80,,win,38
1178426,2019,6,Wankhede Stadium,02-05-2019,Indian Premier League,51,male,T20,T20,20,2019,club,Wankhede Stadium,Chennai Super Kings,Chennai Super Kings,Kolkata Knight Riders,bat,Kolkata Knight Riders,,,tie,33
1178427,2019,6,Punjab Cricket Association IS Bindra Stadium,03-05-2019,Indian Premier League,52,male,T20,T20,20,2019,club,"Punjab Cricket Association Stadium, Mohali",Punjab Kings,Punjab Kings,Punjab Kings,field,Punjab Kings,,7,win,1580
1178428,2019,6,Arun Jaitley Stadium,04-05-2019,Indian Premier League,53,male,T20,T20,20,2019,club,Arun Jaitley Stadium,Rajasthan Royals,Rajasthan Royals,Delhi Capitals,bat,Delhi Capitals,,5,win,185
1178429,2019,6,M.Chinnaswamy Stadium,04-05-2019,Indian Premier League,54,male,T20,T20,20,2019,club,M. Chinnaswamy Stadium,Royal Challengers Bengaluru,Kolkata Knight Riders,Royal Challengers Bengaluru,field,Royal Challengers Bengaluru,,4,win,2700
1178430,2019,6,Punjab Cricket Association IS Bindra Stadium,05-05-2019,Indian Premier League,55,male,T20,T20,20,2019,club,"Punjab Cricket Association Stadium, Mohali",Punjab Kings,Chennai Super Kings,Punjab Kings,field,Punjab Kings,,6,win,1409
1178431,2019,6,Wankhede Stadium,05-05-2019,Indian Premier League,56,male,T20,T20,20,2019,club,Wankhede Stadium,Chennai Super Kings,Punjab Kings,Chennai Super Kings,field,Chennai Super Kings,,9,win,30
1181764,2019,6,MA Chidambaram Stadium,07-05-2019,Indian Premier League,,male,T20,T20,20,2019,club,MA Chidambaram Stadium,Chennai Super Kings,Chennai Super Kings,Chennai Super Kings,bat,Chennai Super Kings,,6,win,61
1181766,2019,6,Dr. Y.S. Rajasekhara Reddy ACA-VDCA Cricket Stadium,08-05-2019,Indian Premier League,,male,T20,T20,20,2019,club,Dr. Y.S. Rajasekhara Reddy ACA-VDCA Cricket Stadium,Delhi Capitals,Kolkata Knight Riders,Delhi Capitals,field,Delhi Capitals,,2,win,181
1181767,2019,6,Dr. Y.S. Rajasekhara Reddy ACA-VDCA Cricket Stadium,10-05-2019,Indian Premier League,,male,T20,T20,20,2019,club,Dr. Y.S. Rajasekhara Reddy ACA-VDCA Cricket Stadium,Chennai Super Kings,Delhi Capitals,Chennai Super Kings,field,Chennai Super Kings,,6,win,267
1181768,2019,6,Rajiv Gandhi International Stadium,12-05-2019,Indian Premier League,,male,T20,T20,20,2019,club,Rajiv Gandhi International Stadium,Chennai Super Kings,Chennai Super Kings,Chennai Super Kings,bat,Chennai Super Kings,1,,win,33
1216492,2020,6,Sheikh Zayed Stadium,19-09-2020,Indian Premier League,1,male,T20,T20,20,2020/21,club,Sheikh Zayed Stadium,Chennai Super Kings,Chennai Super Kings,Chennai Super Kings,field,Chennai Super Kings,,5,win,27
1216493,2020,6,Dubai International Cricket Stadium,20-09-2020,Indian Premier League,2,male,T20,T20,20,2020/21,club,Dubai International Cricket Stadium,Punjab Kings,Delhi Capitals,Punjab Kings,field,Punjab Kings,,,tie,73
1216494,2020,6,Sheikh Zayed Stadium,21-10-2020,Indian Premier League,39,male,T20,T20,20,2020/21,club,Sheikh Zayed Stadium,Punjab Kings,Punjab Kings,Royal Challengers Bengaluru,bat,Royal Challengers Bengaluru,,8,win,538
1216495,2020,6,Sharjah Cricket Stadium,03-11-2020,Indian Premier League,56,male,T20,T20,20,2020/21,club,Sharjah Cricket Stadium,Kolkata Knight Riders,Chennai Super Kings,Kolkata Knight Riders,field,Kolkata Knight Riders,,10,win,186
1216496,2020,6,Sharjah Cricket Stadium,22-09-2020,Indian Premier League,4,male,T20,T20,20,2020/21,club,Sharjah Cricket Stadium,Chennai Super Kings,Rajasthan Royals,Chennai Super Kings,field,Rajasthan Royals,16,,win,180
1216497,2020,6,Sheikh Zayed Stadium,24-10-2020,Indian Premier League,42,male,T20,T20,20,2020/21,club,Sheikh Zayed Stadium,Delhi Capitals,Punjab Kings,Delhi Capitals,field,Punjab Kings,59,,win,2825
1216498,2020,6,Dubai International Cricket Stadium,24-10-2020,Indian Premier League,43,male,T20,T20,20,2020/21,club,Dubai International Cricket Stadium,Kolkata Knight Riders,Punjab Kings,Kolkata Knight Riders,field,Punjab Kings,12,,win,1327
1216499,2020,6,Sheikh Zayed Stadium,28-10-2020,Indian Premier League,48,male,T20,T20,20,2020/21,club,Sheikh Zayed Stadium,Chennai Super Kings,Royal Challengers Bengaluru,Chennai Super Kings,field,Chennai Super Kings,,5,win,61
1216500,2020,6,Sharjah Cricket Stadium,09-10-2020,Indian Premier League,23,male,T20,T20,20,2020/21,club,Sharjah Cricket Stadium,Rajasthan Royals,Delhi Capitals,Rajasthan Royals,field,Delhi Capitals,46,,win,1416
1216501,2020,6,Sheikh Zayed Stadium,07-10-2020,Indian Premier League,21,male,T20,T20,20,2020/21,club,Sheikh Zayed Stadium,Punjab Kings,Punjab Kings,Chennai Super Kings,bat,Punjab Kings,10,,win,268
1216502,2020,6,Sharjah Cricket Stadium,31-10-2020,Indian Premier League,52,male,T20,T20,20,2020/21,club,Sharjah Cricket Stadium,Kolkata Knight Riders,Royal Challengers Bengaluru,Kolkata Knight Riders,field,Kolkata Knight Riders,,5,win,76
1216503,2020,6,Sheikh Zayed Stadium,01-10-2020,Indian Premier League,13,male,T20,T20,20,2020/21,club,Sheikh Zayed Stadium,Punjab Kings,Chennai Super Kings,Punjab Kings,field,Chennai Super Kings,48,,win,29
1216504,2020,6,Dubai International Cricket Stadium,30-09-2020,Indian Premier League,12,male,T20,T20,20,2020/21,club,Dubai International Cricket Stadium,Rajasthan Royals,Punjab Kings,Rajasthan Royals,field,Punjab Kings,37,,win,1581
1216505,2020,6,Sheikh Zayed Stadium,02-11-2020,Indian Premier League,55,male,T20,T20,20,2020/21,club,Sheikh Zayed Stadium,Delhi Capitals,Royal Challengers Bengaluru,Delhi Capitals,field,Delhi Capitals,,6,win,4047
1216506,2020,6,Sheikh Zayed Stadium,01-11-2020,Indian Premier League,53,male,T20,T20,20,2020/21,club,Sheikh Zayed Stadium,Chennai Super Kings,Punjab Kings,Chennai Super Kings,field,Chennai Super Kings,,9,win,4119
1216507,2020,6,Dubai International Cricket Stadium,11-10-2020,Indian Premier League,26,male,T20,T20,20,2020/21,club,Dubai International Cricket Stadium,Kolkata Knight Riders,Kolkata Knight Riders,Rajasthan Royals,bat,Rajasthan Royals,,5,win,1119
1216508,2020,6,Sheikh Zayed Stadium,23-09-2020,Indian Premier League,5,male,T20,T20,20,2020/21,club,Sheikh Zayed Stadium,Punjab Kings,Chennai Super Kings,Punjab Kings,field,Chennai Super Kings,49,,win,25
1216509,2020,6,Sharjah Cricket Stadium,17-10-2020,Indian Premier League,34,male,T20,T20,20,2020/21,club,Sharjah Cricket Stadium,Chennai Super Kings,Chennai Super Kings,Delhi Capitals,bat,Delhi Capitals,,5,win,13
1216510,2020,6,Dubai International Cricket Stadium,24-09-2020,Indian Premier League,6,male,T20,T20,20,2020/21,club,Dubai International Cricket Stadium,Royal Challengers Bengaluru,Punjab Kings,Royal Challengers Bengaluru,field,Punjab Kings,97,,win,1409
1216511,2020,6,Sheikh Zayed Stadium,06-10-2020,Indian Premier League,20,male,T20,T20,20,2020/21,club,Sheikh Zayed Stadium,Chennai Super Kings,Chennai Super Kings,Rajasthan Royals,bat,Chennai Super Kings,57,,win,61
1216512,2020,6,Sheikh Zayed Stadium,18-10-2020,Indian Premier League,35,male,T20,T20,20,2020/21,club,Sheikh Zayed Stadium,Kolkata Knight Riders,Punjab Kings,Kolkata Knight Riders,field,Kolkata Knight Riders,,,tie,361
1216513,2020,6,Dubai International Cricket Stadium,04-10-2020,Indian Premier League,18,male,T20,T20,20,2020/21,club,Dubai International Cricket Stadium,Punjab Kings,Punjab Kings,Chennai Super Kings,bat,Chennai Super Kings,,10,win,5
1216514,2020,6,Sheikh Zayed Stadium,03-10-2020,Indian Premier League,15,male,T20,T20,20,2020/21,club,Sheikh Zayed Stadium,Rajasthan Royals,Rajasthan Royals,Royal Challengers Bengaluru,bat,Royal Challengers Bengaluru,,8,win,10
1216515,2020,6,Sharjah Cricket Stadium,03-10-2020,Indian Premier League,16,male,T20,T20,20,2020/21,club,Sharjah Cricket Stadium,Punjab Kings,Delhi Capitals,Punjab Kings,field,Delhi Capitals,18,,win,389
1216516,2020,6,Dubai International Cricket Stadium,02-10-2020,Indian Premier League,14,male,T20,T20,20,2020/21,club,Dubai International Cricket Stadium,Kolkata Knight Riders,Kolkata Knight Riders,Chennai Super Kings,bat,Kolkata Knight Riders,7,,win,4097
1216517,2020,6,Dubai International Cricket Stadium,18-10-2020,Indian Premier League,36,male,T20,T20,20,2020/21,club,Dubai International Cricket Stadium,Chennai Super Kings,Chennai Super Kings,Punjab Kings,bat,Punjab Kings,,,tie,1409
1216518,2020,6,Dubai International Cricket Stadium,22-10-2020,Indian Premier League,40,male,T20,T20,20,2020/21,club,Dubai International Cricket Stadium,Kolkata Knight Riders,Rajasthan Royals,Kolkata Knight Riders,field,Kolkata Knight Riders,,8,win,59
1216519,2020,6,Dubai International Cricket Stadium,05-10-2020,Indian Premier League,19,male,T20,T20,20,2020/21,club,Dubai International Cricket Stadium,Royal Challengers Bengaluru,Delhi Capitals,Royal Challengers Bengaluru,field,Delhi Capitals,59,,win,70
1216520,2020,6,Sharjah Cricket Stadium,26-10-2020,Indian Premier League,46,male,T20,T20,20,2020/21,club,Sharjah Cricket Stadium,Punjab Kings,Punjab Kings,Punjab Kings,field,Punjab Kings,,8,win,1
1216521,2020,6,Sharjah Cricket Stadium,23-10-2020,Indian Premier League,41,male,T20,T20,20,2020/21,club,Sharjah Cricket Stadium,Chennai Super Kings,Chennai Super Kings,Chennai Super Kings,field,Chennai Super Kings,,10,win,66
1216522,2020,6,Dubai International Cricket Stadium,17-10-2020,Indian Premier League,33,male,T20,T20,20,2020/21,club,Dubai International Cricket Stadium,Rajasthan Royals,Rajasthan Royals,Royal Challengers Bengaluru,bat,Royal Challengers Bengaluru,,7,win,245
1216523,2020,6,Sheikh Zayed Stadium,10-10-2020,Indian Premier League,24,male,T20,T20,20,2020/21,club,Sheikh Zayed Stadium,Punjab Kings,Punjab Kings,Punjab Kings,bat,Punjab Kings,2,,win,49
1216524,2020,6,Dubai International Cricket Stadium,27-10-2020,Indian Premier League,47,male,T20,T20,20,2020/21,club,Dubai International Cricket Stadium,Delhi Capitals,Kolkata Knight Riders,Delhi Capitals,field,Kolkata Knight Riders,88,,win,69
1216525,2020,6,Dubai International Cricket Stadium,10-10-2020,Indian Premier League,25,male,T20,T20,20,2020/21,club,Dubai International Cricket Stadium,Royal Challengers Bengaluru,Royal Challengers Bengaluru,Chennai Super Kings,bat,Royal Challengers Bengaluru,37,,win,332
1216526,2020,6,Sheikh Zayed Stadium,16-10-2020,Indian Premier League,32,male,T20,T20,20,2020/21,club,Sheikh Zayed Stadium,Punjab Kings,Punjab Kings,Chennai Super Kings,bat,Chennai Super Kings,,8,win,1421
1216527,2020,6,Sharjah Cricket Stadium,27-09-2020,Indian Premier League,9,male,T20,T20,20,2020/21,club,Sharjah Cricket Stadium,Rajasthan Royals,Punjab Kings,Rajasthan Royals,field,Rajasthan Royals,,4,win,180
1216528,2020,6,Dubai International Cricket Stadium,13-10-2020,Indian Premier League,29,male,T20,T20,20,2020/21,club,Dubai International Cricket Stadium,Chennai Super Kings,Chennai Super Kings,Kolkata Knight Riders,bat,Chennai Super Kings,20,,win,348
1216529,2020,6,Sheikh Zayed Stadium,11-10-2020,Indian Premier League,27,male,T20,T20,20,2020/21,club,Sheikh Zayed Stadium,Delhi Capitals,Delhi Capitals,Chennai Super Kings,bat,Chennai Super Kings,,5,win,1421
1216530,2020,6,Dubai International Cricket Stadium,01-11-2020,Indian Premier League,54,male,T20,T20,20,2020/21,club,Dubai International Cricket Stadium,Rajasthan Royals,Punjab Kings,Rajasthan Royals,field,Punjab Kings,60,,win,184
1216531,2020,6,Sharjah Cricket Stadium,15-10-2020,Indian Premier League,31,male,T20,T20,20,2020/21,club,Sharjah Cricket Stadium,Royal Challengers Bengaluru,Royal Challengers Bengaluru,Punjab Kings,bat,Punjab Kings,,8,win,1409
1216532,2020,6,Sheikh Zayed Stadium,29-09-2020,Indian Premier League,11,male,T20,T20,20,2020/21,club,Sheikh Zayed Stadium,Delhi Capitals,Kolkata Knight Riders,Delhi Capitals,field,Kolkata Knight Riders,15,,win,22
1216533,2020,6,Sheikh Zayed Stadium,19-10-2020,Indian Premier League,37,male,T20,T20,20,2020/21,club,Sheikh Zayed Stadium,Chennai Super Kings,Chennai Super Kings,Rajasthan Royals,bat,Rajasthan Royals,,7,win,24
1216534,2020,6,Dubai International Cricket Stadium,21-09-2020,Indian Premier League,3,male,T20,T20,20,2020/21,club,Dubai International Cricket Stadium,Kolkata Knight Riders,Royal Challengers Bengaluru,Kolkata Knight Riders,field,Royal Challengers Bengaluru,10,,win,10
1216535,2020,6,Dubai International Cricket Stadium,31-10-2020,Indian Premier League,51,male,T20,T20,20,2020/21,club,Dubai International Cricket Stadium,Chennai Super Kings,Delhi Capitals,Chennai Super Kings,field,Chennai Super Kings,,9,win,347
1216536,2020,6,Dubai International Cricket Stadium,29-10-2020,Indian Premier League,49,male,T20,T20,20,2020/21,club,Dubai International Cricket Stadium,Chennai Super Kings,Punjab Kings,Chennai Super Kings,field,Chennai Super Kings,,6,win,4119
1216537,2020,6,Sheikh Zayed Stadium,30-10-2020,Indian Premier League,50,male,T20,T20,20,2020/21,club,Sheikh Zayed Stadium,Rajasthan Royals,Punjab Kings,Rajasthan Royals,field,Rajasthan Royals,,7,win,37
1216538,2020,6,Sharjah Cricket Stadium,04-10-2020,Indian Premier League,17,male,T20,T20,20,2020/21,club,Sharjah Cricket Stadium,Chennai Super Kings,Chennai Super Kings,Kolkata Knight Riders,bat,Chennai Super Kings,34,,win,66
1216539,2020,6,Dubai International Cricket Stadium,25-09-2020,Indian Premier League,7,male,T20,T20,20,2020/21,club,Dubai International Cricket Stadium,Chennai Super Kings,Delhi Capitals,Chennai Super Kings,field,Delhi Capitals,44,,win,1849
1216540,2020,6,Sharjah Cricket Stadium,12-10-2020,Indian Premier League,28,male,T20,T20,20,2020/21,club,Sharjah Cricket Stadium,Royal Challengers Bengaluru,Royal Challengers Bengaluru,Punjab Kings,bat,Royal Challengers Bengaluru,82,,win,245
1216541,2020,6,Sheikh Zayed Stadium,25-10-2020,Indian Premier League,45,male,T20,T20,20,2020/21,club,Sheikh Zayed Stadium,Chennai Super Kings,Chennai Super Kings,Rajasthan Royals,bat,Rajasthan Royals,,8,win,37
1216542,2020,6,Dubai International Cricket Stadium,08-10-2020,Indian Premier League,22,male,T20,T20,20,2020/21,club,Dubai International Cricket Stadium,Kolkata Knight Riders,Kolkata Knight Riders,Punjab Kings,bat,Kolkata Knight Riders,69,,win,2719
1216543,2020,6,Dubai International Cricket Stadium,14-10-2020,Indian Premier League,30,male,T20,T20,20,2020/21,club,Dubai International Cricket Stadium,Delhi Capitals,Delhi Capitals,Rajasthan Royals,bat,Delhi Capitals,13,,win,4047
1216544,2020,6,Dubai International Cricket Stadium,25-10-2020,Indian Premier League,44,male,T20,T20,20,2020/21,club,Dubai International Cricket Stadium,Royal Challengers Bengaluru,Royal Challengers Bengaluru,Chennai Super Kings,bat,Chennai Super Kings,,8,win,4119
1216545,2020,6,Sheikh Zayed Stadium,26-09-2020,Indian Premier League,8,male,T20,T20,20,2020/21,club,Sheikh Zayed Stadium,Kolkata Knight Riders,Kolkata Knight Riders,Punjab Kings,bat,Punjab Kings,,7,win,1580
1216546,2020,6,Dubai International Cricket Stadium,20-10-2020,Indian Premier League,38,male,T20,T20,20,2020/21,club,Dubai International Cricket Stadium,Delhi Capitals,Delhi Capitals,Punjab Kings,bat,Punjab Kings,,5,win,13
1216547,2020,6,Dubai International Cricket Stadium,28-09-2020,Indian Premier League,10,male,T20,T20,20,2020/21,club,Dubai International Cricket Stadium,Chennai Super Kings,Royal Challengers Bengaluru,Chennai Super Kings,field,Chennai Super Kings,,,tie,245
1237177,2020,6,Dubai International Cricket Stadium,05-11-2020,Indian Premier League,,male,T20,T20,20,2020/21,club,Dubai International Cricket Stadium,Delhi Capitals,Chennai Super Kings,Delhi Capitals,field,Chennai Super Kings,57,,win,33
1237178,2020,6,Sheikh Zayed Stadium,06-11-2020,Indian Premier League,,male,T20,T20,20,2020/21,club,Sheikh Zayed Stadium,Kolkata Knight Riders,Royal Challengers Bengaluru,Kolkata Knight Riders,field,Kolkata Knight Riders,,6,win,531
1237180,2020,6,Sheikh Zayed Stadium,08-11-2020,Indian Premier League,,male,T20,T20,20,2020/21,club,Sheikh Zayed Stadium,Delhi Capitals,Delhi Capitals,Kolkata Knight Riders,bat,Delhi Capitals,17,,win,73
1237181,2020,6,Dubai International Cricket Stadium,10-11-2020,Indian Premier League,,male,T20,T20,20,2020/21,club,Dubai International Cricket Stadium,Delhi Capitals,Delhi Capitals,Chennai Super Kings,bat,Chennai Super Kings,,5,win,66
1254058,2021,6,"MA Chidambaram Stadium, Chepauk, Chennai",09-04-2021,Indian Premier League,1,male,T20,T20,20,2021,club,MA Chidambaram Stadium,Royal Challengers Bengaluru,Chennai Super Kings,Royal Challengers Bengaluru,field,Royal Challengers Bengaluru,,2,win,1285
1254059,2021,6,"Wankhede Stadium, Mumbai",10-04-2021,Indian Premier League,2,male,T20,T20,20,2021,club,Wankhede Stadium,Delhi Capitals,Chennai Super Kings,Delhi Capitals,field,Delhi Capitals,,7,win,13
1254060,2021,6,"MA Chidambaram Stadium, Chepauk, Chennai",11-04-2021,Indian Premier League,3,male,T20,T20,20,2021,club,MA Chidambaram Stadium,Kolkata Knight Riders,Punjab Kings,Kolkata Knight Riders,field,Punjab Kings,10,,win,26
1254061,2021,6,"Wankhede Stadium, Mumbai",12-04-2021,Indian Premier League,4,male,T20,T20,20,2021,club,Wankhede Stadium,Rajasthan Royals,Punjab Kings,Rajasthan Royals,field,Punjab Kings,4,,win,180
1254062,2021,6,"MA Chidambaram Stadium, Chepauk, Chennai",13-04-2021,Indian Premier League,5,male,T20,T20,20,2021,club,MA Chidambaram Stadium,Punjab Kings,Chennai Super Kings,Punjab Kings,field,Chennai Super Kings,10,,win,163
1254063,2021,6,"MA Chidambaram Stadium, Chepauk, Chennai",14-04-2021,Indian Premier League,6,male,T20,T20,20,2021,club,MA Chidambaram Stadium,Kolkata Knight Riders,Royal Challengers Bengaluru,Kolkata Knight Riders,field,Royal Challengers Bengaluru,6,,win,71
1254064,2021,6,"Wankhede Stadium, Mumbai",15-04-2021,Indian Premier League,7,male,T20,T20,20,2021,club,Wankhede Stadium,Rajasthan Royals,Delhi Capitals,Rajasthan Royals,field,Rajasthan Royals,,3,win,438
1254065,2021,6,"Wankhede Stadium, Mumbai",16-04-2021,Indian Premier League,8,male,T20,T20,20,2021,club,Wankhede Stadium,Chennai Super Kings,Punjab Kings,Chennai Super Kings,field,Chennai Super Kings,,6,win,41
1254066,2021,6,"MA Chidambaram Stadium, Chepauk, Chennai",17-04-2021,Indian Premier League,9,male,T20,T20,20,2021,club,MA Chidambaram Stadium,Chennai Super Kings,Chennai Super Kings,Kolkata Knight Riders,bat,Chennai Super Kings,13,,win,29
1254067,2021,6,"MA Chidambaram Stadium, Chepauk, Chennai",18-04-2021,Indian Premier League,10,male,T20,T20,20,2021,club,MA Chidambaram Stadium,Royal Challengers Bengaluru,Royal Challengers Bengaluru,Punjab Kings,bat,Royal Challengers Bengaluru,38,,win,245
1254068,2021,6,"Wankhede Stadium, Mumbai",18-04-2021,Indian Premier League,11,male,T20,T20,20,2021,club,Wankhede Stadium,Delhi Capitals,Punjab Kings,Delhi Capitals,field,Delhi Capitals,,6,win,13
1254069,2021,6,"Wankhede Stadium, Mumbai",19-04-2021,Indian Premier League,12,male,T20,T20,20,2021,club,Wankhede Stadium,Rajasthan Royals,Chennai Super Kings,Rajasthan Royals,field,Chennai Super Kings,45,,win,2227
1254070,2021,6,"MA Chidambaram Stadium, Chepauk, Chennai",20-04-2021,Indian Premier League,13,male,T20,T20,20,2021,club,MA Chidambaram Stadium,Chennai Super Kings,Chennai Super Kings,Delhi Capitals,bat,Delhi Capitals,,6,win,185
1254071,2021,6,"MA Chidambaram Stadium, Chepauk, Chennai",21-04-2021,Indian Premier League,14,male,T20,T20,20,2021,club,MA Chidambaram Stadium,Punjab Kings,Punjab Kings,Kolkata Knight Riders,bat,Kolkata Knight Riders,,9,win,2719
1254072,2021,6,"Wankhede Stadium, Mumbai",21-04-2021,Indian Premier League,15,male,T20,T20,20,2021,club,Wankhede Stadium,Punjab Kings,Chennai Super Kings,Punjab Kings,field,Chennai Super Kings,18,,win,267
1254073,2021,6,"Wankhede Stadium, Mumbai",22-04-2021,Indian Premier League,16,male,T20,T20,20,2021,club,Wankhede Stadium,Royal Challengers Bengaluru,Rajasthan Royals,Royal Challengers Bengaluru,field,Royal Challengers Bengaluru,,10,win,4071
1254074,2021,6,"MA Chidambaram Stadium, Chepauk, Chennai",23-04-2021,Indian Premier League,17,male,T20,T20,20,2021,club,MA Chidambaram Stadium,Punjab Kings,Chennai Super Kings,Punjab Kings,field,Punjab Kings,,9,win,1409
1254075,2021,6,"Wankhede Stadium, Mumbai",24-04-2021,Indian Premier League,18,male,T20,T20,20,2021,club,Wankhede Stadium,Rajasthan Royals,Punjab Kings,Rajasthan Royals,field,Rajasthan Royals,,6,win,182
1254076,2021,6,"Wankhede Stadium, Mumbai",25-04-2021,Indian Premier League,19,male,T20,T20,20,2021,club,Wankhede Stadium,Chennai Super Kings,Chennai Super Kings,Royal Challengers Bengaluru,bat,Chennai Super Kings,69,,win,348
1254077,2021,6,"MA Chidambaram Stadium, Chepauk, Chennai",25-04-2021,Indian Premier League,20,male,T20,T20,20,2021,club,MA Chidambaram Stadium,Delhi Capitals,Delhi Capitals,Kolkata Knight Riders,bat,Kolkata Knight Riders,,,tie,1849
1254078,2021,6,"Narendra Modi Stadium, Ahmedabad",26-04-2021,Indian Premier League,21,male,T20,T20,20,2021,club,"Narendra Modi Stadium, Ahmedabad",Punjab Kings,Punjab Kings,Punjab Kings,field,Punjab Kings,,5,win,400
1254079,2021,6,"Narendra Modi Stadium, Ahmedabad",27-04-2021,Indian Premier League,22,male,T20,T20,20,2021,club,"Narendra Modi Stadium, Ahmedabad",Delhi Capitals,Royal Challengers Bengaluru,Delhi Capitals,field,Royal Challengers Bengaluru,1,,win,245
1254080,2021,6,"Arun Jaitley Stadium, Delhi",28-04-2021,Indian Premier League,23,male,T20,T20,20,2021,club,Arun Jaitley Stadium,Kolkata Knight Riders,Kolkata Knight Riders,Chennai Super Kings,bat,Chennai Super Kings,,7,win,4119
1254081,2021,6,"Arun Jaitley Stadium, Delhi",29-04-2021,Indian Premier League,24,male,T20,T20,20,2021,club,Arun Jaitley Stadium,Chennai Super Kings,Rajasthan Royals,Chennai Super Kings,field,Chennai Super Kings,,7,win,1421
1254082,2021,6,"Narendra Modi Stadium, Ahmedabad",29-04-2021,Indian Premier League,25,male,T20,T20,20,2021,club,"Narendra Modi Stadium, Ahmedabad",Delhi Capitals,Punjab Kings,Delhi Capitals,field,Delhi Capitals,,7,win,1849
1254083,2021,6,"Narendra Modi Stadium, Ahmedabad",30-04-2021,Indian Premier League,26,male,T20,T20,20,2021,club,"Narendra Modi Stadium, Ahmedabad",Royal Challengers Bengaluru,Punjab Kings,Royal Challengers Bengaluru,field,Punjab Kings,34,,win,3495
1254084,2021,6,"Arun Jaitley Stadium, Delhi",01-05-2021,Indian Premier League,27,male,T20,T20,20,2021,club,Arun Jaitley Stadium,Chennai Super Kings,Chennai Super Kings,Chennai Super Kings,field,Chennai Super Kings,,4,win,29
1254085,2021,6,"Arun Jaitley Stadium, Delhi",02-05-2021,Indian Premier League,28,male,T20,T20,20,2021,club,Arun Jaitley Stadium,Kolkata Knight Riders,Rajasthan Royals,Kolkata Knight Riders,field,Rajasthan Royals,55,,win,24
1254086,2021,6,"Narendra Modi Stadium, Ahmedabad",02-05-2021,Indian Premier League,29,male,T20,T20,20,2021,club,"Narendra Modi Stadium, Ahmedabad",Delhi Capitals,Punjab Kings,Delhi Capitals,field,Delhi Capitals,,7,win,35
1254087,2021,6,"Zayed Cricket Stadium, Abu Dhabi",20-09-2021,Indian Premier League,31,male,T20,T20,20,2021,club,"Zayed Cricket Stadium, Abu Dhabi",Royal Challengers Bengaluru,Royal Challengers Bengaluru,Punjab Kings,bat,Punjab Kings,,9,win,2825
1254088,2021,6,"Zayed Cricket Stadium, Abu Dhabi",08-10-2021,Indian Premier League,55,male,T20,T20,20,2021,club,"Zayed Cricket Stadium, Abu Dhabi",Chennai Super Kings,Chennai Super Kings,Kolkata Knight Riders,bat,Chennai Super Kings,42,,win,347
1254089,2021,6,"Zayed Cricket Stadium, Abu Dhabi",02-10-2021,Indian Premier League,47,male,T20,T20,20,2021,club,"Zayed Cricket Stadium, Abu Dhabi",Rajasthan Royals,Chennai Super Kings,Rajasthan Royals,field,Rajasthan Royals,,7,win,4119
1254090,2021,6,Sharjah Cricket Stadium,03-10-2021,Indian Premier League,48,male,T20,T20,20,2021,club,Sharjah Cricket Stadium,Royal Challengers Bengaluru,Royal Challengers Bengaluru,Punjab Kings,bat,Royal Challengers Bengaluru,6,,win,71
1254091,2021,6,Sharjah Cricket Stadium,30-09-2021,Indian Premier League,44,male,T20,T20,20,2021,club,Sharjah Cricket Stadium,Chennai Super Kings,Kolkata Knight Riders,Chennai Super Kings,field,Chennai Super Kings,,6,win,4664
1254092,2021,6,Sharjah Cricket Stadium,28-09-2021,Indian Premier League,41,male,T20,T20,20,2021,club,Sharjah Cricket Stadium,Punjab Kings,Delhi Capitals,Punjab Kings,field,Punjab Kings,,3,win,65
1254093,2021,6,Sharjah Cricket Stadium,05-10-2021,Indian Premier League,51,male,T20,T20,20,2021,club,Sharjah Cricket Stadium,Chennai Super Kings,Rajasthan Royals,Chennai Super Kings,field,Chennai Super Kings,,8,win,471
1254094,2021,6,Dubai International Cricket Stadium,07-10-2021,Indian Premier League,53,male,T20,T20,20,2021,club,Dubai International Cricket Stadium,Punjab Kings,Chennai Super Kings,Punjab Kings,field,Punjab Kings,,6,win,1409
1254095,2021,6,"Zayed Cricket Stadium, Abu Dhabi",06-10-2021,Indian Premier League,52,male,T20,T20,20,2021,club,"Zayed Cricket Stadium, Abu Dhabi",Royal Challengers Bengaluru,Kolkata Knight Riders,Royal Challengers Bengaluru,field,Kolkata Knight Riders,4,,win,531
1254096,2021,6,"Zayed Cricket Stadium, Abu Dhabi",23-09-2021,Indian Premier League,34,male,T20,T20,20,2021,club,"Zayed Cricket Stadium, Abu Dhabi",Punjab Kings,Chennai Super Kings,Punjab Kings,field,Punjab Kings,,7,win,65
1254097,2021,6,"Zayed Cricket Stadium, Abu Dhabi",25-09-2021,Indian Premier League,36,male,T20,T20,20,2021,club,"Zayed Cricket Stadium, Abu Dhabi",Rajasthan Royals,Delhi Capitals,Rajasthan Royals,field,Delhi Capitals,33,,win,389
1254098,2021,6,"Zayed Cricket Stadium, Abu Dhabi",26-09-2021,Indian Premier League,38,male,T20,T20,20,2021,club,"Zayed Cricket Stadium, Abu Dhabi",Punjab Kings,Punjab Kings,Chennai Super Kings,bat,Chennai Super Kings,,2,win,348
1254099,2021,6,"Zayed Cricket Stadium, Abu Dhabi",28-09-2021,Indian Premier League,42,male,T20,T20,20,2021,club,"Zayed Cricket Stadium, Abu Dhabi",Chennai Super Kings,Punjab Kings,Chennai Super Kings,field,Chennai Super Kings,,6,win,29
1254100,2021,6,Dubai International Cricket Stadium,27-09-2021,Indian Premier League,40,male,T20,T20,20,2021,club,Dubai International Cricket Stadium,Rajasthan Royals,Rajasthan Royals,Kolkata Knight Riders,bat,Kolkata Knight Riders,,7,win,45
1254101,2021,6,Dubai International Cricket Stadium,08-10-2021,Indian Premier League,56,male,T20,T20,20,2021,club,Dubai International Cricket Stadium,Royal Challengers Bengaluru,Delhi Capitals,Royal Challengers Bengaluru,field,Royal Challengers Bengaluru,,7,win,5976
1254102,2021,6,Dubai International Cricket Stadium,01-10-2021,Indian Premier League,45,male,T20,T20,20,2021,club,Dubai International Cricket Stadium,Punjab Kings,Punjab Kings,Punjab Kings,field,Punjab Kings,,5,win,1409
1254103,2021,6,Dubai International Cricket Stadium,29-09-2021,Indian Premier League,43,male,T20,T20,20,2021,club,Dubai International Cricket Stadium,Royal Challengers Bengaluru,Rajasthan Royals,Royal Challengers Bengaluru,field,Royal Challengers Bengaluru,,7,win,10
1254104,2021,6,Dubai International Cricket Stadium,19-09-2021,Indian Premier League,30,male,T20,T20,20,2021,club,Dubai International Cricket Stadium,Chennai Super Kings,Chennai Super Kings,Chennai Super Kings,bat,Chennai Super Kings,20,,win,4119
1254105,2021,6,Dubai International Cricket Stadium,22-09-2021,Indian Premier League,33,male,T20,T20,20,2021,club,Dubai International Cricket Stadium,Kolkata Knight Riders,Kolkata Knight Riders,Delhi Capitals,bat,Delhi Capitals,,8,win,4047
1254106,2021,6,Sharjah Cricket Stadium,07-10-2021,Indian Premier League,54,male,T20,T20,20,2021,club,Sharjah Cricket Stadium,Rajasthan Royals,Punjab Kings,Rajasthan Royals,field,Punjab Kings,86,,win,1581
1254107,2021,6,Sharjah Cricket Stadium,25-09-2021,Indian Premier League,37,male,T20,T20,20,2021,club,Sharjah Cricket Stadium,Kolkata Knight Riders,Punjab Kings,Kolkata Knight Riders,field,Punjab Kings,5,,win,4098
1254108,2021,6,Dubai International Cricket Stadium,26-09-2021,Indian Premier League,39,male,T20,T20,20,2021,club,Dubai International Cricket Stadium,Chennai Super Kings,Royal Challengers Bengaluru,Chennai Super Kings,field,Royal Challengers Bengaluru,54,,win,71
1254109,2021,6,Dubai International Cricket Stadium,03-10-2021,Indian Premier League,49,male,T20,T20,20,2021,club,Dubai International Cricket Stadium,Kolkata Knight Riders,Kolkata Knight Riders,Punjab Kings,bat,Punjab Kings,,6,win,1580
1254110,2021,6,Dubai International Cricket Stadium,04-10-2021,Indian Premier League,50,male,T20,T20,20,2021,club,Dubai International Cricket Stadium,Delhi Capitals,Chennai Super Kings,Delhi Capitals,field,Delhi Capitals,,3,win,70
1254111,2021,6,Dubai International Cricket Stadium,21-09-2021,Indian Premier League,32,male,T20,T20,20,2021,club,Dubai International Cricket Stadium,Punjab Kings,Rajasthan Royals,Punjab Kings,field,Rajasthan Royals,2,,win,4212
1254112,2021,6,Sharjah Cricket Stadium,02-10-2021,Indian Premier League,46,male,T20,T20,20,2021,club,Sharjah Cricket Stadium,Delhi Capitals,Chennai Super Kings,Delhi Capitals,field,Delhi Capitals,,4,win,70
1254113,2021,6,Sharjah Cricket Stadium,24-09-2021,Indian Premier League,35,male,T20,T20,20,2021,club,Sharjah Cricket Stadium,Chennai Super Kings,Royal Challengers Bengaluru,Chennai Super Kings,field,Chennai Super Kings,,6,win,1393
1254114,2021,6,Dubai International Cricket Stadium,10-10-2021,Indian Premier League,,male,T20,T20,20,2021,club,Dubai International Cricket Stadium,Chennai Super Kings,Delhi Capitals,Chennai Super Kings,field,Chennai Super Kings,,4,win,4119
1254115,2021,6,Sharjah Cricket Stadium,11-10-2021,Indian Premier League,,male,T20,T20,20,2021,club,Sharjah Cricket Stadium,Royal Challengers Bengaluru,Royal Challengers Bengaluru,Punjab Kings,bat,Punjab Kings,,4,win,65
1254116,2021,6,Sharjah Cricket Stadium,13-10-2021,Indian Premier League,,male,T20,T20,20,2021,club,Sharjah Cricket Stadium,Punjab Kings,Delhi Capitals,Punjab Kings,field,Punjab Kings,,3,win,5986
1254117,2021,6,Dubai International Cricket Stadium,15-10-2021,Indian Premier League,,male,T20,T20,20,2021,club,Dubai International Cricket Stadium,Punjab Kings,Chennai Super Kings,Punjab Kings,field,Chennai Super Kings,27,,win,267
1304047,2022,6,"Wankhede Stadium, Mumbai",26-03-2022,Indian Premier League,1,male,T20,T20,20,2022,club,Wankhede Stadium,Punjab Kings,Chennai Super Kings,Punjab Kings,field,Punjab Kings,,6,win,318
1304048,2022,6,"Brabourne Stadium, Mumbai",27-03-2022,Indian Premier League,2,male,T20,T20,20,2022,club,"Brabourne Stadium, Mumbai",Delhi Capitals,Chennai Super Kings,Delhi Capitals,field,Delhi Capitals,,4,win,64
1304049,2022,6,"Dr DY Patil Sports Academy, Mumbai",27-03-2022,Indian Premier League,3,male,T20,T20,20,2022,club,Dr DY Patil Sports Academy,Punjab Kings,Royal Challengers Bengaluru,Punjab Kings,field,Punjab Kings,,5,win,6717
1304050,2022,6,"Wankhede Stadium, Mumbai",28-03-2022,Indian Premier League,4,male,T20,T20,20,2022,club,Wankhede Stadium,Gujarat Titans,Lucknow Super Giants,Gujarat Titans,field,Gujarat Titans,,5,win,460
1304051,2022,6,"Maharashtra Cricket Association Stadium, Pune",29-03-2022,Indian Premier League,5,male,T20,T20,20,2022,club,Maharashtra Cricket Association Stadium,Kolkata Knight Riders,Rajasthan Royals,Kolkata Knight Riders,field,Rajasthan Royals,61,,win,180
1304052,2022,6,"Dr DY Patil Sports Academy, Mumbai",30-03-2022,Indian Premier League,6,male,T20,T20,20,2022,club,Dr DY Patil Sports Academy,Royal Challengers Bengaluru,Punjab Kings,Royal Challengers Bengaluru,field,Royal Challengers Bengaluru,,3,win,5980
1304053,2022,6,"Brabourne Stadium, Mumbai",31-03-2022,Indian Premier League,7,male,T20,T20,20,2022,club,"Brabourne Stadium, Mumbai",Lucknow Super Giants,Chennai Super Kings,Lucknow Super Giants,field,Lucknow Super Giants,,6,win,1377
1304054,2022,6,"Wankhede Stadium, Mumbai",01-04-2022,Indian Premier League,8,male,T20,T20,20,2022,club,Wankhede Stadium,Punjab Kings,Punjab Kings,Punjab Kings,field,Punjab Kings,,6,win,318
1304055,2022,6,"Dr DY Patil Sports Academy, Mumbai",02-04-2022,Indian Premier League,9,male,T20,T20,20,2022,club,Dr DY Patil Sports Academy,Chennai Super Kings,Rajasthan Royals,Chennai Super Kings,field,Rajasthan Royals,23,,win,24
1304056,2022,6,"Maharashtra Cricket Association Stadium, Pune",02-04-2022,Indian Premier League,10,male,T20,T20,20,2022,club,Maharashtra Cricket Association Stadium,Delhi Capitals,Gujarat Titans,Delhi Capitals,field,Gujarat Titans,14,,win,361
1304057,2022,6,"Brabourne Stadium, Mumbai",03-04-2022,Indian Premier League,11,male,T20,T20,20,2022,club,"Brabourne Stadium, Mumbai",Chennai Super Kings,Punjab Kings,Chennai Super Kings,field,Punjab Kings,54,,win,3284
1304058,2022,6,"Dr DY Patil Sports Academy, Mumbai",04-04-2022,Indian Premier League,12,male,T20,T20,20,2022,club,Dr DY Patil Sports Academy,Kolkata Knight Riders,Lucknow Super Giants,Kolkata Knight Riders,field,Lucknow Super Giants,12,,win,1286
1304059,2022,6,"Wankhede Stadium, Mumbai",05-04-2022,Indian Premier League,13,male,T20,T20,20,2022,club,Wankhede Stadium,Royal Challengers Bengaluru,Rajasthan Royals,Royal Challengers Bengaluru,field,Royal Challengers Bengaluru,,4,win,49
1304060,2022,6,"Maharashtra Cricket Association Stadium, Pune",06-04-2022,Indian Premier League,14,male,T20,T20,20,2022,club,Maharashtra Cricket Association Stadium,Punjab Kings,Chennai Super Kings,Punjab Kings,field,Punjab Kings,,5,win,184
1304061,2022,6,"Dr DY Patil Sports Academy, Mumbai",07-04-2022,Indian Premier League,15,male,T20,T20,20,2022,club,Dr DY Patil Sports Academy,Lucknow Super Giants,Delhi Capitals,Lucknow Super Giants,field,Lucknow Super Giants,,6,win,1421
1304062,2022,6,"Brabourne Stadium, Mumbai",08-04-2022,Indian Premier League,16,male,T20,T20,20,2022,club,"Brabourne Stadium, Mumbai",Gujarat Titans,Punjab Kings,Gujarat Titans,field,Gujarat Titans,,6,win,1580
1304063,2022,6,"Dr DY Patil Sports Academy, Mumbai",09-04-2022,Indian Premier League,17,male,T20,T20,20,2022,club,Dr DY Patil Sports Academy,Kolkata Knight Riders,Chennai Super Kings,Kolkata Knight Riders,field,Kolkata Knight Riders,,8,win,2349
1304064,2022,6,"Maharashtra Cricket Association Stadium, Pune",09-04-2022,Indian Premier League,18,male,T20,T20,20,2022,club,Maharashtra Cricket Association Stadium,Royal Challengers Bengaluru,Chennai Super Kings,Royal Challengers Bengaluru,field,Royal Challengers Bengaluru,,7,win,5935
1304065,2022,6,"Brabourne Stadium, Mumbai",10-04-2022,Indian Premier League,19,male,T20,T20,20,2022,club,"Brabourne Stadium, Mumbai",Punjab Kings,Delhi Capitals,Punjab Kings,field,Delhi Capitals,44,,win,64
1304066,2022,6,"Wankhede Stadium, Mumbai",10-04-2022,Indian Premier League,20,male,T20,T20,20,2022,club,Wankhede Stadium,Lucknow Super Giants,Rajasthan Royals,Lucknow Super Giants,field,Rajasthan Royals,3,,win,10
1304067,2022,6,"Dr DY Patil Sports Academy, Mumbai",11-04-2022,Indian Premier League,21,male,T20,T20,20,2022,club,Dr DY Patil Sports Academy,Kolkata Knight Riders,Gujarat Titans,Kolkata Knight Riders,field,Kolkata Knight Riders,,8,win,531
1304068,2022,6,"Dr DY Patil Sports Academy, Mumbai",12-04-2022,Indian Premier League,22,male,T20,T20,20,2022,club,Dr DY Patil Sports Academy,Royal Challengers Bengaluru,Chennai Super Kings,Royal Challengers Bengaluru,field,Chennai Super Kings,23,,win,2701
1304069,2022,6,"Maharashtra Cricket Association Stadium, Pune",13-04-2022,Indian Premier League,23,male,T20,T20,20,2022,club,Maharashtra Cricket Association Stadium,Chennai Super Kings,Punjab Kings,Chennai Super Kings,field,Punjab Kings,12,,win,35
1304070,2022,6,"Dr DY Patil Sports Academy, Mumbai",14-04-2022,Indian Premier League,24,male,T20,T20,20,2022,club,Dr DY Patil Sports Academy,Rajasthan Royals,Gujarat Titans,Rajasthan Royals,field,Gujarat Titans,37,,win,30
1304071,2022,6,"Brabourne Stadium, Mumbai",15-04-2022,Indian Premier League,25,male,T20,T20,20,2022,club,"Brabourne Stadium, Mumbai",Kolkata Knight Riders,Punjab Kings,Kolkata Knight Riders,field,Kolkata Knight Riders,,7,win,268
1304072,2022,6,"Brabourne Stadium, Mumbai",16-04-2022,Indian Premier League,26,male,T20,T20,20,2022,club,"Brabourne Stadium, Mumbai",Chennai Super Kings,Lucknow Super Giants,Chennai Super Kings,field,Lucknow Super Giants,18,,win,1409
1304073,2022,6,"Wankhede Stadium, Mumbai",16-04-2022,Indian Premier League,27,male,T20,T20,20,2022,club,Wankhede Stadium,Delhi Capitals,Royal Challengers Bengaluru,Delhi Capitals,field,Royal Challengers Bengaluru,16,,win,49
1304074,2022,6,"Dr DY Patil Sports Academy, Mumbai",17-04-2022,Indian Premier League,28,male,T20,T20,20,2022,club,Dr DY Patil Sports Academy,Kolkata Knight Riders,Punjab Kings,Kolkata Knight Riders,field,Kolkata Knight Riders,,7,win,6017
1304075,2022,6,"Maharashtra Cricket Association Stadium, Pune",17-04-2022,Indian Premier League,29,male,T20,T20,20,2022,club,Maharashtra Cricket Association Stadium,Gujarat Titans,Chennai Super Kings,Gujarat Titans,field,Gujarat Titans,,3,win,72
1304076,2022,6,"Brabourne Stadium, Mumbai",18-04-2022,Indian Premier League,30,male,T20,T20,20,2022,club,"Brabourne Stadium, Mumbai",Punjab Kings,Rajasthan Royals,Punjab Kings,field,Rajasthan Royals,7,,win,10
1304077,2022,6,"Dr DY Patil Sports Academy, Mumbai",19-04-2022,Indian Premier League,31,male,T20,T20,20,2022,club,Dr DY Patil Sports Academy,Lucknow Super Giants,Royal Challengers Bengaluru,Lucknow Super Giants,field,Royal Challengers Bengaluru,18,,win,267
1304078,2022,6,"Brabourne Stadium, Mumbai",20-04-2022,Indian Premier League,32,male,T20,T20,20,2022,club,"Brabourne Stadium, Mumbai",Delhi Capitals,Punjab Kings,Delhi Capitals,field,Delhi Capitals,,9,win,64
1304079,2022,6,"Dr DY Patil Sports Academy, Mumbai",21-04-2022,Indian Premier League,33,male,T20,T20,20,2022,club,Dr DY Patil Sports Academy,Chennai Super Kings,Chennai Super Kings,Chennai Super Kings,field,Chennai Super Kings,,3,win,6798
1304080,2022,6,"Wankhede Stadium, Mumbai",22-04-2022,Indian Premier League,34,male,T20,T20,20,2022,club,Wankhede Stadium,Delhi Capitals,Rajasthan Royals,Delhi Capitals,field,Rajasthan Royals,15,,win,24
1304081,2022,6,"Dr DY Patil Sports Academy, Mumbai",23-04-2022,Indian Premier League,35,male,T20,T20,20,2022,club,Dr DY Patil Sports Academy,Gujarat Titans,Gujarat Titans,Punjab Kings,bat,Gujarat Titans,8,,win,22
1304082,2022,6,"Brabourne Stadium, Mumbai",23-04-2022,Indian Premier League,36,male,T20,T20,20,2022,club,"Brabourne Stadium, Mumbai",Kolkata Knight Riders,Royal Challengers Bengaluru,Kolkata Knight Riders,field,Kolkata Knight Riders,,9,win,5343
1304083,2022,6,"Wankhede Stadium, Mumbai",24-04-2022,Indian Premier League,37,male,T20,T20,20,2022,club,Wankhede Stadium,Chennai Super Kings,Lucknow Super Giants,Chennai Super Kings,field,Lucknow Super Giants,36,,win,1409
1304084,2022,6,"Wankhede Stadium, Mumbai",25-04-2022,Indian Premier League,38,male,T20,T20,20,2022,club,Wankhede Stadium,Chennai Super Kings,Punjab Kings,Chennai Super Kings,field,Punjab Kings,11,,win,13
1304085,2022,6,"Maharashtra Cricket Association Stadium, Pune",26-04-2022,Indian Premier League,39,male,T20,T20,20,2022,club,Maharashtra Cricket Association Stadium,Royal Challengers Bengaluru,Rajasthan Royals,Royal Challengers Bengaluru,field,Rajasthan Royals,29,,win,3230
1304086,2022,6,"Wankhede Stadium, Mumbai",27-04-2022,Indian Premier League,40,male,T20,T20,20,2022,club,Wankhede Stadium,Gujarat Titans,Kolkata Knight Riders,Gujarat Titans,field,Gujarat Titans,,5,win,6017
1304087,2022,6,"Wankhede Stadium, Mumbai",28-04-2022,Indian Premier League,41,male,T20,T20,20,2022,club,Wankhede Stadium,Delhi Capitals,Punjab Kings,Delhi Capitals,field,Delhi Capitals,,4,win,64
1304088,2022,6,"Maharashtra Cricket Association Stadium, Pune",29-04-2022,Indian Premier League,42,male,T20,T20,20,2022,club,Maharashtra Cricket Association Stadium,Punjab Kings,Lucknow Super Giants,Punjab Kings,field,Lucknow Super Giants,20,,win,28
1304089,2022,6,"Brabourne Stadium, Mumbai",30-04-2022,Indian Premier League,43,male,T20,T20,20,2022,club,"Brabourne Stadium, Mumbai",Royal Challengers Bengaluru,Royal Challengers Bengaluru,Gujarat Titans,bat,Gujarat Titans,,6,win,1119
1304090,2022,6,"Dr DY Patil Sports Academy, Mumbai",30-04-2022,Indian Premier League,44,male,T20,T20,20,2022,club,Dr DY Patil Sports Academy,Chennai Super Kings,Rajasthan Royals,Chennai Super Kings,field,Chennai Super Kings,,5,win,61
1304091,2022,6,"Wankhede Stadium, Mumbai",01-05-2022,Indian Premier League,45,male,T20,T20,20,2022,club,Wankhede Stadium,Lucknow Super Giants,Lucknow Super Giants,Delhi Capitals,bat,Lucknow Super Giants,6,,win,6730
1304092,2022,6,"Maharashtra Cricket Association Stadium, Pune",01-05-2022,Indian Premier League,46,male,T20,T20,20,2022,club,Maharashtra Cricket Association Stadium,Kolkata Knight Riders,Chennai Super Kings,Kolkata Knight Riders,field,Chennai Super Kings,13,,win,4119
1304093,2022,6,"Wankhede Stadium, Mumbai",02-05-2022,Indian Premier League,47,male,T20,T20,20,2022,club,Wankhede Stadium,Punjab Kings,Rajasthan Royals,Punjab Kings,field,Punjab Kings,,7,win,1436
1304094,2022,6,"Dr DY Patil Sports Academy, Mumbai",03-05-2022,Indian Premier League,48,male,T20,T20,20,2022,club,Dr DY Patil Sports Academy,Gujarat Titans,Gujarat Titans,Punjab Kings,bat,Punjab Kings,,8,win,590
1304095,2022,6,"Maharashtra Cricket Association Stadium, Pune",04-05-2022,Indian Premier League,49,male,T20,T20,20,2022,club,Maharashtra Cricket Association Stadium,Chennai Super Kings,Royal Challengers Bengaluru,Chennai Super Kings,field,Royal Challengers Bengaluru,13,,win,1285
1304096,2022,6,"Brabourne Stadium, Mumbai",05-05-2022,Indian Premier League,50,male,T20,T20,20,2022,club,"Brabourne Stadium, Mumbai",Kolkata Knight Riders,Delhi Capitals,Kolkata Knight Riders,field,Delhi Capitals,21,,win,12
1304097,2022,6,"Brabourne Stadium, Mumbai",06-05-2022,Indian Premier League,51,male,T20,T20,20,2022,club,"Brabourne Stadium, Mumbai",Gujarat Titans,Chennai Super Kings,Gujarat Titans,field,Chennai Super Kings,5,,win,6550
1304098,2022,6,"Wankhede Stadium, Mumbai",07-05-2022,Indian Premier League,52,male,T20,T20,20,2022,club,Wankhede Stadium,Punjab Kings,Punjab Kings,Rajasthan Royals,bat,Rajasthan Royals,,6,win,4104
1304099,2022,6,"Maharashtra Cricket Association Stadium, Pune",07-05-2022,Indian Premier League,53,male,T20,T20,20,2022,club,Maharashtra Cricket Association Stadium,Punjab Kings,Lucknow Super Giants,Punjab Kings,field,Lucknow Super Giants,75,,win,1286
1304100,2022,6,"Wankhede Stadium, Mumbai",08-05-2022,Indian Premier League,54,male,T20,T20,20,2022,club,Wankhede Stadium,Royal Challengers Bengaluru,Royal Challengers Bengaluru,Kolkata Knight Riders,bat,Royal Challengers Bengaluru,67,,win,5980
1304101,2022,6,"Dr DY Patil Sports Academy, Mumbai",08-05-2022,Indian Premier League,55,male,T20,T20,20,2022,club,Dr DY Patil Sports Academy,Delhi Capitals,Chennai Super Kings,Delhi Capitals,field,Chennai Super Kings,91,,win,6657
1304102,2022,6,"Dr DY Patil Sports Academy, Mumbai",09-05-2022,Indian Premier League,56,male,T20,T20,20,2022,club,Dr DY Patil Sports Academy,Chennai Super Kings,Punjab Kings,Chennai Super Kings,field,Punjab Kings,52,,win,33
1304103,2022,6,"Maharashtra Cricket Association Stadium, Pune",10-05-2022,Indian Premier League,57,male,T20,T20,20,2022,club,Maharashtra Cricket Association Stadium,Gujarat Titans,Gujarat Titans,Lucknow Super Giants,bat,Gujarat Titans,62,,win,1580
1304104,2022,6,"Dr DY Patil Sports Academy, Mumbai",11-05-2022,Indian Premier League,58,male,T20,T20,20,2022,club,Dr DY Patil Sports Academy,Delhi Capitals,Rajasthan Royals,Delhi Capitals,field,Delhi Capitals,,8,win,4960
1304105,2022,6,"Wankhede Stadium, Mumbai",12-05-2022,Indian Premier League,59,male,T20,T20,20,2022,club,Wankhede Stadium,Chennai Super Kings,Chennai Super Kings,Chennai Super Kings,field,Chennai Super Kings,,5,win,4320
1304106,2022,6,"Brabourne Stadium, Mumbai",13-05-2022,Indian Premier League,60,male,T20,T20,20,2022,club,"Brabourne Stadium, Mumbai",Royal Challengers Bengaluru,Punjab Kings,Royal Challengers Bengaluru,field,Punjab Kings,54,,win,2719
1304107,2022,6,"Maharashtra Cricket Association Stadium, Pune",14-05-2022,Indian Premier League,61,male,T20,T20,20,2022,club,Maharashtra Cricket Association Stadium,Punjab Kings,Punjab Kings,Kolkata Knight Riders,bat,Punjab Kings,54,,win,1437
1304108,2022,6,"Wankhede Stadium, Mumbai",15-05-2022,Indian Premier League,62,male,T20,T20,20,2022,club,Wankhede Stadium,Chennai Super Kings,Chennai Super Kings,Gujarat Titans,bat,Gujarat Titans,,7,win,69
1304109,2022,6,"Brabourne Stadium, Mumbai",15-05-2022,Indian Premier League,63,male,T20,T20,20,2022,club,"Brabourne Stadium, Mumbai",Rajasthan Royals,Rajasthan Royals,Lucknow Super Giants,bat,Rajasthan Royals,24,,win,66
1304110,2022,6,"Dr DY Patil Sports Academy, Mumbai",16-05-2022,Indian Premier League,64,male,T20,T20,20,2022,club,Dr DY Patil Sports Academy,Punjab Kings,Delhi Capitals,Punjab Kings,field,Delhi Capitals,17,,win,360
1304111,2022,6,"Wankhede Stadium, Mumbai",17-05-2022,Indian Premier League,65,male,T20,T20,20,2022,club,Wankhede Stadium,Chennai Super Kings,Kolkata Knight Riders,Chennai Super Kings,field,Kolkata Knight Riders,3,,win,268
1304112,2022,6,"Dr DY Patil Sports Academy, Mumbai",18-05-2022,Indian Premier League,66,male,T20,T20,20,2022,club,Dr DY Patil Sports Academy,Lucknow Super Giants,Lucknow Super Giants,Punjab Kings,bat,Lucknow Super Giants,2,,win,1421
1304113,2022,6,"Wankhede Stadium, Mumbai",19-05-2022,Indian Premier League,67,male,T20,T20,20,2022,club,Wankhede Stadium,Gujarat Titans,Gujarat Titans,Royal Challengers Bengaluru,bat,Royal Challengers Bengaluru,,8,win,332
1304114,2022,6,"Brabourne Stadium, Mumbai",20-05-2022,Indian Premier League,68,male,T20,T20,20,2022,club,"Brabourne Stadium, Mumbai",Chennai Super Kings,Chennai Super Kings,Rajasthan Royals,bat,Rajasthan Royals,,5,win,1416
1304115,2022,6,"Wankhede Stadium, Mumbai",21-05-2022,Indian Premier League,69,male,T20,T20,20,2022,club,Wankhede Stadium,Chennai Super Kings,Delhi Capitals,Chennai Super Kings,field,Chennai Super Kings,,5,win,33
1304116,2022,6,"Wankhede Stadium, Mumbai",22-05-2022,Indian Premier League,70,male,T20,T20,20,2022,club,Wankhede Stadium,Kolkata Knight Riders,Kolkata Knight Riders,Punjab Kings,bat,Punjab Kings,,5,win,3495
1312197,2022,6,"Eden Gardens, Kolkata",24-05-2022,Indian Premier League,,male,T20,T20,20,2022,club,Eden Gardens,Gujarat Titans,Rajasthan Royals,Gujarat Titans,field,Gujarat Titans,,7,win,72
1312198,2022,6,"Eden Gardens, Kolkata",25-05-2022,Indian Premier League,,male,T20,T20,20,2022,club,Eden Gardens,Lucknow Super Giants,Royal Challengers Bengaluru,Lucknow Super Giants,field,Royal Challengers Bengaluru,14,,win,5349
1312199,2022,6,"Narendra Modi Stadium, Ahmedabad",27-05-2022,Indian Premier League,,male,T20,T20,20,2022,club,"Narendra Modi Stadium, Ahmedabad",Rajasthan Royals,Royal Challengers Bengaluru,Rajasthan Royals,field,Rajasthan Royals,,7,win,24
1312200,2022,6,"Narendra Modi Stadium, Ahmedabad",29-05-2022,Indian Premier League,,male,T20,T20,20,2022,club,"Narendra Modi Stadium, Ahmedabad",Rajasthan Royals,Rajasthan Royals,Gujarat Titans,bat,Gujarat Titans,,7,win,30
1359475,2023,6,"Narendra Modi Stadium, Ahmedabad",31-03-2023,Indian Premier League,1,male,T20,T20,20,2023,club,"Narendra Modi Stadium, Ahmedabad",Gujarat Titans,Chennai Super Kings,Gujarat Titans,field,Gujarat Titans,,5,win,22
1359476,2023,6,"Punjab Cricket Association IS Bindra Stadium, Mohali, Chandigarh",01-04-2023,Indian Premier League,2,male,T20,T20,20,2023,club,"Punjab Cricket Association Stadium, Mohali",Punjab Kings,Punjab Kings,Punjab Kings,field,Punjab Kings,7,,win,3388
1359477,2023,6,"Bharat Ratna Shri Atal Bihari Vajpayee Ekana Cricket Stadium, Lucknow",01-04-2023,Indian Premier League,3,male,T20,T20,20,2023,club,"Bharat Ratna Shri Atal Bihari Vajpayee Ekana Cricket Stadium, Lucknow",Delhi Capitals,Lucknow Super Giants,Delhi Capitals,field,Lucknow Super Giants,50,,win,1396
1359478,2023,6,"Rajiv Gandhi International Stadium, Uppal, Hyderabad",02-04-2023,Indian Premier League,4,male,T20,T20,20,2023,club,Rajiv Gandhi International Stadium,Kolkata Knight Riders,Rajasthan Royals,Kolkata Knight Riders,field,Rajasthan Royals,72,,win,24
1359479,2023,6,"M Chinnaswamy Stadium, Bengaluru",02-04-2023,Indian Premier League,5,male,T20,T20,20,2023,club,M. Chinnaswamy Stadium,Royal Challengers Bengaluru,Chennai Super Kings,Royal Challengers Bengaluru,field,Royal Challengers Bengaluru,,8,win,267
1359480,2023,6,"MA Chidambaram Stadium, Chepauk, Chennai",03-04-2023,Indian Premier League,6,male,T20,T20,20,2023,club,MA Chidambaram Stadium,Lucknow Super Giants,Chennai Super Kings,Lucknow Super Giants,field,Chennai Super Kings,12,,win,2227
1359481,2023,6,"Arun Jaitley Stadium, Delhi",04-04-2023,Indian Premier League,7,male,T20,T20,20,2023,club,Arun Jaitley Stadium,Gujarat Titans,Delhi Capitals,Gujarat Titans,field,Gujarat Titans,,6,win,6999
1359482,2023,6,"Barsapara Cricket Stadium, Guwahati",05-04-2023,Indian Premier League,8,male,T20,T20,20,2023,club,"Barsapara Cricket Stadium, Guwahati",Rajasthan Royals,Punjab Kings,Rajasthan Royals,field,Punjab Kings,5,,win,6245
1359483,2023,6,"Eden Gardens, Kolkata",06-04-2023,Indian Premier League,9,male,T20,T20,20,2023,club,Eden Gardens,Royal Challengers Bengaluru,Punjab Kings,Royal Challengers Bengaluru,field,Punjab Kings,81,,win,360
1359484,2023,6,"Bharat Ratna Shri Atal Bihari Vajpayee Ekana Cricket Stadium, Lucknow",07-04-2023,Indian Premier League,10,male,T20,T20,20,2023,club,"Bharat Ratna Shri Atal Bihari Vajpayee Ekana Cricket Stadium, Lucknow",Kolkata Knight Riders,Kolkata Knight Riders,Lucknow Super Giants,bat,Lucknow Super Giants,,5,win,28
1359485,2023,6,"Barsapara Cricket Stadium, Guwahati",08-04-2023,Indian Premier League,11,male,T20,T20,20,2023,club,"Barsapara Cricket Stadium, Guwahati",Delhi Capitals,Rajasthan Royals,Delhi Capitals,field,Rajasthan Royals,57,,win,4104
1359486,2023,6,"Wankhede Stadium, Mumbai",08-04-2023,Indian Premier League,12,male,T20,T20,20,2023,club,Wankhede Stadium,Chennai Super Kings,Chennai Super Kings,Chennai Super Kings,field,Chennai Super Kings,,7,win,348
1359487,2023,6,"Narendra Modi Stadium, Ahmedabad",09-04-2023,Indian Premier League,13,male,T20,T20,20,2023,club,"Narendra Modi Stadium, Ahmedabad",Gujarat Titans,Gujarat Titans,Punjab Kings,bat,Punjab Kings,,3,win,1436
1359488,2023,6,"Rajiv Gandhi International Stadium, Uppal, Hyderabad",09-04-2023,Indian Premier League,14,male,T20,T20,20,2023,club,Rajiv Gandhi International Stadium,Kolkata Knight Riders,Punjab Kings,Kolkata Knight Riders,field,Kolkata Knight Riders,,8,win,13
1359489,2023,6,"M Chinnaswamy Stadium, Bengaluru",10-04-2023,Indian Premier League,15,male,T20,T20,20,2023,club,M. Chinnaswamy Stadium,Lucknow Super Giants,Royal Challengers Bengaluru,Lucknow Super Giants,field,Lucknow Super Giants,,1,win,2766
1359490,2023,6,"Arun Jaitley Stadium, Delhi",11-04-2023,Indian Premier League,16,male,T20,T20,20,2023,club,Arun Jaitley Stadium,Chennai Super Kings,Delhi Capitals,Chennai Super Kings,field,Chennai Super Kings,,6,win,25
1359491,2023,6,"MA Chidambaram Stadium, Chepauk, Chennai",12-04-2023,Indian Premier League,17,male,T20,T20,20,2023,club,MA Chidambaram Stadium,Chennai Super Kings,Rajasthan Royals,Chennai Super Kings,field,Rajasthan Royals,3,,win,1416
1359492,2023,6,"Punjab Cricket Association IS Bindra Stadium, Mohali, Chandigarh",13-04-2023,Indian Premier League,18,male,T20,T20,20,2023,club,"Punjab Cricket Association Stadium, Mohali",Gujarat Titans,Punjab Kings,Gujarat Titans,field,Gujarat Titans,,6,win,75
1359493,2023,6,"Eden Gardens, Kolkata",14-04-2023,Indian Premier League,19,male,T20,T20,20,2023,club,Eden Gardens,Punjab Kings,Kolkata Knight Riders,Punjab Kings,field,Kolkata Knight Riders,23,,win,8372
1359494,2023,6,"M Chinnaswamy Stadium, Bengaluru",15-04-2023,Indian Premier League,20,male,T20,T20,20,2023,club,M. Chinnaswamy Stadium,Delhi Capitals,Royal Challengers Bengaluru,Delhi Capitals,field,Royal Challengers Bengaluru,23,,win,332
1359495,2023,6,"Bharat Ratna Shri Atal Bihari Vajpayee Ekana Cricket Stadium, Lucknow",15-04-2023,Indian Premier League,21,male,T20,T20,20,2023,club,"Bharat Ratna Shri Atal Bihari Vajpayee Ekana Cricket Stadium, Lucknow",Punjab Kings,Lucknow Super Giants,Punjab Kings,field,Punjab Kings,,2,win,8312
1359496,2023,6,"Wankhede Stadium, Mumbai",16-04-2023,Indian Premier League,22,male,T20,T20,20,2023,club,Wankhede Stadium,Chennai Super Kings,Punjab Kings,Chennai Super Kings,field,Chennai Super Kings,,5,win,5986
1359497,2023,6,"Narendra Modi Stadium, Ahmedabad",16-04-2023,Indian Premier League,23,male,T20,T20,20,2023,club,"Narendra Modi Stadium, Ahmedabad",Rajasthan Royals,Gujarat Titans,Rajasthan Royals,field,Rajasthan Royals,,3,win,2700
1359498,2023,6,"M Chinnaswamy Stadium, Bengaluru",17-04-2023,Indian Premier League,24,male,T20,T20,20,2023,club,M. Chinnaswamy Stadium,Royal Challengers Bengaluru,Chennai Super Kings,Royal Challengers Bengaluru,field,Chennai Super Kings,8,,win,6657
1359499,2023,6,"Rajiv Gandhi International Stadium, Uppal, Hyderabad",18-04-2023,Indian Premier League,25,male,T20,T20,20,2023,club,Rajiv Gandhi International Stadium,Kolkata Knight Riders,Chennai Super Kings,Kolkata Knight Riders,field,Chennai Super Kings,14,,win,8383
1359500,2023,6,"Sawai Mansingh Stadium, Jaipur",19-04-2023,Indian Premier League,26,male,T20,T20,20,2023,club,Sawai Mansingh Stadium,Rajasthan Royals,Lucknow Super Giants,Rajasthan Royals,field,Lucknow Super Giants,10,,win,73
1359501,2023,6,"Punjab Cricket Association IS Bindra Stadium, Mohali, Chandigarh",20-04-2023,Indian Premier League,27,male,T20,T20,20,2023,club,"Punjab Cricket Association Stadium, Mohali",Punjab Kings,Royal Challengers Bengaluru,Punjab Kings,field,Royal Challengers Bengaluru,24,,win,538
1359502,2023,6,"Arun Jaitley Stadium, Delhi",20-04-2023,Indian Premier League,28,male,T20,T20,20,2023,club,Arun Jaitley Stadium,Delhi Capitals,Punjab Kings,Delhi Capitals,field,Delhi Capitals,,4,win,308
1359503,2023,6,"MA Chidambaram Stadium, Chepauk, Chennai",21-04-2023,Indian Premier League,29,male,T20,T20,20,2023,club,MA Chidambaram Stadium,Chennai Super Kings,Kolkata Knight Riders,Chennai Super Kings,field,Chennai Super Kings,,7,win,348
1359504,2023,6,"Bharat Ratna Shri Atal Bihari Vajpayee Ekana Cricket Stadium, Lucknow",22-04-2023,Indian Premier League,30,male,T20,T20,20,2023,club,"Bharat Ratna Shri Atal Bihari Vajpayee Ekana Cricket Stadium, Lucknow",Gujarat Titans,Gujarat Titans,Lucknow Super Giants,bat,Gujarat Titans,7,,win,75
1359505,2023,6,"Wankhede Stadium, Mumbai",22-04-2023,Indian Premier League,31,male,T20,T20,20,2023,club,Wankhede Stadium,Chennai Super Kings,Punjab Kings,Chennai Super Kings,field,Punjab Kings,13,,win,2768
1359506,2023,6,"M Chinnaswamy Stadium, Bengaluru",23-04-2023,Indian Premier League,32,male,T20,T20,20,2023,club,M. Chinnaswamy Stadium,Rajasthan Royals,Royal Challengers Bengaluru,Rajasthan Royals,field,Royal Challengers Bengaluru,7,,win,71
1359507,2023,6,"Eden Gardens, Kolkata",23-04-2023,Indian Premier League,33,male,T20,T20,20,2023,club,Eden Gardens,Punjab Kings,Chennai Super Kings,Punjab Kings,field,Chennai Super Kings,49,,win,34
1359508,2023,6,"Rajiv Gandhi International Stadium, Uppal, Hyderabad",24-04-2023,Indian Premier League,34,male,T20,T20,20,2023,club,Rajiv Gandhi International Stadium,Delhi Capitals,Delhi Capitals,Kolkata Knight Riders,bat,Delhi Capitals,7,,win,70
1359509,2023,6,"Narendra Modi Stadium, Ahmedabad",25-04-2023,Indian Premier League,35,male,T20,T20,20,2023,club,"Narendra Modi Stadium, Ahmedabad",Chennai Super Kings,Gujarat Titans,Chennai Super Kings,field,Gujarat Titans,55,,win,6739
1359510,2023,6,"M Chinnaswamy Stadium, Bengaluru",26-04-2023,Indian Premier League,36,male,T20,T20,20,2023,club,M. Chinnaswamy Stadium,Royal Challengers Bengaluru,Punjab Kings,Royal Challengers Bengaluru,field,Punjab Kings,21,,win,2825
1359511,2023,6,"Sawai Mansingh Stadium, Jaipur",27-04-2023,Indian Premier League,37,male,T20,T20,20,2023,club,Sawai Mansingh Stadium,Rajasthan Royals,Rajasthan Royals,Chennai Super Kings,bat,Rajasthan Royals,32,,win,4104
1359512,2023,6,"Punjab Cricket Association IS Bindra Stadium, Mohali, Chandigarh",28-04-2023,Indian Premier League,38,male,T20,T20,20,2023,club,"Punjab Cricket Association Stadium, Mohali",Punjab Kings,Lucknow Super Giants,Punjab Kings,field,Lucknow Super Giants,56,,win,73
1359513,2023,6,"Eden Gardens, Kolkata",29-04-2023,Indian Premier League,39,male,T20,T20,20,2023,club,Eden Gardens,Gujarat Titans,Punjab Kings,Gujarat Titans,field,Gujarat Titans,,7,win,8305
1359514,2023,6,"Arun Jaitley Stadium, Delhi",29-04-2023,Indian Premier League,40,male,T20,T20,20,2023,club,Arun Jaitley Stadium,Kolkata Knight Riders,Kolkata Knight Riders,Delhi Capitals,bat,Kolkata Knight Riders,9,,win,4960
1359515,2023,6,"MA Chidambaram Stadium, Chepauk, Chennai",30-04-2023,Indian Premier League,41,male,T20,T20,20,2023,club,MA Chidambaram Stadium,Chennai Super Kings,Chennai Super Kings,Punjab Kings,bat,Punjab Kings,,4,win,6657
1359516,2023,6,"Wankhede Stadium, Mumbai",30-04-2023,Indian Premier League,42,male,T20,T20,20,2023,club,Wankhede Stadium,Rajasthan Royals,Rajasthan Royals,Chennai Super Kings,bat,Chennai Super Kings,,6,win,4104
1359517,2023,6,"Bharat Ratna Shri Atal Bihari Vajpayee Ekana Cricket Stadium, Lucknow",01-05-2023,Indian Premier League,43,male,T20,T20,20,2023,club,"Bharat Ratna Shri Atal Bihari Vajpayee Ekana Cricket Stadium, Lucknow",Royal Challengers Bengaluru,Royal Challengers Bengaluru,Lucknow Super Giants,bat,Royal Challengers Bengaluru,18,,win,267
1359518,2023,6,"Narendra Modi Stadium, Ahmedabad",02-05-2023,Indian Premier League,44,male,T20,T20,20,2023,club,"Narendra Modi Stadium, Ahmedabad",Delhi Capitals,Delhi Capitals,Gujarat Titans,bat,Delhi Capitals,5,,win,460
1359519,2023,6,"Bharat Ratna Shri Atal Bihari Vajpayee Ekana Cricket Stadium, Lucknow",03-05-2023,Indian Premier League,45,male,T20,T20,20,2023,club,"Bharat Ratna Shri Atal Bihari Vajpayee Ekana Cricket Stadium, Lucknow",Chennai Super Kings,Lucknow Super Giants,Chennai Super Kings,field,Chennai Super Kings,,,no result,
1359520,2023,6,"Punjab Cricket Association IS Bindra Stadium, Mohali, Chandigarh",03-05-2023,Indian Premier League,46,male,T20,T20,20,2023,club,"Punjab Cricket Association Stadium, Mohali",Chennai Super Kings,Punjab Kings,Chennai Super Kings,field,Chennai Super Kings,,6,win,347
1359521,2023,6,"Rajiv Gandhi International Stadium, Uppal, Hyderabad",04-05-2023,Indian Premier League,47,male,T20,T20,20,2023,club,Rajiv Gandhi International Stadium,Punjab Kings,Punjab Kings,Kolkata Knight Riders,bat,Punjab Kings,5,,win,2825
1359522,2023,6,"Sawai Mansingh Stadium, Jaipur",05-05-2023,Indian Premier League,48,male,T20,T20,20,2023,club,Sawai Mansingh Stadium,Rajasthan Royals,Rajasthan Royals,Gujarat Titans,bat,Gujarat Titans,,9,win,22
1359523,2023,6,"MA Chidambaram Stadium, Chepauk, Chennai",06-05-2023,Indian Premier League,49,male,T20,T20,20,2023,club,MA Chidambaram Stadium,Chennai Super Kings,Chennai Super Kings,Chennai Super Kings,field,Chennai Super Kings,,6,win,8007
1359524,2023,6,"Arun Jaitley Stadium, Delhi",06-05-2023,Indian Premier League,50,male,T20,T20,20,2023,club,Arun Jaitley Stadium,Royal Challengers Bengaluru,Royal Challengers Bengaluru,Delhi Capitals,bat,Delhi Capitals,,7,win,8945
1359525,2023,6,"Narendra Modi Stadium, Ahmedabad",07-05-2023,Indian Premier League,51,male,T20,T20,20,2023,club,"Narendra Modi Stadium, Ahmedabad",Lucknow Super Giants,Gujarat Titans,Lucknow Super Giants,field,Gujarat Titans,56,,win,1580
1359526,2023,6,"Sawai Mansingh Stadium, Jaipur",07-05-2023,Indian Premier League,52,male,T20,T20,20,2023,club,Sawai Mansingh Stadium,Rajasthan Royals,Rajasthan Royals,Kolkata Knight Riders,bat,Kolkata Knight Riders,,4,win,6033
1359527,2023,6,"Eden Gardens, Kolkata",08-05-2023,Indian Premier League,53,male,T20,T20,20,2023,club,Eden Gardens,Punjab Kings,Punjab Kings,Punjab Kings,bat,Punjab Kings,,5,win,1437
1359528,2023,6,"Wankhede Stadium, Mumbai",09-05-2023,Indian Premier League,54,male,T20,T20,20,2023,club,Wankhede Stadium,Chennai Super Kings,Royal Challengers Bengaluru,Chennai Super Kings,field,Chennai Super Kings,,6,win,61
1359529,2023,6,"MA Chidambaram Stadium, Chepauk, Chennai",10-05-2023,Indian Premier League,55,male,T20,T20,20,2023,club,MA Chidambaram Stadium,Chennai Super Kings,Chennai Super Kings,Delhi Capitals,bat,Chennai Super Kings,27,,win,348
1359530,2023,6,"Eden Gardens, Kolkata",11-05-2023,Indian Premier League,56,male,T20,T20,20,2023,club,Eden Gardens,Rajasthan Royals,Punjab Kings,Rajasthan Royals,field,Rajasthan Royals,,9,win,4104
1359531,2023,6,"Wankhede Stadium, Mumbai",12-05-2023,Indian Premier League,57,male,T20,T20,20,2023,club,Wankhede Stadium,Gujarat Titans,Chennai Super Kings,Gujarat Titans,field,Chennai Super Kings,27,,win,61
1359532,2023,6,"Rajiv Gandhi International Stadium, Uppal, Hyderabad",13-05-2023,Indian Premier League,58,male,T20,T20,20,2023,club,Rajiv Gandhi International Stadium,Kolkata Knight Riders,Kolkata Knight Riders,Lucknow Super Giants,bat,Lucknow Super Giants,,7,win,8191
1359533,2023,6,"Arun Jaitley Stadium, Delhi",13-05-2023,Indian Premier League,59,male,T20,T20,20,2023,club,Arun Jaitley Stadium,Delhi Capitals,Punjab Kings,Delhi Capitals,field,Punjab Kings,31,,win,3747
1359534,2023,6,"Sawai Mansingh Stadium, Jaipur",14-05-2023,Indian Premier League,60,male,T20,T20,20,2023,club,Sawai Mansingh Stadium,Royal Challengers Bengaluru,Royal Challengers Bengaluru,Rajasthan Royals,bat,Royal Challengers Bengaluru,112,,win,8626
1359535,2023,6,"MA Chidambaram Stadium, Chepauk, Chennai",14-05-2023,Indian Premier League,61,male,T20,T20,20,2023,club,MA Chidambaram Stadium,Chennai Super Kings,Chennai Super Kings,Punjab Kings,bat,Punjab Kings,,6,win,1436
1359536,2023,6,"Narendra Modi Stadium, Ahmedabad",15-05-2023,Indian Premier League,62,male,T20,T20,20,2023,club,"Narendra Modi Stadium, Ahmedabad",Kolkata Knight Riders,Gujarat Titans,Kolkata Knight Riders,field,Gujarat Titans,34,,win,1580
1359537,2023,6,"Bharat Ratna Shri Atal Bihari Vajpayee Ekana Cricket Stadium, Lucknow",16-05-2023,Indian Premier League,63,male,T20,T20,20,2023,club,"Bharat Ratna Shri Atal Bihari Vajpayee Ekana Cricket Stadium, Lucknow",Chennai Super Kings,Lucknow Super Giants,Chennai Super Kings,field,Lucknow Super Giants,5,,win,73
1359538,2023,6,"Himachal Pradesh Cricket Association Stadium, Dharamsala",17-05-2023,Indian Premier League,64,male,T20,T20,20,2023,club,Himachal Pradesh Cricket Association Stadium,Punjab Kings,Delhi Capitals,Punjab Kings,field,Delhi Capitals,15,,win,8349
1359539,2023,6,"Rajiv Gandhi International Stadium, Uppal, Hyderabad",18-05-2023,Indian Premier League,65,male,T20,T20,20,2023,club,Rajiv Gandhi International Stadium,Royal Challengers Bengaluru,Kolkata Knight Riders,Royal Challengers Bengaluru,field,Royal Challengers Bengaluru,,8,win,332
1359540,2023,6,"Himachal Pradesh Cricket Association Stadium, Dharamsala",19-05-2023,Indian Premier League,66,male,T20,T20,20,2023,club,Himachal Pradesh Cricket Association Stadium,Rajasthan Royals,Punjab Kings,Rajasthan Royals,field,Rajasthan Royals,,4,win,4071
1359541,2023,6,"Arun Jaitley Stadium, Delhi",20-05-2023,Indian Premier League,67,male,T20,T20,20,2023,club,Arun Jaitley Stadium,Chennai Super Kings,Chennai Super Kings,Delhi Capitals,bat,Chennai Super Kings,77,,win,4119
1359542,2023,6,"Eden Gardens, Kolkata",20-05-2023,Indian Premier League,68,male,T20,T20,20,2023,club,Eden Gardens,Punjab Kings,Lucknow Super Giants,Punjab Kings,field,Lucknow Super Giants,1,,win,2766
1359543,2023,6,"Wankhede Stadium, Mumbai",21-05-2023,Indian Premier League,69,male,T20,T20,20,2023,club,Wankhede Stadium,Chennai Super Kings,Kolkata Knight Riders,Chennai Super Kings,field,Chennai Super Kings,,8,win,8383
1359544,2023,6,"M Chinnaswamy Stadium, Bengaluru",21-05-2023,Indian Premier League,70,male,T20,T20,20,2023,club,M. Chinnaswamy Stadium,Gujarat Titans,Royal Challengers Bengaluru,Gujarat Titans,field,Gujarat Titans,,6,win,1580
1370350,2023,6,"MA Chidambaram Stadium, Chepauk, Chennai",23-05-2023,Indian Premier League,,male,T20,T20,20,2023,club,MA Chidambaram Stadium,Gujarat Titans,Chennai Super Kings,Gujarat Titans,field,Chennai Super Kings,15,,win,4119
1370351,2023,6,"MA Chidambaram Stadium, Chepauk, Chennai",24-05-2023,Indian Premier League,,male,T20,T20,20,2023,club,MA Chidambaram Stadium,Chennai Super Kings,Chennai Super Kings,Lucknow Super Giants,bat,Chennai Super Kings,81,,win,9371
1370352,2023,6,"Narendra Modi Stadium, Ahmedabad",26-05-2023,Indian Premier League,,male,T20,T20,20,2023,club,"Narendra Modi Stadium, Ahmedabad",Chennai Super Kings,Gujarat Titans,Chennai Super Kings,field,Gujarat Titans,62,,win,1580
1370353,2023,6,"Narendra Modi Stadium, Ahmedabad",29-05-2023,Indian Premier League,,male,T20,T20,20,2023,club,"Narendra Modi Stadium, Ahmedabad",Chennai Super Kings,Gujarat Titans,Chennai Super Kings,field,Chennai Super Kings,,5,win,6657
1422119,2024,6,"MA Chidambaram Stadium, Chepauk, Chennai",22-03-2024,Indian Premier League,1,male,T20,T20,20,2024,club,MA Chidambaram Stadium,Royal Challengers Bengaluru,Royal Challengers Bengaluru,Chennai Super Kings,bat,Chennai Super Kings,,6,win,297
1422120,2024,6,"Maharaja Yadavindra Singh International Cricket Stadium, Mullanpur",23-03-2024,Indian Premier League,2,male,T20,T20,20,2024,club,"Maharaja Yadavindra Singh International Cricket Stadium, Mullanpur",Punjab Kings,Delhi Capitals,Punjab Kings,field,Punjab Kings,,4,win,2768
1422121,2024,6,"Eden Gardens, Kolkata",23-03-2024,Indian Premier League,3,male,T20,T20,20,2024,club,Eden Gardens,Kolkata Knight Riders,Punjab Kings,Kolkata Knight Riders,field,Punjab Kings,4,,win,1437
1422122,2024,6,"Sawai Mansingh Stadium, Jaipur",24-03-2024,Indian Premier League,4,male,T20,T20,20,2024,club,Sawai Mansingh Stadium,Rajasthan Royals,Rajasthan Royals,Lucknow Super Giants,bat,Rajasthan Royals,20,,win,180
1422123,2024,6,"Narendra Modi Stadium, Ahmedabad",24-03-2024,Indian Premier League,5,male,T20,T20,20,2024,club,"Narendra Modi Stadium, Ahmedabad",Chennai Super Kings,Gujarat Titans,Chennai Super Kings,field,Gujarat Titans,6,,win,6999
1422124,2024,6,"M Chinnaswamy Stadium, Bengaluru",25-03-2024,Indian Premier League,6,male,T20,T20,20,2024,club,M. Chinnaswamy Stadium,Royal Challengers Bengaluru,Punjab Kings,Royal Challengers Bengaluru,field,Royal Challengers Bengaluru,,4,win,332
1422125,2024,6,"MA Chidambaram Stadium, Chepauk, Chennai",26-03-2024,Indian Premier League,7,male,T20,T20,20,2024,club,MA Chidambaram Stadium,Gujarat Titans,Chennai Super Kings,Gujarat Titans,field,Chennai Super Kings,63,,win,2701
1422126,2024,6,"Rajiv Gandhi International Stadium, Uppal, Hyderabad",27-03-2024,Indian Premier League,8,male,T20,T20,20,2024,club,Rajiv Gandhi International Stadium,Chennai Super Kings,Kolkata Knight Riders,Chennai Super Kings,field,Kolkata Knight Riders,31,,win,2349
1422127,2024,6,"Sawai Mansingh Stadium, Jaipur",28-03-2024,Indian Premier League,9,male,T20,T20,20,2024,club,Sawai Mansingh Stadium,Delhi Capitals,Rajasthan Royals,Delhi Capitals,field,Rajasthan Royals,12,,win,3230
1422128,2024,6,"M Chinnaswamy Stadium, Bengaluru",29-03-2024,Indian Premier League,10,male,T20,T20,20,2024,club,M. Chinnaswamy Stadium,Punjab Kings,Royal Challengers Bengaluru,Punjab Kings,field,Punjab Kings,,7,win,65
1422129,2024,6,"Bharat Ratna Shri Atal Bihari Vajpayee Ekana Cricket Stadium, Lucknow",30-03-2024,Indian Premier League,11,male,T20,T20,20,2024,club,"Bharat Ratna Shri Atal Bihari Vajpayee Ekana Cricket Stadium, Lucknow",Lucknow Super Giants,Lucknow Super Giants,Punjab Kings,bat,Lucknow Super Giants,21,,win,10302
1422130,2024,6,"Narendra Modi Stadium, Ahmedabad",31-03-2024,Indian Premier League,12,male,T20,T20,20,2024,club,"Narendra Modi Stadium, Ahmedabad",Kolkata Knight Riders,Kolkata Knight Riders,Gujarat Titans,bat,Gujarat Titans,,7,win,75
1422131,2024,6,"Dr. Y.S. Rajasekhara Reddy ACA-VDCA Cricket Stadium, Visakhapatnam",31-03-2024,Indian Premier League,13,male,T20,T20,20,2024,club,Dr. Y.S. Rajasekhara Reddy ACA-VDCA Cricket Stadium,Delhi Capitals,Delhi Capitals,Chennai Super Kings,bat,Delhi Capitals,20,,win,2662
1422132,2024,6,"Wankhede Stadium, Mumbai",01-04-2024,Indian Premier League,14,male,T20,T20,20,2024,club,Wankhede Stadium,Rajasthan Royals,Chennai Super Kings,Rajasthan Royals,field,Rajasthan Royals,,6,win,66
1422133,2024,6,"M Chinnaswamy Stadium, Bengaluru",02-04-2024,Indian Premier League,15,male,T20,T20,20,2024,club,M. Chinnaswamy Stadium,Royal Challengers Bengaluru,Lucknow Super Giants,Royal Challengers Bengaluru,field,Lucknow Super Giants,28,,win,10302
1422134,2024,6,"Dr. Y.S. Rajasekhara Reddy ACA-VDCA Cricket Stadium, Visakhapatnam",03-04-2024,Indian Premier League,16,male,T20,T20,20,2024,club,Dr. Y.S. Rajasekhara Reddy ACA-VDCA Cricket Stadium,Punjab Kings,Punjab Kings,Delhi Capitals,bat,Punjab Kings,106,,win,65
1422135,2024,6,"Narendra Modi Stadium, Ahmedabad",04-04-2024,Indian Premier League,17,male,T20,T20,20,2024,club,"Narendra Modi Stadium, Ahmedabad",Punjab Kings,Gujarat Titans,Punjab Kings,field,Punjab Kings,,3,win,7024
1422136,2024,6,"Rajiv Gandhi International Stadium, Uppal, Hyderabad",05-04-2024,Indian Premier League,18,male,T20,T20,20,2024,club,Rajiv Gandhi International Stadium,Kolkata Knight Riders,Chennai Super Kings,Kolkata Knight Riders,field,Kolkata Knight Riders,,6,win,2349
1422137,2024,6,"Sawai Mansingh Stadium, Jaipur",06-04-2024,Indian Premier League,19,male,T20,T20,20,2024,club,Sawai Mansingh Stadium,Rajasthan Royals,Royal Challengers Bengaluru,Rajasthan Royals,field,Rajasthan Royals,,6,win,24
1422138,2024,6,"Wankhede Stadium, Mumbai",07-04-2024,Indian Premier League,20,male,T20,T20,20,2024,club,Wankhede Stadium,Delhi Capitals,Chennai Super Kings,Delhi Capitals,field,Chennai Super Kings,29,,win,6761
1422139,2024,6,"Bharat Ratna Shri Atal Bihari Vajpayee Ekana Cricket Stadium, Lucknow",07-04-2024,Indian Premier League,21,male,T20,T20,20,2024,club,"Bharat Ratna Shri Atal Bihari Vajpayee Ekana Cricket Stadium, Lucknow",Lucknow Super Giants,Lucknow Super Giants,Gujarat Titans,bat,Lucknow Super Giants,33,,win,8425
1426260,2024,6,"MA Chidambaram Stadium, Chepauk, Chennai",08-04-2024,Indian Premier League,22,male,T20,T20,20,2024,club,MA Chidambaram Stadium,Chennai Super Kings,Punjab Kings,Chennai Super Kings,field,Chennai Super Kings,,7,win,348
1426261,2024,6,"Maharaja Yadavindra Singh International Cricket Stadium, Mullanpur",09-04-2024,Indian Premier League,23,male,T20,T20,20,2024,club,"Maharaja Yadavindra Singh International Cricket Stadium, Mullanpur",Punjab Kings,Kolkata Knight Riders,Punjab Kings,field,Kolkata Knight Riders,2,,win,9824
1426262,2024,6,"Sawai Mansingh Stadium, Jaipur",10-04-2024,Indian Premier League,24,male,T20,T20,20,2024,club,Sawai Mansingh Stadium,Gujarat Titans,Rajasthan Royals,Gujarat Titans,field,Gujarat Titans,,3,win,22
1426263,2024,6,"Wankhede Stadium, Mumbai",11-04-2024,Indian Premier League,25,male,T20,T20,20,2024,club,Wankhede Stadium,Chennai Super Kings,Royal Challengers Bengaluru,Chennai Super Kings,field,Chennai Super Kings,,7,win,33
1426264,2024,6,"Bharat Ratna Shri Atal Bihari Vajpayee Ekana Cricket Stadium, Lucknow",12-04-2024,Indian Premier League,26,male,T20,T20,20,2024,club,"Bharat Ratna Shri Atal Bihari Vajpayee Ekana Cricket Stadium, Lucknow",Lucknow Super Giants,Lucknow Super Giants,Delhi Capitals,bat,Delhi Capitals,,6,win,64
1426265,2024,6,"Maharaja Yadavindra Singh International Cricket Stadium, Mullanpur",13-04-2024,Indian Premier League,27,male,T20,T20,20,2024,club,"Maharaja Yadavindra Singh International Cricket Stadium, Mullanpur",Rajasthan Royals,Punjab Kings,Rajasthan Royals,field,Rajasthan Royals,,3,win,2700
1426266,2024,6,"Eden Gardens, Kolkata",14-04-2024,Indian Premier League,28,male,T20,T20,20,2024,club,Eden Gardens,Punjab Kings,Lucknow Super Giants,Punjab Kings,field,Punjab Kings,,8,win,8945
1426267,2024,6,"Wankhede Stadium, Mumbai",14-04-2024,Indian Premier League,29,male,T20,T20,20,2024,club,Wankhede Stadium,Chennai Super Kings,Chennai Super Kings,Chennai Super Kings,field,Chennai Super Kings,20,,win,8007
1426268,2024,6,"M Chinnaswamy Stadium, Bengaluru",15-04-2024,Indian Premier League,30,male,T20,T20,20,2024,club,M. Chinnaswamy Stadium,Royal Challengers Bengaluru,Kolkata Knight Riders,Royal Challengers Bengaluru,field,Kolkata Knight Riders,25,,win,3
1426269,2024,6,"Eden Gardens, Kolkata",16-04-2024,Indian Premier League,31,male,T20,T20,20,2024,club,Eden Gardens,Rajasthan Royals,Punjab Kings,Rajasthan Royals,field,Rajasthan Royals,,2,win,24
1426270,2024,6,"Narendra Modi Stadium, Ahmedabad",17-04-2024,Indian Premier League,32,male,T20,T20,20,2024,club,"Narendra Modi Stadium, Ahmedabad",Delhi Capitals,Gujarat Titans,Delhi Capitals,field,Delhi Capitals,,6,win,181
1426271,2024,6,"Maharaja Yadavindra Singh International Cricket Stadium, Mullanpur",18-04-2024,Indian Premier League,33,male,T20,T20,20,2024,club,"Maharaja Yadavindra Singh International Cricket Stadium, Mullanpur",Punjab Kings,Chennai Super Kings,Punjab Kings,field,Chennai Super Kings,9,,win,33
1426272,2024,6,"Bharat Ratna Shri Atal Bihari Vajpayee Ekana Cricket Stadium, Lucknow",19-04-2024,Indian Premier League,34,male,T20,T20,20,2024,club,"Bharat Ratna Shri Atal Bihari Vajpayee Ekana Cricket Stadium, Lucknow",Lucknow Super Giants,Chennai Super Kings,Lucknow Super Giants,field,Lucknow Super Giants,,8,win,1409
1426273,2024,6,"Arun Jaitley Stadium, Delhi",20-04-2024,Indian Premier League,35,male,T20,T20,20,2024,club,Arun Jaitley Stadium,Delhi Capitals,Kolkata Knight Riders,Delhi Capitals,field,Kolkata Knight Riders,67,,win,3
1426274,2024,6,"Eden Gardens, Kolkata",21-04-2024,Indian Premier League,36,male,T20,T20,20,2024,club,Eden Gardens,Royal Challengers Bengaluru,Punjab Kings,Royal Challengers Bengaluru,field,Punjab Kings,1,,win,1437
1426275,2024,6,"Maharaja Yadavindra Singh International Cricket Stadium, Mullanpur",21-04-2024,Indian Premier League,37,male,T20,T20,20,2024,club,"Maharaja Yadavindra Singh International Cricket Stadium, Mullanpur",Punjab Kings,Punjab Kings,Gujarat Titans,bat,Gujarat Titans,,3,win,7895
1426276,2024,6,"Sawai Mansingh Stadium, Jaipur",22-04-2024,Indian Premier League,38,male,T20,T20,20,2024,club,Sawai Mansingh Stadium,Chennai Super Kings,Chennai Super Kings,Rajasthan Royals,bat,Rajasthan Royals,,9,win,76
1426277,2024,6,"MA Chidambaram Stadium, Chepauk, Chennai",23-04-2024,Indian Premier League,39,male,T20,T20,20,2024,club,MA Chidambaram Stadium,Lucknow Super Giants,Chennai Super Kings,Lucknow Super Giants,field,Lucknow Super Giants,,6,win,73
1426278,2024,6,"Arun Jaitley Stadium, Delhi",24-04-2024,Indian Premier League,40,male,T20,T20,20,2024,club,Arun Jaitley Stadium,Gujarat Titans,Delhi Capitals,Gujarat Titans,field,Delhi Capitals,4,,win,181
1426279,2024,6,"Rajiv Gandhi International Stadium, Uppal, Hyderabad",25-04-2024,Indian Premier League,41,male,T20,T20,20,2024,club,Rajiv Gandhi International Stadium,Royal Challengers Bengaluru,Royal Challengers Bengaluru,Kolkata Knight Riders,bat,Royal Challengers Bengaluru,35,,win,5349
1426280,2024,6,"Eden Gardens, Kolkata",26-04-2024,Indian Premier League,42,male,T20,T20,20,2024,club,Eden Gardens,Punjab Kings,Punjab Kings,Punjab Kings,field,Punjab Kings,,8,win,2719
1426281,2024,6,"Arun Jaitley Stadium, Delhi",27-04-2024,Indian Premier League,43,male,T20,T20,20,2024,club,Arun Jaitley Stadium,Chennai Super Kings,Delhi Capitals,Chennai Super Kings,field,Delhi Capitals,10,,win,10667
1426282,2024,6,"Bharat Ratna Shri Atal Bihari Vajpayee Ekana Cricket Stadium, Lucknow",27-04-2024,Indian Premier League,44,male,T20,T20,20,2024,club,"Bharat Ratna Shri Atal Bihari Vajpayee Ekana Cricket Stadium, Lucknow",Rajasthan Royals,Lucknow Super Giants,Rajasthan Royals,field,Rajasthan Royals,,7,win,180
1426283,2024,6,"Narendra Modi Stadium, Ahmedabad",28-04-2024,Indian Premier League,45,male,T20,T20,20,2024,club,"Narendra Modi Stadium, Ahmedabad",Royal Challengers Bengaluru,Gujarat Titans,Royal Challengers Bengaluru,field,Royal Challengers Bengaluru,,9,win,10630
1426284,2024,6,"MA Chidambaram Stadium, Chepauk, Chennai",28-04-2024,Indian Premier League,46,male,T20,T20,20,2024,club,MA Chidambaram Stadium,Kolkata Knight Riders,Chennai Super Kings,Kolkata Knight Riders,field,Chennai Super Kings,78,,win,4119
1426285,2024,6,"Eden Gardens, Kolkata",29-04-2024,Indian Premier League,47,male,T20,T20,20,2024,club,Eden Gardens,Delhi Capitals,Delhi Capitals,Punjab Kings,bat,Punjab Kings,,7,win,2825
1426286,2024,6,"Bharat Ratna Shri Atal Bihari Vajpayee Ekana Cricket Stadium, Lucknow",30-04-2024,Indian Premier League,48,male,T20,T20,20,2024,club,"Bharat Ratna Shri Atal Bihari Vajpayee Ekana Cricket Stadium, Lucknow",Lucknow Super Giants,Chennai Super Kings,Lucknow Super Giants,field,Lucknow Super Giants,,4,win,73
1426287,2024,6,"MA Chidambaram Stadium, Chepauk, Chennai",01-05-2024,Indian Premier League,49,male,T20,T20,20,2024,club,MA Chidambaram Stadium,Punjab Kings,Chennai Super Kings,Punjab Kings,field,Punjab Kings,,7,win,3495
1426288,2024,6,"Rajiv Gandhi International Stadium, Uppal, Hyderabad",02-05-2024,Indian Premier League,50,male,T20,T20,20,2024,club,Rajiv Gandhi International Stadium,Kolkata Knight Riders,Kolkata Knight Riders,Rajasthan Royals,bat,Kolkata Knight Riders,1,,win,20
1426289,2024,6,"Wankhede Stadium, Mumbai",03-05-2024,Indian Premier League,51,male,T20,T20,20,2024,club,Wankhede Stadium,Chennai Super Kings,Punjab Kings,Chennai Super Kings,field,Punjab Kings,24,,win,5986
1426290,2024,6,"M Chinnaswamy Stadium, Bengaluru",04-05-2024,Indian Premier League,52,male,T20,T20,20,2024,club,M. Chinnaswamy Stadium,Royal Challengers Bengaluru,Gujarat Titans,Royal Challengers Bengaluru,field,Royal Challengers Bengaluru,,4,win,538
1426291,2024,6,"Himachal Pradesh Cricket Association Stadium, Dharamsala",05-05-2024,Indian Premier League,53,male,T20,T20,20,2024,club,Himachal Pradesh Cricket Association Stadium,Punjab Kings,Chennai Super Kings,Punjab Kings,field,Chennai Super Kings,28,,win,348
1426292,2024,6,"Bharat Ratna Shri Atal Bihari Vajpayee Ekana Cricket Stadium, Lucknow",05-05-2024,Indian Premier League,54,male,T20,T20,20,2024,club,"Bharat Ratna Shri Atal Bihari Vajpayee Ekana Cricket Stadium, Lucknow",Lucknow Super Giants,Punjab Kings,Lucknow Super Giants,field,Punjab Kings,98,,win,65
1426293,2024,6,"Wankhede Stadium, Mumbai",06-05-2024,Indian Premier League,55,male,T20,T20,20,2024,club,Wankhede Stadium,Chennai Super Kings,Kolkata Knight Riders,Chennai Super Kings,field,Chennai Super Kings,,7,win,61
1426294,2024,6,"Arun Jaitley Stadium, Delhi",07-05-2024,Indian Premier League,56,male,T20,T20,20,2024,club,Arun Jaitley Stadium,Rajasthan Royals,Delhi Capitals,Rajasthan Royals,field,Delhi Capitals,20,,win,64
1426295,2024,6,"Rajiv Gandhi International Stadium, Uppal, Hyderabad",08-05-2024,Indian Premier League,57,male,T20,T20,20,2024,club,Rajiv Gandhi International Stadium,Lucknow Super Giants,Lucknow Super Giants,Kolkata Knight Riders,bat,Kolkata Knight Riders,,10,win,3
1426296,2024,6,"Himachal Pradesh Cricket Association Stadium, Dharamsala",09-05-2024,Indian Premier League,58,male,T20,T20,20,2024,club,Himachal Pradesh Cricket Association Stadium,Punjab Kings,Royal Challengers Bengaluru,Punjab Kings,field,Royal Challengers Bengaluru,60,,win,332
1426297,2024,6,"Narendra Modi Stadium, Ahmedabad",10-05-2024,Indian Premier League,59,male,T20,T20,20,2024,club,"Narendra Modi Stadium, Ahmedabad",Chennai Super Kings,Gujarat Titans,Chennai Super Kings,field,Gujarat Titans,35,,win,1580
1426298,2024,6,"Eden Gardens, Kolkata",11-05-2024,Indian Premier League,60,male,T20,T20,20,2024,club,Eden Gardens,Chennai Super Kings,Punjab Kings,Chennai Super Kings,field,Punjab Kings,18,,win,2825
1426299,2024,6,"MA Chidambaram Stadium, Chepauk, Chennai",12-05-2024,Indian Premier League,61,male,T20,T20,20,2024,club,MA Chidambaram Stadium,Rajasthan Royals,Rajasthan Royals,Chennai Super Kings,bat,Chennai Super Kings,,5,win,7652
1426300,2024,6,"M Chinnaswamy Stadium, Bengaluru",12-05-2024,Indian Premier League,62,male,T20,T20,20,2024,club,M. Chinnaswamy Stadium,Delhi Capitals,Royal Challengers Bengaluru,Delhi Capitals,field,Royal Challengers Bengaluru,47,,win,8383
1426302,2024,6,"Arun Jaitley Stadium, Delhi",14-05-2024,Indian Premier League,64,male,T20,T20,20,2024,club,Arun Jaitley Stadium,Lucknow Super Giants,Delhi Capitals,Lucknow Super Giants,field,Delhi Capitals,19,,win,308
1426303,2024,6,"Barsapara Cricket Stadium, Guwahati",15-05-2024,Indian Premier League,65,male,T20,T20,20,2024,club,"Barsapara Cricket Stadium, Guwahati",Rajasthan Royals,Rajasthan Royals,Punjab Kings,bat,Punjab Kings,,5,win,2768
1426305,2024,6,"Wankhede Stadium, Mumbai",17-05-2024,Indian Premier League,67,male,T20,T20,20,2024,club,Wankhede Stadium,Chennai Super Kings,Lucknow Super Giants,Chennai Super Kings,field,Lucknow Super Giants,18,,win,2766
1426306,2024,6,"M Chinnaswamy Stadium, Bengaluru",18-05-2024,Indian Premier League,68,male,T20,T20,20,2024,club,M. Chinnaswamy Stadium,Chennai Super Kings,Royal Challengers Bengaluru,Chennai Super Kings,field,Royal Challengers Bengaluru,27,,win,267
1426307,2024,6,"Rajiv Gandhi International Stadium, Uppal, Hyderabad",19-05-2024,Indian Premier League,69,male,T20,T20,20,2024,club,Rajiv Gandhi International Stadium,Punjab Kings,Punjab Kings,Kolkata Knight Riders,bat,Kolkata Knight Riders,,4,win,2349
1426309,2024,6,"Narendra Modi Stadium, Ahmedabad",21-05-2024,Indian Premier League,,male,T20,T20,20,2024,club,"Narendra Modi Stadium, Ahmedabad",Kolkata Knight Riders,Kolkata Knight Riders,Punjab Kings,bat,Punjab Kings,,8,win,10109
1426310,2024,6,"Narendra Modi Stadium, Ahmedabad",22-05-2024,Indian Premier League,,male,T20,T20,20,2024,club,"Narendra Modi Stadium, Ahmedabad",Rajasthan Royals,Royal Challengers Bengaluru,Rajasthan Royals,field,Rajasthan Royals,,4,win,1416
1426311,2024,6,"MA Chidambaram Stadium, Chepauk, Chennai",24-05-2024,Indian Premier League,,male,T20,T20,20,2024,club,MA Chidambaram Stadium,Rajasthan Royals,Kolkata Knight Riders,Rajasthan Royals,field,Kolkata Knight Riders,36,,win,4310
1426312,2024,6,"MA Chidambaram Stadium, Chepauk, Chennai",26-05-2024,Indian Premier League,,male,T20,T20,20,2024,club,MA Chidambaram Stadium,Kolkata Knight Riders,Kolkata Knight Riders,Punjab Kings,bat,Punjab Kings,,8,win,10109
1473438,2025,6,"Eden Gardens, Kolkata",22-03-2025,Indian Premier League,1,male,T20,T20,20,2025,club,Eden Gardens,Royal Challengers Bengaluru,Punjab Kings,Royal Challengers Bengaluru,field,Royal Challengers Bengaluru,,7,win,28
1473439,2025,6,"Rajiv Gandhi International Stadium, Uppal, Hyderabad",23-03-2025,Indian Premier League,2,male,T20,T20,20,2025,club,Rajiv Gandhi International Stadium,Rajasthan Royals,Kolkata Knight Riders,Rajasthan Royals,field,Kolkata Knight Riders,44,,win,347
1473440,2025,6,"MA Chidambaram Stadium, Chepauk, Chennai",23-03-2025,Indian Premier League,3,male,T20,T20,20,2025,club,MA Chidambaram Stadium,Chennai Super Kings,Chennai Super Kings,Chennai Super Kings,field,Chennai Super Kings,,4,win,8809
1473441,2025,6,"Dr. Y.S. Rajasekhara Reddy ACA-VDCA Cricket Stadium, Visakhapatnam",24-03-2025,Indian Premier League,4,male,T20,T20,20,2025,club,Dr. Y.S. Rajasekhara Reddy ACA-VDCA Cricket Stadium,Delhi Capitals,Lucknow Super Giants,Delhi Capitals,field,Delhi Capitals,,1,win,10456
1473442,2025,6,"Narendra Modi Stadium, Ahmedabad",25-03-2025,Indian Premier League,5,male,T20,T20,20,2025,club,"Narendra Modi Stadium, Ahmedabad",Gujarat Titans,Punjab Kings,Gujarat Titans,field,Punjab Kings,11,,win,389
1473443,2025,6,"Barsapara Cricket Stadium, Guwahati",26-03-2025,Indian Premier League,6,male,T20,T20,20,2025,club,"Barsapara Cricket Stadium, Guwahati",Punjab Kings,Rajasthan Royals,Punjab Kings,field,Punjab Kings,,8,win,1421
1473444,2025,6,"Rajiv Gandhi International Stadium, Uppal, Hyderabad",27-03-2025,Indian Premier League,7,male,T20,T20,20,2025,club,Rajiv Gandhi International Stadium,Lucknow Super Giants,Kolkata Knight Riders,Lucknow Super Giants,field,Lucknow Super Giants,,5,win,360
1473445,2025,6,"MA Chidambaram Stadium, Chepauk, Chennai",28-03-2025,Indian Premier League,8,male,T20,T20,20,2025,club,MA Chidambaram Stadium,Chennai Super Kings,Royal Challengers Bengaluru,Chennai Super Kings,field,Royal Challengers Bengaluru,50,,win,5349
335983,2008,6,"Punjab Cricket Association Stadium, Mohali",19-04-2008,Indian Premier League,2,male,T20,T20,20,2008,club,"Punjab Cricket Association Stadium, Mohali",Chennai Super Kings,Punjab Kings,Chennai Super Kings,bat,Chennai Super Kings,33,,win,11943
335984,2008,6,Feroz Shah Kotla,19-04-2008,Indian Premier League,3,male,T20,T20,20,2008,club,Arun Jaitley Stadium,Rajasthan Royals,Delhi Capitals,Rajasthan Royals,bat,Delhi Capitals,,9,win,11982
335985,2008,6,Wankhede Stadium,20-04-2008,Indian Premier League,5,male,T20,T20,20,2008,club,Wankhede Stadium,Chennai Super Kings,Chennai Super Kings,Royal Challengers Bengaluru,bat,Royal Challengers Bengaluru,,5,win,11935
335986,2008,6,Eden Gardens,20-04-2008,Indian Premier League,4,male,T20,T20,20,2008,club,Eden Gardens,Kolkata Knight Riders,Punjab Kings,Kolkata Knight Riders,bat,Punjab Kings,,5,win,11922
335987,2008,6,Sawai Mansingh Stadium,21-04-2008,Indian Premier League,6,male,T20,T20,20,2008,club,Sawai Mansingh Stadium,Punjab Kings,Rajasthan Royals,Punjab Kings,bat,Rajasthan Royals,,6,win,5
335988,2008,6,"Rajiv Gandhi International Stadium, Uppal",22-04-2008,Indian Premier League,7,male,T20,T20,20,2008,club,Rajiv Gandhi International Stadium,Kolkata Knight Riders,Kolkata Knight Riders,Delhi Capitals,bat,Delhi Capitals,,9,win,11975
335989,2008,6,"MA Chidambaram Stadium, Chepauk",23-04-2008,Indian Premier League,8,male,T20,T20,20,2008,club,MA Chidambaram Stadium,Chennai Super Kings,Chennai Super Kings,Chennai Super Kings,field,Chennai Super Kings,6,,win,11942
335990,2008,6,"Rajiv Gandhi International Stadium, Uppal",24-04-2008,Indian Premier League,9,male,T20,T20,20,2008,club,Rajiv Gandhi International Stadium,Rajasthan Royals,Kolkata Knight Riders,Rajasthan Royals,field,Rajasthan Royals,,3,win,60
335991,2008,6,"Punjab Cricket Association Stadium, Mohali",25-04-2008,Indian Premier League,10,male,T20,T20,20,2008,club,"Punjab Cricket Association Stadium, Mohali",Chennai Super Kings,Punjab Kings,Chennai Super Kings,field,Punjab Kings,66,,win,11954
335992,2008,6,M Chinnaswamy Stadium,26-04-2008,Indian Premier League,12,male,T20,T20,20,2008,club,M. Chinnaswamy Stadium,Rajasthan Royals,Royal Challengers Bengaluru,Rajasthan Royals,field,Rajasthan Royals,,7,win,5
335993,2008,6,"MA Chidambaram Stadium, Chepauk",26-04-2008,Indian Premier League,11,male,T20,T20,20,2008,club,MA Chidambaram Stadium,Punjab Kings,Chennai Super Kings,Punjab Kings,bat,Chennai Super Kings,,9,win,11946
335994,2008,6,Dr DY Patil Sports Academy,27-04-2008,Indian Premier League,14,male,T20,T20,20,2008,club,Dr DY Patil Sports Academy,Kolkata Knight Riders,Chennai Super Kings,Kolkata Knight Riders,field,Kolkata Knight Riders,,10,win,12007
335995,2008,6,"Punjab Cricket Association Stadium, Mohali",27-04-2008,Indian Premier League,13,male,T20,T20,20,2008,club,"Punjab Cricket Association Stadium, Mohali",Delhi Capitals,Punjab Kings,Delhi Capitals,bat,Punjab Kings,,4,win,11956
335996,2008,6,M Chinnaswamy Stadium,28-04-2008,Indian Premier League,15,male,T20,T20,20,2008,club,M. Chinnaswamy Stadium,Chennai Super Kings,Royal Challengers Bengaluru,Chennai Super Kings,bat,Chennai Super Kings,13,,win,38
335997,2008,6,Eden Gardens,29-04-2008,Indian Premier League,16,male,T20,T20,20,2008,club,Eden Gardens,Punjab Kings,Punjab Kings,Chennai Super Kings,bat,Chennai Super Kings,,7,win,11986
335998,2008,6,Feroz Shah Kotla,30-04-2008,Indian Premier League,17,male,T20,T20,20,2008,club,Arun Jaitley Stadium,Royal Challengers Bengaluru,Delhi Capitals,Royal Challengers Bengaluru,field,Delhi Capitals,10,,win,11984
335999,2008,6,"Rajiv Gandhi International Stadium, Uppal",01-05-2008,Indian Premier League,19,male,T20,T20,20,2008,club,Rajiv Gandhi International Stadium,Punjab Kings,Kolkata Knight Riders,Punjab Kings,field,Punjab Kings,,7,win,541
336000,2008,6,Sawai Mansingh Stadium,01-05-2008,Indian Premier League,18,male,T20,T20,20,2008,club,Sawai Mansingh Stadium,Rajasthan Royals,Rajasthan Royals,Punjab Kings,bat,Rajasthan Royals,45,,win,12327
336001,2008,6,"MA Chidambaram Stadium, Chepauk",02-05-2008,Indian Premier League,20,male,T20,T20,20,2008,club,MA Chidambaram Stadium,Chennai Super Kings,Chennai Super Kings,Delhi Capitals,bat,Delhi Capitals,,8,win,11975
336002,2008,6,"Rajiv Gandhi International Stadium, Uppal",25-05-2008,Indian Premier League,51,male,T20,T20,20,2008,club,Rajiv Gandhi International Stadium,Kolkata Knight Riders,Kolkata Knight Riders,Royal Challengers Bengaluru,bat,Royal Challengers Bengaluru,,5,win,1242
336003,2008,6,"Punjab Cricket Association Stadium, Mohali",03-05-2008,Indian Premier League,22,male,T20,T20,20,2008,club,"Punjab Cricket Association Stadium, Mohali",Punjab Kings,Punjab Kings,Punjab Kings,bat,Punjab Kings,9,,win,811
336004,2008,6,Dr DY Patil Sports Academy,04-05-2008,Indian Premier League,23,male,T20,T20,20,2008,club,Dr DY Patil Sports Academy,Delhi Capitals,Chennai Super Kings,Delhi Capitals,field,Chennai Super Kings,29,,win,11991
336005,2008,6,Sawai Mansingh Stadium,04-05-2008,Indian Premier League,24,male,T20,T20,20,2008,club,Sawai Mansingh Stadium,Chennai Super Kings,Rajasthan Royals,Chennai Super Kings,bat,Rajasthan Royals,,8,win,12147
336006,2008,6,M Chinnaswamy Stadium,05-05-2008,Indian Premier League,25,male,T20,T20,20,2008,club,M. Chinnaswamy Stadium,Punjab Kings,Royal Challengers Bengaluru,Punjab Kings,field,Punjab Kings,,6,win,11962
336007,2008,6,"MA Chidambaram Stadium, Chepauk",06-05-2008,Indian Premier League,26,male,T20,T20,20,2008,club,MA Chidambaram Stadium,Kolkata Knight Riders,Chennai Super Kings,Kolkata Knight Riders,field,Kolkata Knight Riders,,7,win,12007
336008,2008,6,Dr DY Patil Sports Academy,07-05-2008,Indian Premier League,27,male,T20,T20,20,2008,club,Dr DY Patil Sports Academy,Chennai Super Kings,Chennai Super Kings,Rajasthan Royals,field,Chennai Super Kings,,7,win,21
336009,2008,6,Feroz Shah Kotla,08-05-2008,Indian Premier League,28,male,T20,T20,20,2008,club,Arun Jaitley Stadium,Chennai Super Kings,Delhi Capitals,Chennai Super Kings,field,Chennai Super Kings,,4,win,38
336010,2008,6,Eden Gardens,08-05-2008,Indian Premier League,29,male,T20,T20,20,2008,club,Eden Gardens,Punjab Kings,Punjab Kings,Royal Challengers Bengaluru,bat,Punjab Kings,5,,win,11919
336011,2008,6,Sawai Mansingh Stadium,09-05-2008,Indian Premier League,30,male,T20,T20,20,2008,club,Sawai Mansingh Stadium,Rajasthan Royals,Rajasthan Royals,Kolkata Knight Riders,field,Rajasthan Royals,,8,win,60
336012,2008,6,M Chinnaswamy Stadium,28-05-2008,Indian Premier League,55,male,T20,T20,20,2008,club,M. Chinnaswamy Stadium,Chennai Super Kings,Royal Challengers Bengaluru,Chennai Super Kings,field,Chennai Super Kings,,9,win,12269
336013,2008,6,"MA Chidambaram Stadium, Chepauk",10-05-2008,Indian Premier League,31,male,T20,T20,20,2008,club,MA Chidambaram Stadium,Punjab Kings,Chennai Super Kings,Punjab Kings,field,Chennai Super Kings,18,,win,12523
336014,2008,6,"Rajiv Gandhi International Stadium, Uppal",11-05-2008,Indian Premier League,32,male,T20,T20,20,2008,club,Rajiv Gandhi International Stadium,Punjab Kings,Kolkata Knight Riders,Punjab Kings,bat,Punjab Kings,23,,win,11919
336015,2008,6,Sawai Mansingh Stadium,11-05-2008,Indian Premier League,33,male,T20,T20,20,2008,club,Sawai Mansingh Stadium,Rajasthan Royals,Rajasthan Royals,Delhi Capitals,field,Rajasthan Royals,,3,win,5
336016,2008,6,"Punjab Cricket Association Stadium, Mohali",12-05-2008,Indian Premier League,34,male,T20,T20,20,2008,club,"Punjab Cricket Association Stadium, Mohali",Royal Challengers Bengaluru,Punjab Kings,Royal Challengers Bengaluru,bat,Punjab Kings,,9,win,541
336017,2008,6,Eden Gardens,13-05-2008,Indian Premier League,35,male,T20,T20,20,2008,club,Eden Gardens,Punjab Kings,Punjab Kings,Delhi Capitals,bat,Punjab Kings,23,,win,12710
336018,2008,6,Wankhede Stadium,14-05-2008,Indian Premier League,36,male,T20,T20,20,2008,club,Wankhede Stadium,Chennai Super Kings,Chennai Super Kings,Chennai Super Kings,field,Chennai Super Kings,,9,win,11986
336019,2008,6,"Punjab Cricket Association Stadium, Mohali",28-05-2008,Indian Premier League,56,male,T20,T20,20,2008,club,"Punjab Cricket Association Stadium, Mohali",Rajasthan Royals,Punjab Kings,Rajasthan Royals,field,Punjab Kings,41,,win,541
336020,2008,6,Feroz Shah Kotla,15-05-2008,Indian Premier League,37,male,T20,T20,20,2008,club,Arun Jaitley Stadium,Kolkata Knight Riders,Delhi Capitals,Kolkata Knight Riders,field,Delhi Capitals,12,,win,185
336021,2008,6,Wankhede Stadium,16-05-2008,Indian Premier League,38,male,T20,T20,20,2008,club,Wankhede Stadium,Chennai Super Kings,Chennai Super Kings,Punjab Kings,field,Chennai Super Kings,,8,win,11991
336022,2008,6,Feroz Shah Kotla,17-05-2008,Indian Premier League,40,male,T20,T20,20,2008,club,Arun Jaitley Stadium,Delhi Capitals,Delhi Capitals,Punjab Kings,bat,Punjab Kings,6,,win,12032
336023,2008,6,Sawai Mansingh Stadium,17-05-2008,Indian Premier League,39,male,T20,T20,20,2008,club,Sawai Mansingh Stadium,Royal Challengers Bengaluru,Rajasthan Royals,Royal Challengers Bengaluru,field,Rajasthan Royals,65,,win,12107
336024,2008,6,"Rajiv Gandhi International Stadium, Uppal",18-05-2008,Indian Premier League,42,male,T20,T20,20,2008,club,Rajiv Gandhi International Stadium,Kolkata Knight Riders,Kolkata Knight Riders,Chennai Super Kings,field,Chennai Super Kings,25,,win,1393
336025,2008,6,Eden Gardens,18-05-2008,Indian Premier League,41,male,T20,T20,20,2008,club,Eden Gardens,Punjab Kings,Punjab Kings,Chennai Super Kings,bat,Chennai Super Kings,3,,win,12345
336026,2008,6,M Chinnaswamy Stadium,19-05-2008,Indian Premier League,43,male,T20,T20,20,2008,club,M. Chinnaswamy Stadium,Delhi Capitals,Royal Challengers Bengaluru,Delhi Capitals,field,Delhi Capitals,,5,win,2295
336027,2008,6,Eden Gardens,20-05-2008,Indian Premier League,44,male,T20,T20,20,2008,club,Eden Gardens,Rajasthan Royals,Punjab Kings,Rajasthan Royals,field,Rajasthan Royals,,6,win,60
336028,2008,6,Wankhede Stadium,21-05-2008,Indian Premier League,45,male,T20,T20,20,2008,club,Wankhede Stadium,Chennai Super Kings,Chennai Super Kings,Punjab Kings,field,Punjab Kings,1,,win,541
336029,2008,6,"MA Chidambaram Stadium, Chepauk",21-05-2008,Indian Premier League,46,male,T20,T20,20,2008,club,MA Chidambaram Stadium,Royal Challengers Bengaluru,Chennai Super Kings,Royal Challengers Bengaluru,bat,Royal Challengers Bengaluru,14,,win,12160
336031,2008,6,"Punjab Cricket Association Stadium, Mohali",23-05-2008,Indian Premier League,48,male,T20,T20,20,2008,club,"Punjab Cricket Association Stadium, Mohali",Punjab Kings,Punjab Kings,Kolkata Knight Riders,field,Punjab Kings,,6,win,541
336032,2008,6,Feroz Shah Kotla,24-05-2008,Indian Premier League,50,male,T20,T20,20,2008,club,Arun Jaitley Stadium,Delhi Capitals,Delhi Capitals,Chennai Super Kings,field,Delhi Capitals,,5,win,49
336033,2008,6,"MA Chidambaram Stadium, Chepauk",24-05-2008,Indian Premier League,49,male,T20,T20,20,2008,club,MA Chidambaram Stadium,Rajasthan Royals,Chennai Super Kings,Rajasthan Royals,bat,Rajasthan Royals,10,,win,12234
336034,2008,6,M Chinnaswamy Stadium,03-05-2008,Indian Premier League,21,male,T20,T20,20,2008,club,M. Chinnaswamy Stadium,Kolkata Knight Riders,Royal Challengers Bengaluru,Kolkata Knight Riders,field,Royal Challengers Bengaluru,3,,win,52
336035,2008,6,Eden Gardens,25-05-2008,Indian Premier League,52,male,T20,T20,20,2008,club,Eden Gardens,Punjab Kings,Punjab Kings,Punjab Kings,bat,Punjab Kings,,3,win,12323
336036,2008,6,Sawai Mansingh Stadium,26-05-2008,Indian Premier League,53,male,T20,T20,20,2008,club,Sawai Mansingh Stadium,Rajasthan Royals,Rajasthan Royals,Chennai Super Kings,field,Rajasthan Royals,,5,win,12147
336037,2008,6,"Rajiv Gandhi International Stadium, Uppal",27-05-2008,Indian Premier League,54,male,T20,T20,20,2008,club,Rajiv Gandhi International Stadium,Kolkata Knight Riders,Kolkata Knight Riders,Chennai Super Kings,bat,Chennai Super Kings,,7,win,47
336038,2008,6,Wankhede Stadium,30-05-2008,Indian Premier League,,male,T20,T20,20,2008,club,Wankhede Stadium,Delhi Capitals,Delhi Capitals,Rajasthan Royals,field,Rajasthan Royals,105,,win,5
336039,2008,6,Wankhede Stadium,31-05-2008,Indian Premier League,,male,T20,T20,20,2008,club,Wankhede Stadium,Punjab Kings,Chennai Super Kings,Punjab Kings,bat,Chennai Super Kings,,9,win,12345
336040,2008,6,Dr DY Patil Sports Academy,01-06-2008,Indian Premier League,,male,T20,T20,20,2008,club,Dr DY Patil Sports Academy,Rajasthan Royals,Chennai Super Kings,Rajasthan Royals,field,Rajasthan Royals,,3,win,60
392181,2009,6,Newlands,18-04-2009,Indian Premier League,1,male,T20,T20,20,2009,club,Newlands,Chennai Super Kings,Chennai Super Kings,Chennai Super Kings,field,Chennai Super Kings,19,,win,12580
392182,2009,6,Newlands,18-04-2009,Indian Premier League,2,male,T20,T20,20,2009,club,Newlands,Royal Challengers Bengaluru,Royal Challengers Bengaluru,Rajasthan Royals,bat,Royal Challengers Bengaluru,75,,win,11930
392183,2009,6,Newlands,19-04-2009,Indian Premier League,3,male,T20,T20,20,2009,club,Newlands,Delhi Capitals,Delhi Capitals,Punjab Kings,field,Delhi Capitals,,10,win,11981
392184,2009,6,Newlands,19-04-2009,Indian Premier League,4,male,T20,T20,20,2009,club,Newlands,Punjab Kings,Kolkata Knight Riders,Punjab Kings,bat,Kolkata Knight Riders,,8,win,12016
392185,2009,6,St George's Park,20-04-2009,Indian Premier League,5,male,T20,T20,20,2009,club,St George's Park,Chennai Super Kings,Royal Challengers Bengaluru,Chennai Super Kings,bat,Chennai Super Kings,92,,win,11951
392186,2009,6,Kingsmead,21-04-2009,Indian Premier League,6,male,T20,T20,20,2009,club,Kingsmead,Punjab Kings,Punjab Kings,Punjab Kings,field,Punjab Kings,11,,win,1
392188,2009,6,Newlands,22-04-2009,Indian Premier League,8,male,T20,T20,20,2009,club,Newlands,Kolkata Knight Riders,Royal Challengers Bengaluru,Kolkata Knight Riders,bat,Kolkata Knight Riders,24,,win,12007
392189,2009,6,Kingsmead,23-04-2009,Indian Premier League,9,male,T20,T20,20,2009,club,Kingsmead,Delhi Capitals,Chennai Super Kings,Delhi Capitals,bat,Delhi Capitals,9,,win,245
392190,2009,6,Newlands,23-04-2009,Indian Premier League,10,male,T20,T20,20,2009,club,Newlands,Punjab Kings,Punjab Kings,Rajasthan Royals,field,Rajasthan Royals,,,tie,60
392191,2009,6,Kingsmead,24-04-2009,Indian Premier League,11,male,T20,T20,20,2009,club,Kingsmead,Royal Challengers Bengaluru,Royal Challengers Bengaluru,Punjab Kings,bat,Punjab Kings,,7,win,13250
392192,2009,6,Kingsmead,25-04-2009,Indian Premier League,12,male,T20,T20,20,2009,club,Kingsmead,Kolkata Knight Riders,Kolkata Knight Riders,Chennai Super Kings,bat,Kolkata Knight Riders,12,,win,12017
392194,2009,6,St George's Park,26-04-2009,Indian Premier League,14,male,T20,T20,20,2009,club,St George's Park,Royal Challengers Bengaluru,Royal Challengers Bengaluru,Delhi Capitals,bat,Delhi Capitals,,6,win,12650
392195,2009,6,Newlands,26-04-2009,Indian Premier League,15,male,T20,T20,20,2009,club,Newlands,Punjab Kings,Punjab Kings,Rajasthan Royals,bat,Punjab Kings,27,,win,11954
392196,2009,6,Kingsmead,27-04-2009,Indian Premier League,16,male,T20,T20,20,2009,club,Kingsmead,Kolkata Knight Riders,Chennai Super Kings,Kolkata Knight Riders,field,Kolkata Knight Riders,,6,win,12295
392197,2009,6,St George's Park,27-04-2009,Indian Premier League,17,male,T20,T20,20,2009,club,St George's Park,Chennai Super Kings,Punjab Kings,Chennai Super Kings,bat,Chennai Super Kings,92,,win,12580
392198,2009,6,SuperSport Park,28-04-2009,Indian Premier League,18,male,T20,T20,20,2009,club,SuperSport Park,Delhi Capitals,Delhi Capitals,Rajasthan Royals,bat,Rajasthan Royals,,5,win,60
392199,2009,6,Kingsmead,29-04-2009,Indian Premier League,19,male,T20,T20,20,2009,club,Kingsmead,Punjab Kings,Royal Challengers Bengaluru,Punjab Kings,bat,Royal Challengers Bengaluru,,5,win,11935
392200,2009,6,Kingsmead,29-04-2009,Indian Premier League,20,male,T20,T20,20,2009,club,Kingsmead,Punjab Kings,Punjab Kings,Chennai Super Kings,bat,Punjab Kings,3,,win,11954
392201,2009,6,SuperSport Park,30-04-2009,Indian Premier League,21,male,T20,T20,20,2009,club,SuperSport Park,Delhi Capitals,Kolkata Knight Riders,Delhi Capitals,field,Delhi Capitals,,6,win,13245
392202,2009,6,SuperSport Park,30-04-2009,Indian Premier League,22,male,T20,T20,20,2009,club,SuperSport Park,Rajasthan Royals,Chennai Super Kings,Rajasthan Royals,field,Chennai Super Kings,38,,win,47
392203,2009,6,Buffalo Park,01-05-2009,Indian Premier League,23,male,T20,T20,20,2009,club,Buffalo Park,Chennai Super Kings,Punjab Kings,Chennai Super Kings,bat,Chennai Super Kings,9,,win,1964
392204,2009,6,Kingsmead,01-05-2009,Indian Premier League,24,male,T20,T20,20,2009,club,Kingsmead,Royal Challengers Bengaluru,Royal Challengers Bengaluru,Punjab Kings,bat,Royal Challengers Bengaluru,8,,win,15
392205,2009,6,St George's Park,02-05-2009,Indian Premier League,25,male,T20,T20,20,2009,club,St George's Park,Kolkata Knight Riders,Kolkata Knight Riders,Rajasthan Royals,bat,Rajasthan Royals,,3,win,60
392206,2009,6,New Wanderers Stadium,02-05-2009,Indian Premier League,26,male,T20,T20,20,2009,club,New Wanderers Stadium,Delhi Capitals,Chennai Super Kings,Delhi Capitals,field,Chennai Super Kings,18,,win,53
392207,2009,6,St George's Park,03-05-2009,Indian Premier League,27,male,T20,T20,20,2009,club,St George's Park,Punjab Kings,Punjab Kings,Punjab Kings,bat,Punjab Kings,,6,win,12032
392208,2009,6,New Wanderers Stadium,03-05-2009,Indian Premier League,28,male,T20,T20,20,2009,club,New Wanderers Stadium,Chennai Super Kings,Royal Challengers Bengaluru,Chennai Super Kings,bat,Royal Challengers Bengaluru,,9,win,11933
392209,2009,6,Buffalo Park,04-05-2009,Indian Premier League,29,male,T20,T20,20,2009,club,Buffalo Park,Chennai Super Kings,Chennai Super Kings,Kolkata Knight Riders,bat,Chennai Super Kings,78,,win,38
392210,2009,6,Kingsmead,05-05-2009,Indian Premier League,30,male,T20,T20,20,2009,club,Kingsmead,Punjab Kings,Punjab Kings,Rajasthan Royals,field,Rajasthan Royals,78,,win,12107
392211,2009,6,Kingsmead,05-05-2009,Indian Premier League,31,male,T20,T20,20,2009,club,Kingsmead,Punjab Kings,Delhi Capitals,Punjab Kings,bat,Delhi Capitals,,9,win,56
392212,2009,6,SuperSport Park,06-05-2009,Indian Premier League,32,male,T20,T20,20,2009,club,SuperSport Park,Kolkata Knight Riders,Kolkata Knight Riders,Chennai Super Kings,bat,Kolkata Knight Riders,19,,win,25
392213,2009,6,SuperSport Park,07-05-2009,Indian Premier League,33,male,T20,T20,20,2009,club,SuperSport Park,Rajasthan Royals,Royal Challengers Bengaluru,Rajasthan Royals,field,Rajasthan Royals,,7,win,13810
392214,2009,6,SuperSport Park,07-05-2009,Indian Premier League,34,male,T20,T20,20,2009,club,SuperSport Park,Chennai Super Kings,Chennai Super Kings,Punjab Kings,bat,Chennai Super Kings,12,,win,11942
392215,2009,6,Buffalo Park,08-05-2009,Indian Premier League,35,male,T20,T20,20,2009,club,Buffalo Park,Chennai Super Kings,Delhi Capitals,Chennai Super Kings,bat,Delhi Capitals,,7,win,21
392216,2009,6,De Beers Diamond Oval,09-05-2009,Indian Premier League,36,male,T20,T20,20,2009,club,De Beers Diamond Oval,Punjab Kings,Kolkata Knight Riders,Punjab Kings,field,Punjab Kings,,3,win,12032
392217,2009,6,De Beers Diamond Oval,09-05-2009,Indian Premier League,37,male,T20,T20,20,2009,club,De Beers Diamond Oval,Rajasthan Royals,Chennai Super Kings,Rajasthan Royals,bat,Chennai Super Kings,,7,win,11947
392218,2009,6,St George's Park,10-05-2009,Indian Premier League,38,male,T20,T20,20,2009,club,St George's Park,Chennai Super Kings,Royal Challengers Bengaluru,Chennai Super Kings,bat,Chennai Super Kings,16,,win,1964
392219,2009,6,New Wanderers Stadium,10-05-2009,Indian Premier League,39,male,T20,T20,20,2009,club,New Wanderers Stadium,Delhi Capitals,Delhi Capitals,Punjab Kings,field,Delhi Capitals,,7,win,185
392220,2009,6,De Beers Diamond Oval,11-05-2009,Indian Premier League,40,male,T20,T20,20,2009,club,De Beers Diamond Oval,Kolkata Knight Riders,Kolkata Knight Riders,Rajasthan Royals,bat,Kolkata Knight Riders,53,,win,50
392221,2009,6,SuperSport Park,12-05-2009,Indian Premier League,41,male,T20,T20,20,2009,club,SuperSport Park,Royal Challengers Bengaluru,Royal Challengers Bengaluru,Punjab Kings,field,Royal Challengers Bengaluru,,6,win,11998
392222,2009,6,SuperSport Park,12-05-2009,Indian Premier League,42,male,T20,T20,20,2009,club,SuperSport Park,Punjab Kings,Punjab Kings,Chennai Super Kings,bat,Chennai Super Kings,,8,win,228
392223,2009,6,Kingsmead,13-05-2009,Indian Premier League,43,male,T20,T20,20,2009,club,Kingsmead,Kolkata Knight Riders,Kolkata Knight Riders,Delhi Capitals,field,Delhi Capitals,12,,win,40
392224,2009,6,Kingsmead,14-05-2009,Indian Premier League,44,male,T20,T20,20,2009,club,Kingsmead,Chennai Super Kings,Royal Challengers Bengaluru,Chennai Super Kings,bat,Royal Challengers Bengaluru,,2,win,11998
392225,2009,6,Kingsmead,14-05-2009,Indian Premier League,45,male,T20,T20,20,2009,club,Kingsmead,Rajasthan Royals,Chennai Super Kings,Rajasthan Royals,bat,Rajasthan Royals,2,,win,11971
392226,2009,6,OUTsurance Oval,15-05-2009,Indian Premier League,46,male,T20,T20,20,2009,club,OUTsurance Oval,Punjab Kings,Delhi Capitals,Punjab Kings,field,Punjab Kings,,6,win,11959
392227,2009,6,St George's Park,16-05-2009,Indian Premier League,47,male,T20,T20,20,2009,club,St George's Park,Chennai Super Kings,Chennai Super Kings,Chennai Super Kings,bat,Chennai Super Kings,,7,win,11942
392228,2009,6,New Wanderers Stadium,16-05-2009,Indian Premier League,48,male,T20,T20,20,2009,club,New Wanderers Stadium,Kolkata Knight Riders,Kolkata Knight Riders,Punjab Kings,field,Kolkata Knight Riders,,6,win,25
392229,2009,6,New Wanderers Stadium,17-05-2009,Indian Premier League,49,male,T20,T20,20,2009,club,New Wanderers Stadium,Kolkata Knight Riders,Kolkata Knight Riders,Punjab Kings,field,Punjab Kings,1,,win,15
392230,2009,6,OUTsurance Oval,17-05-2009,Indian Premier League,50,male,T20,T20,20,2009,club,OUTsurance Oval,Delhi Capitals,Delhi Capitals,Rajasthan Royals,bat,Delhi Capitals,14,,win,245
392231,2009,6,SuperSport Park,18-05-2009,Indian Premier League,51,male,T20,T20,20,2009,club,SuperSport Park,Chennai Super Kings,Chennai Super Kings,Punjab Kings,bat,Punjab Kings,,7,win,12318
392232,2009,6,New Wanderers Stadium,19-05-2009,Indian Premier League,52,male,T20,T20,20,2009,club,New Wanderers Stadium,Delhi Capitals,Royal Challengers Bengaluru,Delhi Capitals,bat,Royal Challengers Bengaluru,,7,win,11933
392233,2009,6,Kingsmead,20-05-2009,Indian Premier League,53,male,T20,T20,20,2009,club,Kingsmead,Punjab Kings,Punjab Kings,Rajasthan Royals,field,Punjab Kings,,4,win,11924
392234,2009,6,Kingsmead,20-05-2009,Indian Premier League,54,male,T20,T20,20,2009,club,Kingsmead,Chennai Super Kings,Chennai Super Kings,Punjab Kings,bat,Chennai Super Kings,24,,win,11951
392235,2009,6,SuperSport Park,21-05-2009,Indian Premier League,55,male,T20,T20,20,2009,club,SuperSport Park,Delhi Capitals,Delhi Capitals,Chennai Super Kings,field,Delhi Capitals,,4,win,11975
392236,2009,6,SuperSport Park,21-05-2009,Indian Premier League,56,male,T20,T20,20,2009,club,SuperSport Park,Royal Challengers Bengaluru,Royal Challengers Bengaluru,Kolkata Knight Riders,bat,Royal Challengers Bengaluru,12,,win,59
392237,2009,6,SuperSport Park,22-05-2009,Indian Premier League,,male,T20,T20,20,2009,club,SuperSport Park,Kolkata Knight Riders,Delhi Capitals,Kolkata Knight Riders,field,Kolkata Knight Riders,,6,win,12007
392238,2009,6,New Wanderers Stadium,23-05-2009,Indian Premier League,,male,T20,T20,20,2009,club,New Wanderers Stadium,Royal Challengers Bengaluru,Royal Challengers Bengaluru,Chennai Super Kings,field,Royal Challengers Bengaluru,,6,win,59
392239,2009,6,New Wanderers Stadium,24-05-2009,Indian Premier League,,male,T20,T20,20,2009,club,New Wanderers Stadium,Royal Challengers Bengaluru,Royal Challengers Bengaluru,Kolkata Knight Riders,field,Kolkata Knight Riders,6,,win,12160
419106,2010,6,Dr DY Patil Sports Academy,12-03-2010,Indian Premier League,1,male,T20,T20,20,2010,club,Dr DY Patil Sports Academy,Kolkata Knight Riders,Kolkata Knight Riders,Punjab Kings,field,Punjab Kings,11,,win,457
419107,2010,6,Brabourne Stadium,13-03-2010,Indian Premier League,2,male,T20,T20,20,2010,club,Brabourne Stadium,Chennai Super Kings,Chennai Super Kings,Rajasthan Royals,bat,Chennai Super Kings,4,,win,60
419108,2010,6,"Punjab Cricket Association Stadium, Mohali",13-03-2010,Indian Premier League,3,male,T20,T20,20,2010,club,"Punjab Cricket Association Stadium, Mohali",Delhi Capitals,Punjab Kings,Delhi Capitals,field,Delhi Capitals,,5,win,56
419109,2010,6,Eden Gardens,14-03-2010,Indian Premier League,4,male,T20,T20,20,2010,club,Eden Gardens,Punjab Kings,Punjab Kings,Royal Challengers Bengaluru,field,Punjab Kings,,7,win,39
419110,2010,6,"MA Chidambaram Stadium, Chepauk",14-03-2010,Indian Premier League,5,male,T20,T20,20,2010,club,MA Chidambaram Stadium,Kolkata Knight Riders,Chennai Super Kings,Kolkata Knight Riders,bat,Kolkata Knight Riders,31,,win,12015
419111,2010,6,"Sardar Patel Stadium, Motera",15-03-2010,Indian Premier League,6,male,T20,T20,20,2010,club,"Sardar Patel Stadium, Motera",Delhi Capitals,Rajasthan Royals,Delhi Capitals,field,Delhi Capitals,,6,win,11975
419112,2010,6,M Chinnaswamy Stadium,16-03-2010,Indian Premier League,7,male,T20,T20,20,2010,club,M. Chinnaswamy Stadium,Punjab Kings,Royal Challengers Bengaluru,Punjab Kings,bat,Royal Challengers Bengaluru,,8,win,11933
419113,2010,6,Eden Gardens,16-03-2010,Indian Premier League,8,male,T20,T20,20,2010,club,Eden Gardens,Chennai Super Kings,Punjab Kings,Chennai Super Kings,bat,Chennai Super Kings,55,,win,38
419114,2010,6,Feroz Shah Kotla,17-03-2010,Indian Premier League,9,male,T20,T20,20,2010,club,Arun Jaitley Stadium,Delhi Capitals,Delhi Capitals,Chennai Super Kings,field,Chennai Super Kings,98,,win,12580
419115,2010,6,M Chinnaswamy Stadium,18-03-2010,Indian Premier League,10,male,T20,T20,20,2010,club,M. Chinnaswamy Stadium,Royal Challengers Bengaluru,Royal Challengers Bengaluru,Rajasthan Royals,field,Royal Challengers Bengaluru,,10,win,11933
419116,2010,6,Feroz Shah Kotla,19-03-2010,Indian Premier League,11,male,T20,T20,20,2010,club,Arun Jaitley Stadium,Delhi Capitals,Delhi Capitals,Chennai Super Kings,bat,Chennai Super Kings,,5,win,11942
419117,2010,6,Barabati Stadium,19-03-2010,Indian Premier League,12,male,T20,T20,20,2010,club,Barabati Stadium,Punjab Kings,Kolkata Knight Riders,Punjab Kings,field,Kolkata Knight Riders,6,,win,12010
419118,2010,6,"Sardar Patel Stadium, Motera",20-03-2010,Indian Premier League,13,male,T20,T20,20,2010,club,"Sardar Patel Stadium, Motera",Rajasthan Royals,Rajasthan Royals,Punjab Kings,bat,Rajasthan Royals,34,,win,14485
419119,2010,6,Brabourne Stadium,20-03-2010,Indian Premier League,14,male,T20,T20,20,2010,club,Brabourne Stadium,Chennai Super Kings,Chennai Super Kings,Royal Challengers Bengaluru,bat,Royal Challengers Bengaluru,,7,win,11933
419120,2010,6,Barabati Stadium,21-03-2010,Indian Premier League,15,male,T20,T20,20,2010,club,Barabati Stadium,Kolkata Knight Riders,Kolkata Knight Riders,Delhi Capitals,bat,Kolkata Knight Riders,10,,win,12010
419121,2010,6,"MA Chidambaram Stadium, Chepauk",21-03-2010,Indian Premier League,16,male,T20,T20,20,2010,club,MA Chidambaram Stadium,Chennai Super Kings,Chennai Super Kings,Punjab Kings,field,Punjab Kings,,,tie,14798
419122,2010,6,Brabourne Stadium,22-03-2010,Indian Premier League,17,male,T20,T20,20,2010,club,Brabourne Stadium,Punjab Kings,Chennai Super Kings,Punjab Kings,bat,Chennai Super Kings,,7,win,12580
419123,2010,6,M Chinnaswamy Stadium,23-03-2010,Indian Premier League,18,male,T20,T20,20,2010,club,M. Chinnaswamy Stadium,Chennai Super Kings,Royal Challengers Bengaluru,Chennai Super Kings,field,Royal Challengers Bengaluru,36,,win,58
419124,2010,6,"Punjab Cricket Association Stadium, Mohali",24-03-2010,Indian Premier League,19,male,T20,T20,20,2010,club,"Punjab Cricket Association Stadium, Mohali",Punjab Kings,Punjab Kings,Rajasthan Royals,field,Rajasthan Royals,31,,win,14729
419125,2010,6,"Brabourne Stadium, Mumbai",25-03-2010,Indian Premier League,21,male,T20,T20,20,2010,club,"Brabourne Stadium, Mumbai",Chennai Super Kings,Chennai Super Kings,Chennai Super Kings,field,Chennai Super Kings,,5,win,12580
419126,2010,6,"Sardar Patel Stadium, Motera",26-03-2010,Indian Premier League,22,male,T20,T20,20,2010,club,"Sardar Patel Stadium, Motera",Kolkata Knight Riders,Rajasthan Royals,Kolkata Knight Riders,bat,Rajasthan Royals,,8,win,60
419127,2010,6,"Punjab Cricket Association Stadium, Mohali",27-03-2010,Indian Premier League,23,male,T20,T20,20,2010,club,"Punjab Cricket Association Stadium, Mohali",Punjab Kings,Punjab Kings,Punjab Kings,bat,Punjab Kings,39,,win,39
419128,2010,6,M Chinnaswamy Stadium,25-03-2010,Indian Premier League,20,male,T20,T20,20,2010,club,M. Chinnaswamy Stadium,Royal Challengers Bengaluru,Royal Challengers Bengaluru,Delhi Capitals,field,Delhi Capitals,17,,win,4
419129,2010,6,"Sardar Patel Stadium, Motera",28-03-2010,Indian Premier League,24,male,T20,T20,20,2010,club,"Sardar Patel Stadium, Motera",Rajasthan Royals,Rajasthan Royals,Chennai Super Kings,bat,Rajasthan Royals,17,,win,18
419130,2010,6,Dr DY Patil Sports Academy,28-03-2010,Indian Premier League,25,male,T20,T20,20,2010,club,Dr DY Patil Sports Academy,Kolkata Knight Riders,Kolkata Knight Riders,Chennai Super Kings,field,Chennai Super Kings,41,,win,228
419131,2010,6,Feroz Shah Kotla,29-03-2010,Indian Premier League,26,male,T20,T20,20,2010,club,Arun Jaitley Stadium,Delhi Capitals,Delhi Capitals,Punjab Kings,bat,Delhi Capitals,40,,win,12
419132,2010,6,Brabourne Stadium,30-03-2010,Indian Premier League,27,male,T20,T20,20,2010,club,Brabourne Stadium,Chennai Super Kings,Chennai Super Kings,Punjab Kings,field,Chennai Super Kings,,4,win,230
419133,2010,6,"MA Chidambaram Stadium, Chepauk",31-03-2010,Indian Premier League,28,male,T20,T20,20,2010,club,MA Chidambaram Stadium,Royal Challengers Bengaluru,Chennai Super Kings,Royal Challengers Bengaluru,bat,Chennai Super Kings,,5,win,1630
419134,2010,6,Feroz Shah Kotla,31-03-2010,Indian Premier League,29,male,T20,T20,20,2010,club,Arun Jaitley Stadium,Delhi Capitals,Delhi Capitals,Rajasthan Royals,bat,Delhi Capitals,67,,win,49
419135,2010,6,Eden Gardens,01-04-2010,Indian Premier League,30,male,T20,T20,20,2010,club,Eden Gardens,Punjab Kings,Punjab Kings,Kolkata Knight Riders,bat,Punjab Kings,24,,win,11919
419136,2010,6,"Punjab Cricket Association Stadium, Mohali",02-04-2010,Indian Premier League,31,male,T20,T20,20,2010,club,"Punjab Cricket Association Stadium, Mohali",Punjab Kings,Punjab Kings,Royal Challengers Bengaluru,bat,Royal Challengers Bengaluru,,6,win,13231
419137,2010,6,"MA Chidambaram Stadium, Chepauk",03-04-2010,Indian Premier League,32,male,T20,T20,20,2010,club,MA Chidambaram Stadium,Chennai Super Kings,Chennai Super Kings,Rajasthan Royals,bat,Chennai Super Kings,23,,win,1630
419138,2010,6,Brabourne Stadium,03-04-2010,Indian Premier League,33,male,T20,T20,20,2010,club,Brabourne Stadium,Chennai Super Kings,Chennai Super Kings,Kolkata Knight Riders,bat,Chennai Super Kings,63,,win,27
419139,2010,6,Eden Gardens,04-04-2010,Indian Premier League,34,male,T20,T20,20,2010,club,Eden Gardens,Punjab Kings,Punjab Kings,Punjab Kings,bat,Punjab Kings,,8,win,12032
419140,2010,6,Feroz Shah Kotla,04-04-2010,Indian Premier League,35,male,T20,T20,20,2010,club,Arun Jaitley Stadium,Delhi Capitals,Delhi Capitals,Royal Challengers Bengaluru,bat,Delhi Capitals,37,,win,15003
419141,2010,6,"Vidarbha Cricket Association Stadium, Jamtha",05-04-2010,Indian Premier League,36,male,T20,T20,20,2010,club,"Vidarbha Cricket Association Stadium, Jamtha",Rajasthan Royals,Kolkata Knight Riders,Rajasthan Royals,bat,Rajasthan Royals,2,,win,11971
419142,2010,6,"MA Chidambaram Stadium, Chepauk",06-04-2010,Indian Premier League,37,male,T20,T20,20,2010,club,MA Chidambaram Stadium,Chennai Super Kings,Chennai Super Kings,Chennai Super Kings,bat,Chennai Super Kings,24,,win,47
419143,2010,6,Sawai Mansingh Stadium,07-04-2010,Indian Premier League,38,male,T20,T20,20,2010,club,Sawai Mansingh Stadium,Punjab Kings,Rajasthan Royals,Punjab Kings,bat,Rajasthan Royals,,9,win,14648
419144,2010,6,Eden Gardens,07-04-2010,Indian Premier League,39,male,T20,T20,20,2010,club,Eden Gardens,Punjab Kings,Punjab Kings,Delhi Capitals,bat,Punjab Kings,14,,win,11919
419145,2010,6,M Chinnaswamy Stadium,08-04-2010,Indian Premier League,40,male,T20,T20,20,2010,club,M. Chinnaswamy Stadium,Kolkata Knight Riders,Royal Challengers Bengaluru,Kolkata Knight Riders,field,Kolkata Knight Riders,,7,win,13595
419146,2010,6,"Punjab Cricket Association Stadium, Mohali",09-04-2010,Indian Premier League,41,male,T20,T20,20,2010,club,"Punjab Cricket Association Stadium, Mohali",Chennai Super Kings,Punjab Kings,Chennai Super Kings,bat,Punjab Kings,,6,win,11954
419147,2010,6,"Vidarbha Cricket Association Stadium, Jamtha",10-04-2010,Indian Premier League,42,male,T20,T20,20,2010,club,"Vidarbha Cricket Association Stadium, Jamtha",Chennai Super Kings,Kolkata Knight Riders,Chennai Super Kings,bat,Kolkata Knight Riders,,6,win,13785
419148,2010,6,M Chinnaswamy Stadium,10-04-2010,Indian Premier League,43,male,T20,T20,20,2010,club,M. Chinnaswamy Stadium,Royal Challengers Bengaluru,Royal Challengers Bengaluru,Punjab Kings,field,Royal Challengers Bengaluru,,7,win,1242
419149,2010,6,Feroz Shah Kotla,11-04-2010,Indian Premier League,44,male,T20,T20,20,2010,club,Arun Jaitley Stadium,Delhi Capitals,Delhi Capitals,Punjab Kings,bat,Punjab Kings,,7,win,63
419150,2010,6,Sawai Mansingh Stadium,11-04-2010,Indian Premier League,45,male,T20,T20,20,2010,club,Sawai Mansingh Stadium,Rajasthan Royals,Rajasthan Royals,Chennai Super Kings,field,Chennai Super Kings,37,,win,12580
419151,2010,6,"Vidarbha Cricket Association Stadium, Jamtha",12-04-2010,Indian Premier League,46,male,T20,T20,20,2010,club,"Vidarbha Cricket Association Stadium, Jamtha",Royal Challengers Bengaluru,Kolkata Knight Riders,Royal Challengers Bengaluru,field,Kolkata Knight Riders,13,,win,13267
419152,2010,6,Brabourne Stadium,13-04-2010,Indian Premier League,47,male,T20,T20,20,2010,club,Brabourne Stadium,Chennai Super Kings,Chennai Super Kings,Delhi Capitals,bat,Chennai Super Kings,39,,win,29
419153,2010,6,"MA Chidambaram Stadium, Chepauk",13-04-2010,Indian Premier League,48,male,T20,T20,20,2010,club,MA Chidambaram Stadium,Punjab Kings,Chennai Super Kings,Punjab Kings,bat,Chennai Super Kings,,9,win,1416
419154,2010,6,Sawai Mansingh Stadium,14-04-2010,Indian Premier League,49,male,T20,T20,20,2010,club,Sawai Mansingh Stadium,Rajasthan Royals,Rajasthan Royals,Royal Challengers Bengaluru,bat,Royal Challengers Bengaluru,,5,win,13231
419155,2010,6,"MA Chidambaram Stadium, Chepauk",15-04-2010,Indian Premier League,50,male,T20,T20,20,2010,club,MA Chidambaram Stadium,Chennai Super Kings,Chennai Super Kings,Delhi Capitals,bat,Delhi Capitals,,6,win,56
419156,2010,6,Himachal Pradesh Cricket Association Stadium,16-04-2010,Indian Premier League,51,male,T20,T20,20,2010,club,Himachal Pradesh Cricket Association Stadium,Kolkata Knight Riders,Punjab Kings,Kolkata Knight Riders,field,Kolkata Knight Riders,,5,win,25
419157,2010,6,M Chinnaswamy Stadium,17-04-2010,Indian Premier League,52,male,T20,T20,20,2010,club,M. Chinnaswamy Stadium,Royal Challengers Bengaluru,Royal Challengers Bengaluru,Chennai Super Kings,field,Chennai Super Kings,57,,win,14478
419158,2010,6,Eden Gardens,17-04-2010,Indian Premier League,53,male,T20,T20,20,2010,club,Eden Gardens,Rajasthan Royals,Punjab Kings,Rajasthan Royals,bat,Punjab Kings,,8,win,438
419159,2010,6,Himachal Pradesh Cricket Association Stadium,18-04-2010,Indian Premier League,54,male,T20,T20,20,2010,club,Himachal Pradesh Cricket Association Stadium,Chennai Super Kings,Punjab Kings,Chennai Super Kings,field,Chennai Super Kings,,6,win,38
419160,2010,6,Feroz Shah Kotla,18-04-2010,Indian Premier League,55,male,T20,T20,20,2010,club,Arun Jaitley Stadium,Kolkata Knight Riders,Delhi Capitals,Kolkata Knight Riders,bat,Kolkata Knight Riders,11,,win,12010
419161,2010,6,Eden Gardens,19-04-2010,Indian Premier League,56,male,T20,T20,20,2010,club,Eden Gardens,Chennai Super Kings,Punjab Kings,Chennai Super Kings,bat,Punjab Kings,,9,win,11928
419162,2010,6,Dr DY Patil Sports Academy,21-04-2010,Indian Premier League,,male,T20,T20,20,2010,club,Dr DY Patil Sports Academy,Chennai Super Kings,Royal Challengers Bengaluru,Chennai Super Kings,bat,Chennai Super Kings,35,,win,29
419163,2010,6,Dr DY Patil Sports Academy,22-04-2010,Indian Premier League,,male,T20,T20,20,2010,club,Dr DY Patil Sports Academy,Chennai Super Kings,Chennai Super Kings,Kolkata Knight Riders,bat,Chennai Super Kings,38,,win,15140
419164,2010,6,Dr DY Patil Sports Academy,24-04-2010,Indian Premier League,,male,T20,T20,20,2010,club,Dr DY Patil Sports Academy,Kolkata Knight Riders,Royal Challengers Bengaluru,Kolkata Knight Riders,bat,Royal Challengers Bengaluru,,9,win,12160
419165,2010,6,Dr DY Patil Sports Academy,25-04-2010,Indian Premier League,,male,T20,T20,20,2010,club,Dr DY Patil Sports Academy,Chennai Super Kings,Chennai Super Kings,Chennai Super Kings,bat,Chennai Super Kings,22,,win,47
501198,2011,6,"MA Chidambaram Stadium, Chepauk",08-04-2011,Indian Premier League,1,male,T20,T20,20,2011,club,MA Chidambaram Stadium,Chennai Super Kings,Chennai Super Kings,Punjab Kings,bat,Chennai Super Kings,2,,win,12471
501199,2011,6,"Rajiv Gandhi International Stadium, Uppal",09-04-2011,Indian Premier League,2,male,T20,T20,20,2011,club,Rajiv Gandhi International Stadium,Rajasthan Royals,Kolkata Knight Riders,Rajasthan Royals,field,Rajasthan Royals,,8,win,11972
501200,2011,6,Nehru Stadium,09-04-2011,Indian Premier League,3,male,T20,T20,20,2011,club,Nehru Stadium,Kochi Tuskers Kerala,Kochi Tuskers Kerala,Royal Challengers Bengaluru,bat,Royal Challengers Bengaluru,,6,win,245
501201,2011,6,Feroz Shah Kotla,10-04-2011,Indian Premier League,4,male,T20,T20,20,2011,club,Arun Jaitley Stadium,Delhi Capitals,Delhi Capitals,Chennai Super Kings,bat,Chennai Super Kings,,8,win,230
501202,2011,6,Dr DY Patil Sports Academy,10-04-2011,Indian Premier League,5,male,T20,T20,20,2011,club,Dr DY Patil Sports Academy,Punjab Kings,Pune Warriors India,Punjab Kings,bat,Pune Warriors India,,7,win,15150
501203,2011,6,Eden Gardens,11-04-2011,Indian Premier League,6,male,T20,T20,20,2011,club,Eden Gardens,Punjab Kings,Punjab Kings,Kolkata Knight Riders,bat,Punjab Kings,9,,win,11933
501204,2011,6,Sawai Mansingh Stadium,12-04-2011,Indian Premier League,7,male,T20,T20,20,2011,club,Sawai Mansingh Stadium,Delhi Capitals,Rajasthan Royals,Delhi Capitals,bat,Rajasthan Royals,,6,win,11971
501205,2011,6,M Chinnaswamy Stadium,12-04-2011,Indian Premier League,8,male,T20,T20,20,2011,club,M. Chinnaswamy Stadium,Chennai Super Kings,Royal Challengers Bengaluru,Chennai Super Kings,field,Chennai Super Kings,,9,win,12580
501206,2011,6,"Punjab Cricket Association Stadium, Mohali",13-04-2011,Indian Premier League,9,male,T20,T20,20,2011,club,"Punjab Cricket Association Stadium, Mohali",Punjab Kings,Punjab Kings,Chennai Super Kings,field,Punjab Kings,,6,win,13383
501207,2011,6,Dr DY Patil Sports Academy,13-04-2011,Indian Premier League,10,male,T20,T20,20,2011,club,Dr DY Patil Sports Academy,Kochi Tuskers Kerala,Pune Warriors India,Kochi Tuskers Kerala,bat,Pune Warriors India,,4,win,14757
501208,2011,6,"Rajiv Gandhi International Stadium, Uppal",14-04-2011,Indian Premier League,11,male,T20,T20,20,2011,club,Rajiv Gandhi International Stadium,Royal Challengers Bengaluru,Kolkata Knight Riders,Royal Challengers Bengaluru,field,Kolkata Knight Riders,33,,win,3451
501209,2011,6,Sawai Mansingh Stadium,15-04-2011,Indian Premier League,12,male,T20,T20,20,2011,club,Sawai Mansingh Stadium,Punjab Kings,Rajasthan Royals,Punjab Kings,field,Punjab Kings,,9,win,56
501210,2011,6,Wankhede Stadium,15-04-2011,Indian Premier League,13,male,T20,T20,20,2011,club,Wankhede Stadium,Kochi Tuskers Kerala,Chennai Super Kings,Kochi Tuskers Kerala,field,Kochi Tuskers Kerala,,8,win,46
501211,2011,6,"MA Chidambaram Stadium, Chepauk",16-04-2011,Indian Premier League,14,male,T20,T20,20,2011,club,MA Chidambaram Stadium,Chennai Super Kings,Chennai Super Kings,Royal Challengers Bengaluru,bat,Chennai Super Kings,21,,win,11943
501212,2011,6,"Rajiv Gandhi International Stadium, Uppal",16-04-2011,Indian Premier League,15,male,T20,T20,20,2011,club,Rajiv Gandhi International Stadium,Punjab Kings,Kolkata Knight Riders,Punjab Kings,field,Punjab Kings,,8,win,13383
501213,2011,6,Dr DY Patil Sports Academy,17-04-2011,Indian Premier League,16,male,T20,T20,20,2011,club,Dr DY Patil Sports Academy,Delhi Capitals,Pune Warriors India,Delhi Capitals,field,Delhi Capitals,,3,win,15
501214,2011,6,Eden Gardens,17-04-2011,Indian Premier League,17,male,T20,T20,20,2011,club,Eden Gardens,Punjab Kings,Punjab Kings,Rajasthan Royals,field,Punjab Kings,,8,win,12523
501215,2011,6,Nehru Stadium,18-04-2011,Indian Premier League,18,male,T20,T20,20,2011,club,Nehru Stadium,Kochi Tuskers Kerala,Kochi Tuskers Kerala,Chennai Super Kings,field,Kochi Tuskers Kerala,,7,win,46
501216,2011,6,Feroz Shah Kotla,19-04-2011,Indian Premier League,19,male,T20,T20,20,2011,club,Arun Jaitley Stadium,Kolkata Knight Riders,Delhi Capitals,Kolkata Knight Riders,bat,Kolkata Knight Riders,16,,win,12035
501218,2011,6,Wankhede Stadium,20-04-2011,Indian Premier League,21,male,T20,T20,20,2011,club,Wankhede Stadium,Pune Warriors India,Chennai Super Kings,Pune Warriors India,bat,Chennai Super Kings,,7,win,418
501219,2011,6,Eden Gardens,20-04-2011,Indian Premier League,22,male,T20,T20,20,2011,club,Eden Gardens,Punjab Kings,Punjab Kings,Kochi Tuskers Kerala,field,Kochi Tuskers Kerala,6,,win,12032
501220,2011,6,"Punjab Cricket Association Stadium, Mohali",21-04-2011,Indian Premier League,23,male,T20,T20,20,2011,club,"Punjab Cricket Association Stadium, Mohali",Rajasthan Royals,Punjab Kings,Rajasthan Royals,field,Punjab Kings,48,,win,541
501221,2011,6,Wankhede Stadium,22-04-2011,Indian Premier League,25,male,T20,T20,20,2011,club,Wankhede Stadium,Chennai Super Kings,Chennai Super Kings,Chennai Super Kings,field,Chennai Super Kings,8,,win,228
501222,2011,6,Eden Gardens,22-04-2011,Indian Premier League,24,male,T20,T20,20,2011,club,Eden Gardens,Royal Challengers Bengaluru,Punjab Kings,Royal Challengers Bengaluru,field,Royal Challengers Bengaluru,,9,win,1
501223,2011,6,Feroz Shah Kotla,23-04-2011,Indian Premier League,26,male,T20,T20,20,2011,club,Arun Jaitley Stadium,Punjab Kings,Delhi Capitals,Punjab Kings,field,Delhi Capitals,29,,win,12
501224,2011,6,"Rajiv Gandhi International Stadium, Uppal",24-04-2011,Indian Premier League,27,male,T20,T20,20,2011,club,Rajiv Gandhi International Stadium,Kolkata Knight Riders,Kolkata Knight Riders,Chennai Super Kings,field,Chennai Super Kings,37,,win,230
501225,2011,6,Sawai Mansingh Stadium,24-04-2011,Indian Premier League,28,male,T20,T20,20,2011,club,Sawai Mansingh Stadium,Rajasthan Royals,Rajasthan Royals,Kochi Tuskers Kerala,field,Rajasthan Royals,,8,win,11971
501226,2011,6,"MA Chidambaram Stadium, Chepauk",25-04-2011,Indian Premier League,29,male,T20,T20,20,2011,club,MA Chidambaram Stadium,Pune Warriors India,Chennai Super Kings,Pune Warriors India,field,Chennai Super Kings,25,,win,11943
501227,2011,6,Feroz Shah Kotla,26-04-2011,Indian Premier League,30,male,T20,T20,20,2011,club,Arun Jaitley Stadium,Royal Challengers Bengaluru,Delhi Capitals,Royal Challengers Bengaluru,field,Royal Challengers Bengaluru,,3,win,332
501228,2011,6,Dr DY Patil Sports Academy,27-04-2011,Indian Premier League,31,male,T20,T20,20,2011,club,Dr DY Patil Sports Academy,Pune Warriors India,Pune Warriors India,Chennai Super Kings,bat,Chennai Super Kings,,8,win,15140
501229,2011,6,Nehru Stadium,27-04-2011,Indian Premier League,32,male,T20,T20,20,2011,club,Nehru Stadium,Kochi Tuskers Kerala,Kochi Tuskers Kerala,Kolkata Knight Riders,field,Kolkata Knight Riders,55,,win,308
501230,2011,6,Feroz Shah Kotla,28-04-2011,Indian Premier League,33,male,T20,T20,20,2011,club,Arun Jaitley Stadium,Delhi Capitals,Delhi Capitals,Punjab Kings,field,Punjab Kings,17,,win,39
501231,2011,6,Sawai Mansingh Stadium,29-04-2011,Indian Premier League,34,male,T20,T20,20,2011,club,Sawai Mansingh Stadium,Rajasthan Royals,Rajasthan Royals,Chennai Super Kings,field,Rajasthan Royals,,7,win,14136
501232,2011,6,M Chinnaswamy Stadium,29-04-2011,Indian Premier League,35,male,T20,T20,20,2011,club,M. Chinnaswamy Stadium,Pune Warriors India,Royal Challengers Bengaluru,Pune Warriors India,field,Royal Challengers Bengaluru,26,,win,332
501233,2011,6,Nehru Stadium,30-04-2011,Indian Premier League,36,male,T20,T20,20,2011,club,Nehru Stadium,Delhi Capitals,Kochi Tuskers Kerala,Delhi Capitals,bat,Delhi Capitals,38,,win,11975
501234,2011,6,Eden Gardens,30-04-2011,Indian Premier League,37,male,T20,T20,20,2011,club,Eden Gardens,Punjab Kings,Punjab Kings,Punjab Kings,field,Punjab Kings,,8,win,173
501235,2011,6,Sawai Mansingh Stadium,01-05-2011,Indian Premier League,38,male,T20,T20,20,2011,club,Sawai Mansingh Stadium,Rajasthan Royals,Rajasthan Royals,Pune Warriors India,field,Rajasthan Royals,,6,win,11998
501236,2011,6,"MA Chidambaram Stadium, Chepauk",01-05-2011,Indian Premier League,39,male,T20,T20,20,2011,club,MA Chidambaram Stadium,Chennai Super Kings,Chennai Super Kings,Kolkata Knight Riders,bat,Chennai Super Kings,19,,win,12234
501237,2011,6,Wankhede Stadium,02-05-2011,Indian Premier League,40,male,T20,T20,20,2011,club,Wankhede Stadium,Punjab Kings,Chennai Super Kings,Punjab Kings,field,Chennai Super Kings,23,,win,29
501238,2011,6,Feroz Shah Kotla,02-05-2011,Indian Premier League,41,male,T20,T20,20,2011,club,Arun Jaitley Stadium,Kochi Tuskers Kerala,Delhi Capitals,Kochi Tuskers Kerala,field,Kochi Tuskers Kerala,,7,win,16648
501239,2011,6,"Rajiv Gandhi International Stadium, Uppal",03-05-2011,Indian Premier League,42,male,T20,T20,20,2011,club,Rajiv Gandhi International Stadium,Kolkata Knight Riders,Kolkata Knight Riders,Punjab Kings,field,Punjab Kings,20,,win,60
501240,2011,6,"MA Chidambaram Stadium, Chepauk",04-05-2011,Indian Premier League,43,male,T20,T20,20,2011,club,MA Chidambaram Stadium,Rajasthan Royals,Chennai Super Kings,Rajasthan Royals,bat,Chennai Super Kings,,8,win,11943
501241,2011,6,Dr DY Patil Sports Academy,04-05-2011,Indian Premier League,44,male,T20,T20,20,2011,club,Dr DY Patil Sports Academy,Pune Warriors India,Pune Warriors India,Chennai Super Kings,field,Chennai Super Kings,21,,win,14765
501242,2011,6,Nehru Stadium,05-05-2011,Indian Premier League,45,male,T20,T20,20,2011,club,Nehru Stadium,Punjab Kings,Kochi Tuskers Kerala,Punjab Kings,field,Kochi Tuskers Kerala,17,,win,12318
501243,2011,6,"Rajiv Gandhi International Stadium, Uppal",05-05-2011,Indian Premier League,46,male,T20,T20,20,2011,club,Rajiv Gandhi International Stadium,Delhi Capitals,Kolkata Knight Riders,Delhi Capitals,field,Delhi Capitals,,4,win,11975
501244,2011,6,M Chinnaswamy Stadium,06-05-2011,Indian Premier League,47,male,T20,T20,20,2011,club,M. Chinnaswamy Stadium,Punjab Kings,Royal Challengers Bengaluru,Punjab Kings,field,Royal Challengers Bengaluru,85,,win,1
501245,2011,6,Eden Gardens,07-05-2011,Indian Premier League,48,male,T20,T20,20,2011,club,Eden Gardens,Chennai Super Kings,Punjab Kings,Chennai Super Kings,bat,Punjab Kings,10,,win,173
501246,2011,6,Wankhede Stadium,07-05-2011,Indian Premier League,49,male,T20,T20,20,2011,club,Wankhede Stadium,Delhi Capitals,Chennai Super Kings,Delhi Capitals,field,Chennai Super Kings,32,,win,27
501247,2011,6,M Chinnaswamy Stadium,08-05-2011,Indian Premier League,50,male,T20,T20,20,2011,club,M. Chinnaswamy Stadium,Kochi Tuskers Kerala,Royal Challengers Bengaluru,Kochi Tuskers Kerala,bat,Royal Challengers Bengaluru,,9,win,1
501248,2011,6,"Punjab Cricket Association Stadium, Mohali",08-05-2011,Indian Premier League,51,male,T20,T20,20,2011,club,"Punjab Cricket Association Stadium, Mohali",Punjab Kings,Punjab Kings,Pune Warriors India,bat,Pune Warriors India,,5,win,14765
501249,2011,6,Sawai Mansingh Stadium,09-05-2011,Indian Premier League,52,male,T20,T20,20,2011,club,Sawai Mansingh Stadium,Rajasthan Royals,Rajasthan Royals,Chennai Super Kings,field,Chennai Super Kings,63,,win,1630
501250,2011,6,"Rajiv Gandhi International Stadium, Uppal",10-05-2011,Indian Premier League,53,male,T20,T20,20,2011,club,Rajiv Gandhi International Stadium,Kolkata Knight Riders,Kolkata Knight Riders,Pune Warriors India,bat,Pune Warriors India,,6,win,4960
501251,2011,6,"Punjab Cricket Association Stadium, Mohali",10-05-2011,Indian Premier League,54,male,T20,T20,20,2011,club,"Punjab Cricket Association Stadium, Mohali",Chennai Super Kings,Punjab Kings,Chennai Super Kings,field,Punjab Kings,76,,win,15867
501252,2011,6,Sawai Mansingh Stadium,11-05-2011,Indian Premier League,55,male,T20,T20,20,2011,club,Sawai Mansingh Stadium,Royal Challengers Bengaluru,Rajasthan Royals,Royal Challengers Bengaluru,field,Royal Challengers Bengaluru,,9,win,8
501253,2011,6,"MA Chidambaram Stadium, Chepauk",12-05-2011,Indian Premier League,56,male,T20,T20,20,2011,club,MA Chidambaram Stadium,Chennai Super Kings,Chennai Super Kings,Delhi Capitals,bat,Chennai Super Kings,18,,win,38
501254,2011,6,Holkar Cricket Stadium,13-05-2011,Indian Premier League,57,male,T20,T20,20,2011,club,Holkar Cricket Stadium,Punjab Kings,Kochi Tuskers Kerala,Punjab Kings,field,Punjab Kings,,6,win,49
501255,2011,6,M Chinnaswamy Stadium,14-05-2011,Indian Premier League,58,male,T20,T20,20,2011,club,M. Chinnaswamy Stadium,Royal Challengers Bengaluru,Royal Challengers Bengaluru,Punjab Kings,field,Royal Challengers Bengaluru,,4,win,1
501256,2011,6,Wankhede Stadium,14-05-2011,Indian Premier League,59,male,T20,T20,20,2011,club,Wankhede Stadium,Kolkata Knight Riders,Chennai Super Kings,Kolkata Knight Riders,bat,Kolkata Knight Riders,10,,win,185
501257,2011,6,Himachal Pradesh Cricket Association Stadium,15-05-2011,Indian Premier League,60,male,T20,T20,20,2011,club,Himachal Pradesh Cricket Association Stadium,Delhi Capitals,Punjab Kings,Delhi Capitals,field,Punjab Kings,29,,win,63
501258,2011,6,Holkar Cricket Stadium,15-05-2011,Indian Premier League,61,male,T20,T20,20,2011,club,Holkar Cricket Stadium,Kochi Tuskers Kerala,Kochi Tuskers Kerala,Rajasthan Royals,field,Kochi Tuskers Kerala,,8,win,12318
501259,2011,6,Dr DY Patil Sports Academy,16-05-2011,Indian Premier League,62,male,T20,T20,20,2011,club,Dr DY Patil Sports Academy,Kolkata Knight Riders,Pune Warriors India,Kolkata Knight Riders,field,Kolkata Knight Riders,,6,win,185
501260,2011,6,Himachal Pradesh Cricket Association Stadium,17-05-2011,Indian Premier League,63,male,T20,T20,20,2011,club,Himachal Pradesh Cricket Association Stadium,Punjab Kings,Punjab Kings,Royal Challengers Bengaluru,bat,Punjab Kings,111,,win,12007
501261,2011,6,"MA Chidambaram Stadium, Chepauk",18-05-2011,Indian Premier League,64,male,T20,T20,20,2011,club,MA Chidambaram Stadium,Chennai Super Kings,Chennai Super Kings,Kochi Tuskers Kerala,bat,Chennai Super Kings,11,,win,69
501262,2011,6,Dr DY Patil Sports Academy,19-05-2011,Indian Premier League,65,male,T20,T20,20,2011,club,Dr DY Patil Sports Academy,Punjab Kings,Pune Warriors India,Punjab Kings,field,Punjab Kings,,7,win,60
501263,2011,6,Wankhede Stadium,20-05-2011,Indian Premier League,66,male,T20,T20,20,2011,club,Wankhede Stadium,Chennai Super Kings,Chennai Super Kings,Rajasthan Royals,bat,Rajasthan Royals,,10,win,5
501264,2011,6,Himachal Pradesh Cricket Association Stadium,21-05-2011,Indian Premier League,67,male,T20,T20,20,2011,club,Himachal Pradesh Cricket Association Stadium,Punjab Kings,Punjab Kings,Kolkata Knight Riders,field,Kolkata Knight Riders,82,,win,13
501265,2011,6,Feroz Shah Kotla,21-05-2011,Indian Premier League,68,male,T20,T20,20,2011,club,Arun Jaitley Stadium,Delhi Capitals,Delhi Capitals,Pune Warriors India,bat,Pune Warriors India,,,no result,
501266,2011,6,M Chinnaswamy Stadium,22-05-2011,Indian Premier League,69,male,T20,T20,20,2011,club,M. Chinnaswamy Stadium,Royal Challengers Bengaluru,Royal Challengers Bengaluru,Chennai Super Kings,field,Royal Challengers Bengaluru,,8,win,1
501267,2011,6,Eden Gardens,22-05-2011,Indian Premier League,70,male,T20,T20,20,2011,club,Eden Gardens,Chennai Super Kings,Punjab Kings,Chennai Super Kings,field,Chennai Super Kings,,5,win,15851
501268,2011,6,Wankhede Stadium,24-05-2011,Indian Premier League,,male,T20,T20,20,2011,club,Wankhede Stadium,Chennai Super Kings,Royal Challengers Bengaluru,Chennai Super Kings,field,Chennai Super Kings,,6,win,47
501269,2011,6,Wankhede Stadium,25-05-2011,Indian Premier League,,male,T20,T20,20,2011,club,Wankhede Stadium,Chennai Super Kings,Chennai Super Kings,Punjab Kings,field,Chennai Super Kings,,4,win,418
501270,2011,6,"MA Chidambaram Stadium, Chepauk",27-05-2011,Indian Premier League,,male,T20,T20,20,2011,club,MA Chidambaram Stadium,Chennai Super Kings,Royal Challengers Bengaluru,Chennai Super Kings,field,Royal Challengers Bengaluru,43,,win,1
501271,2011,6,"MA Chidambaram Stadium, Chepauk",28-05-2011,Indian Premier League,,male,T20,T20,20,2011,club,MA Chidambaram Stadium,Chennai Super Kings,Chennai Super Kings,Royal Challengers Bengaluru,bat,Chennai Super Kings,58,,win,1630
548306,2012,6,"MA Chidambaram Stadium, Chepauk",04-04-2012,Indian Premier League,1,male,T20,T20,20,2012,club,MA Chidambaram Stadium,Chennai Super Kings,Chennai Super Kings,Chennai Super Kings,field,Chennai Super Kings,,8,win,34272
548307,2012,6,Eden Gardens,05-04-2012,Indian Premier League,2,male,T20,T20,20,2012,club,Eden Gardens,Delhi Capitals,Punjab Kings,Delhi Capitals,field,Delhi Capitals,,8,win,811
548308,2012,6,Wankhede Stadium,06-04-2012,Indian Premier League,3,male,T20,T20,20,2012,club,Wankhede Stadium,Chennai Super Kings,Chennai Super Kings,Pune Warriors India,field,Pune Warriors India,28,,win,36
548309,2012,6,Sawai Mansingh Stadium,06-04-2012,Indian Premier League,4,male,T20,T20,20,2012,club,Sawai Mansingh Stadium,Punjab Kings,Rajasthan Royals,Punjab Kings,field,Rajasthan Royals,31,,win,34
548310,2012,6,M Chinnaswamy Stadium,07-04-2012,Indian Premier League,5,male,T20,T20,20,2012,club,M. Chinnaswamy Stadium,Delhi Capitals,Royal Challengers Bengaluru,Delhi Capitals,field,Royal Challengers Bengaluru,20,,win,245
548311,2012,6,Dr. Y.S. Rajasekhara Reddy ACA-VDCA Cricket Stadium,07-04-2012,Indian Premier League,6,male,T20,T20,20,2012,club,Dr. Y.S. Rajasekhara Reddy ACA-VDCA Cricket Stadium,Kolkata Knight Riders,Kolkata Knight Riders,Chennai Super Kings,field,Chennai Super Kings,74,,win,348
548312,2012,6,Sawai Mansingh Stadium,08-04-2012,Indian Premier League,7,male,T20,T20,20,2012,club,Sawai Mansingh Stadium,Punjab Kings,Rajasthan Royals,Punjab Kings,field,Rajasthan Royals,22,,win,12318
548313,2012,6,Subrata Roy Sahara Stadium,08-04-2012,Indian Premier League,8,male,T20,T20,20,2012,club,Subrata Roy Sahara Stadium,Pune Warriors India,Pune Warriors India,Punjab Kings,bat,Pune Warriors India,22,,win,963
548314,2012,6,Dr. Y.S. Rajasekhara Reddy ACA-VDCA Cricket Stadium,09-04-2012,Indian Premier League,9,male,T20,T20,20,2012,club,Dr. Y.S. Rajasekhara Reddy ACA-VDCA Cricket Stadium,Kolkata Knight Riders,Kolkata Knight Riders,Chennai Super Kings,bat,Chennai Super Kings,,5,win,25
548315,2012,6,M Chinnaswamy Stadium,10-04-2012,Indian Premier League,10,male,T20,T20,20,2012,club,M. Chinnaswamy Stadium,Royal Challengers Bengaluru,Royal Challengers Bengaluru,Punjab Kings,field,Punjab Kings,42,,win,12523
548316,2012,6,Feroz Shah Kotla,10-04-2012,Indian Premier League,11,male,T20,T20,20,2012,club,Arun Jaitley Stadium,Delhi Capitals,Delhi Capitals,Chennai Super Kings,field,Delhi Capitals,,8,win,13863
548317,2012,6,Wankhede Stadium,11-04-2012,Indian Premier League,12,male,T20,T20,20,2012,club,Wankhede Stadium,Rajasthan Royals,Chennai Super Kings,Rajasthan Royals,field,Chennai Super Kings,27,,win,29
548318,2012,6,"MA Chidambaram Stadium, Chepauk",12-04-2012,Indian Premier League,13,male,T20,T20,20,2012,club,MA Chidambaram Stadium,Royal Challengers Bengaluru,Chennai Super Kings,Royal Challengers Bengaluru,bat,Chennai Super Kings,,5,win,267
548319,2012,6,"Punjab Cricket Association Stadium, Mohali",12-04-2012,Indian Premier League,14,male,T20,T20,20,2012,club,"Punjab Cricket Association Stadium, Mohali",Punjab Kings,Punjab Kings,Pune Warriors India,field,Punjab Kings,,7,win,12661
548320,2012,6,Eden Gardens,13-04-2012,Indian Premier League,15,male,T20,T20,20,2012,club,Eden Gardens,Rajasthan Royals,Punjab Kings,Rajasthan Royals,bat,Punjab Kings,,5,win,579
548321,2012,6,Feroz Shah Kotla,19-04-2012,Indian Premier League,23,male,T20,T20,20,2012,club,Arun Jaitley Stadium,Kolkata Knight Riders,Delhi Capitals,Kolkata Knight Riders,bat,Delhi Capitals,,5,win,13231
548322,2012,6,Subrata Roy Sahara Stadium,14-04-2012,Indian Premier League,16,male,T20,T20,20,2012,club,Subrata Roy Sahara Stadium,Chennai Super Kings,Pune Warriors India,Chennai Super Kings,bat,Pune Warriors India,,7,win,13228
548323,2012,6,Eden Gardens,15-04-2012,Indian Premier League,17,male,T20,T20,20,2012,club,Eden Gardens,Punjab Kings,Punjab Kings,Punjab Kings,field,Punjab Kings,2,,win,65
548324,2012,6,M Chinnaswamy Stadium,15-04-2012,Indian Premier League,18,male,T20,T20,20,2012,club,M. Chinnaswamy Stadium,Rajasthan Royals,Royal Challengers Bengaluru,Rajasthan Royals,bat,Rajasthan Royals,59,,win,34
548325,2012,6,Wankhede Stadium,16-04-2012,Indian Premier League,19,male,T20,T20,20,2012,club,Wankhede Stadium,Delhi Capitals,Chennai Super Kings,Delhi Capitals,field,Delhi Capitals,,7,win,186
548326,2012,6,Sawai Mansingh Stadium,17-04-2012,Indian Premier League,20,male,T20,T20,20,2012,club,Sawai Mansingh Stadium,Kolkata Knight Riders,Rajasthan Royals,Kolkata Knight Riders,bat,Rajasthan Royals,,5,win,12318
548327,2012,6,M Chinnaswamy Stadium,17-04-2012,Indian Premier League,21,male,T20,T20,20,2012,club,M. Chinnaswamy Stadium,Pune Warriors India,Royal Challengers Bengaluru,Pune Warriors India,bat,Royal Challengers Bengaluru,,6,win,1
548328,2012,6,"Punjab Cricket Association Stadium, Mohali",18-04-2012,Indian Premier League,22,male,T20,T20,20,2012,club,"Punjab Cricket Association Stadium, Mohali",Punjab Kings,Punjab Kings,Punjab Kings,bat,Punjab Kings,,8,win,56
548329,2012,6,"Rajiv Gandhi International Stadium, Uppal",10-05-2012,Indian Premier League,55,male,T20,T20,20,2012,club,Rajiv Gandhi International Stadium,Kolkata Knight Riders,Kolkata Knight Riders,Delhi Capitals,bat,Delhi Capitals,,9,win,12
548330,2012,6,"MA Chidambaram Stadium, Chepauk",19-04-2012,Indian Premier League,24,male,T20,T20,20,2012,club,MA Chidambaram Stadium,Pune Warriors India,Chennai Super Kings,Pune Warriors India,field,Chennai Super Kings,13,,win,16414
548331,2012,6,"Punjab Cricket Association Stadium, Mohali",20-04-2012,Indian Premier League,25,male,T20,T20,20,2012,club,"Punjab Cricket Association Stadium, Mohali",Royal Challengers Bengaluru,Punjab Kings,Royal Challengers Bengaluru,field,Royal Challengers Bengaluru,,5,win,1
548332,2012,6,"MA Chidambaram Stadium, Chepauk",21-04-2012,Indian Premier League,26,male,T20,T20,20,2012,club,MA Chidambaram Stadium,Rajasthan Royals,Chennai Super Kings,Rajasthan Royals,bat,Chennai Super Kings,,7,win,267
548333,2012,6,Feroz Shah Kotla,21-04-2012,Indian Premier League,27,male,T20,T20,20,2012,club,Arun Jaitley Stadium,Delhi Capitals,Delhi Capitals,Pune Warriors India,field,Pune Warriors India,20,,win,11919
548334,2012,6,Wankhede Stadium,22-04-2012,Indian Premier League,28,male,T20,T20,20,2012,club,Wankhede Stadium,Chennai Super Kings,Chennai Super Kings,Punjab Kings,bat,Punjab Kings,,6,win,541
548335,2012,6,Barabati Stadium,22-04-2012,Indian Premier League,29,male,T20,T20,20,2012,club,Barabati Stadium,Punjab Kings,Kolkata Knight Riders,Punjab Kings,field,Punjab Kings,,5,win,11959
548336,2012,6,Sawai Mansingh Stadium,23-04-2012,Indian Premier League,30,male,T20,T20,20,2012,club,Sawai Mansingh Stadium,Rajasthan Royals,Rajasthan Royals,Royal Challengers Bengaluru,field,Royal Challengers Bengaluru,46,,win,245
548337,2012,6,Subrata Roy Sahara Stadium,24-04-2012,Indian Premier League,31,male,T20,T20,20,2012,club,Subrata Roy Sahara Stadium,Pune Warriors India,Pune Warriors India,Delhi Capitals,bat,Delhi Capitals,,8,win,11975
548339,2012,6,"Punjab Cricket Association Stadium, Mohali",25-04-2012,Indian Premier League,33,male,T20,T20,20,2012,club,"Punjab Cricket Association Stadium, Mohali",Punjab Kings,Punjab Kings,Chennai Super Kings,bat,Chennai Super Kings,,4,win,27
548341,2012,6,Subrata Roy Sahara Stadium,26-04-2012,Indian Premier League,35,male,T20,T20,20,2012,club,Subrata Roy Sahara Stadium,Kolkata Knight Riders,Pune Warriors India,Kolkata Knight Riders,bat,Kolkata Knight Riders,18,,win,11934
548342,2012,6,Feroz Shah Kotla,27-04-2012,Indian Premier League,36,male,T20,T20,20,2012,club,Arun Jaitley Stadium,Chennai Super Kings,Delhi Capitals,Chennai Super Kings,field,Delhi Capitals,37,,win,11975
548343,2012,6,"MA Chidambaram Stadium, Chepauk",28-04-2012,Indian Premier League,37,male,T20,T20,20,2012,club,MA Chidambaram Stadium,Punjab Kings,Chennai Super Kings,Punjab Kings,bat,Punjab Kings,7,,win,2
548344,2012,6,Eden Gardens,28-04-2012,Indian Premier League,38,male,T20,T20,20,2012,club,Eden Gardens,Punjab Kings,Punjab Kings,Royal Challengers Bengaluru,bat,Punjab Kings,47,,win,56
548345,2012,6,Feroz Shah Kotla,29-04-2012,Indian Premier League,39,male,T20,T20,20,2012,club,Arun Jaitley Stadium,Delhi Capitals,Delhi Capitals,Rajasthan Royals,bat,Delhi Capitals,1,,win,11975
548346,2012,6,Wankhede Stadium,29-04-2012,Indian Premier League,40,male,T20,T20,20,2012,club,Wankhede Stadium,Chennai Super Kings,Chennai Super Kings,Kolkata Knight Riders,field,Chennai Super Kings,,5,win,3451
548347,2012,6,"MA Chidambaram Stadium, Chepauk",30-04-2012,Indian Premier League,41,male,T20,T20,20,2012,club,MA Chidambaram Stadium,Chennai Super Kings,Chennai Super Kings,Punjab Kings,bat,Punjab Kings,,5,win,56
548348,2012,6,Barabati Stadium,01-05-2012,Indian Premier League,42,male,T20,T20,20,2012,club,Barabati Stadium,Kolkata Knight Riders,Kolkata Knight Riders,Pune Warriors India,bat,Kolkata Knight Riders,13,,win,11954
548349,2012,6,Sawai Mansingh Stadium,01-05-2012,Indian Premier League,43,male,T20,T20,20,2012,club,Sawai Mansingh Stadium,Rajasthan Royals,Rajasthan Royals,Delhi Capitals,bat,Delhi Capitals,,6,win,172
548350,2012,6,M Chinnaswamy Stadium,02-05-2012,Indian Premier League,44,male,T20,T20,20,2012,club,M. Chinnaswamy Stadium,Punjab Kings,Royal Challengers Bengaluru,Punjab Kings,field,Punjab Kings,,4,win,34817
548351,2012,6,Subrata Roy Sahara Stadium,03-05-2012,Indian Premier League,45,male,T20,T20,20,2012,club,Subrata Roy Sahara Stadium,Chennai Super Kings,Pune Warriors India,Chennai Super Kings,bat,Chennai Super Kings,1,,win,230
548352,2012,6,"MA Chidambaram Stadium, Chepauk",04-05-2012,Indian Premier League,46,male,T20,T20,20,2012,club,MA Chidambaram Stadium,Chennai Super Kings,Chennai Super Kings,Kolkata Knight Riders,bat,Chennai Super Kings,10,,win,47
548353,2012,6,Eden Gardens,05-05-2012,Indian Premier League,47,male,T20,T20,20,2012,club,Eden Gardens,Punjab Kings,Punjab Kings,Pune Warriors India,bat,Punjab Kings,7,,win,65
548354,2012,6,"Punjab Cricket Association Stadium, Mohali",05-05-2012,Indian Premier League,48,male,T20,T20,20,2012,club,"Punjab Cricket Association Stadium, Mohali",Rajasthan Royals,Punjab Kings,Rajasthan Royals,bat,Rajasthan Royals,43,,win,5
548355,2012,6,Wankhede Stadium,06-05-2012,Indian Premier League,49,male,T20,T20,20,2012,club,Wankhede Stadium,Chennai Super Kings,Chennai Super Kings,Chennai Super Kings,field,Chennai Super Kings,,2,win,50
548356,2012,6,M Chinnaswamy Stadium,06-05-2012,Indian Premier League,50,male,T20,T20,20,2012,club,M. Chinnaswamy Stadium,Royal Challengers Bengaluru,Royal Challengers Bengaluru,Kolkata Knight Riders,field,Royal Challengers Bengaluru,,5,win,245
548357,2012,6,Feroz Shah Kotla,07-05-2012,Indian Premier League,51,male,T20,T20,20,2012,club,Arun Jaitley Stadium,Delhi Capitals,Delhi Capitals,Punjab Kings,bat,Punjab Kings,,6,win,11933
548358,2012,6,Subrata Roy Sahara Stadium,08-05-2012,Indian Premier League,52,male,T20,T20,20,2012,club,Subrata Roy Sahara Stadium,Pune Warriors India,Pune Warriors India,Rajasthan Royals,bat,Rajasthan Royals,,7,win,5
548359,2012,6,"Rajiv Gandhi International Stadium, Uppal",08-05-2012,Indian Premier League,53,male,T20,T20,20,2012,club,Rajiv Gandhi International Stadium,Kolkata Knight Riders,Kolkata Knight Riders,Punjab Kings,field,Punjab Kings,25,,win,2
548360,2012,6,Wankhede Stadium,09-05-2012,Indian Premier League,54,male,T20,T20,20,2012,club,Wankhede Stadium,Royal Challengers Bengaluru,Chennai Super Kings,Royal Challengers Bengaluru,field,Royal Challengers Bengaluru,,9,win,1
548361,2012,6,Sawai Mansingh Stadium,10-05-2012,Indian Premier League,56,male,T20,T20,20,2012,club,Sawai Mansingh Stadium,Chennai Super Kings,Rajasthan Royals,Chennai Super Kings,field,Chennai Super Kings,,4,win,35239
548362,2012,6,Subrata Roy Sahara Stadium,11-05-2012,Indian Premier League,57,male,T20,T20,20,2012,club,Subrata Roy Sahara Stadium,Pune Warriors India,Pune Warriors India,Royal Challengers Bengaluru,field,Royal Challengers Bengaluru,35,,win,1
548363,2012,6,Eden Gardens,12-05-2012,Indian Premier League,58,male,T20,T20,20,2012,club,Eden Gardens,Chennai Super Kings,Punjab Kings,Chennai Super Kings,bat,Chennai Super Kings,27,,win,25
548364,2012,6,"MA Chidambaram Stadium, Chepauk",12-05-2012,Indian Premier League,59,male,T20,T20,20,2012,club,MA Chidambaram Stadium,Chennai Super Kings,Chennai Super Kings,Delhi Capitals,field,Chennai Super Kings,,9,win,35239
548365,2012,6,Sawai Mansingh Stadium,13-05-2012,Indian Premier League,60,male,T20,T20,20,2012,club,Sawai Mansingh Stadium,Rajasthan Royals,Rajasthan Royals,Pune Warriors India,bat,Rajasthan Royals,45,,win,34931
548366,2012,6,"Punjab Cricket Association Stadium, Mohali",13-05-2012,Indian Premier League,61,male,T20,T20,20,2012,club,"Punjab Cricket Association Stadium, Mohali",Kolkata Knight Riders,Punjab Kings,Kolkata Knight Riders,bat,Punjab Kings,,4,win,11922
548367,2012,6,M Chinnaswamy Stadium,14-05-2012,Indian Premier League,62,male,T20,T20,20,2012,club,M. Chinnaswamy Stadium,Chennai Super Kings,Royal Challengers Bengaluru,Chennai Super Kings,field,Chennai Super Kings,,5,win,27
548368,2012,6,Eden Gardens,14-05-2012,Indian Premier League,63,male,T20,T20,20,2012,club,Eden Gardens,Chennai Super Kings,Punjab Kings,Chennai Super Kings,field,Chennai Super Kings,,5,win,11943
548369,2012,6,Feroz Shah Kotla,15-05-2012,Indian Premier League,64,male,T20,T20,20,2012,club,Arun Jaitley Stadium,Punjab Kings,Delhi Capitals,Punjab Kings,bat,Delhi Capitals,,5,win,318
548370,2012,6,Wankhede Stadium,16-05-2012,Indian Premier League,65,male,T20,T20,20,2012,club,Wankhede Stadium,Chennai Super Kings,Chennai Super Kings,Punjab Kings,field,Punjab Kings,32,,win,65
548371,2012,6,Himachal Pradesh Cricket Association Stadium,17-05-2012,Indian Premier League,66,male,T20,T20,20,2012,club,Himachal Pradesh Cricket Association Stadium,Punjab Kings,Punjab Kings,Chennai Super Kings,field,Punjab Kings,,6,win,12007
548372,2012,6,Feroz Shah Kotla,17-05-2012,Indian Premier League,67,male,T20,T20,20,2012,club,Arun Jaitley Stadium,Delhi Capitals,Delhi Capitals,Royal Challengers Bengaluru,field,Royal Challengers Bengaluru,21,,win,1
548373,2012,6,"Rajiv Gandhi International Stadium, Uppal",18-05-2012,Indian Premier League,68,male,T20,T20,20,2012,club,Rajiv Gandhi International Stadium,Rajasthan Royals,Kolkata Knight Riders,Rajasthan Royals,bat,Kolkata Knight Riders,,5,win,3451
548374,2012,6,Himachal Pradesh Cricket Association Stadium,19-05-2012,Indian Premier League,69,male,T20,T20,20,2012,club,Himachal Pradesh Cricket Association Stadium,Delhi Capitals,Punjab Kings,Delhi Capitals,field,Delhi Capitals,,6,win,318
548375,2012,6,Subrata Roy Sahara Stadium,19-05-2012,Indian Premier League,70,male,T20,T20,20,2012,club,Subrata Roy Sahara Stadium,Punjab Kings,Pune Warriors India,Punjab Kings,bat,Punjab Kings,34,,win,579
548376,2012,6,"Rajiv Gandhi International Stadium, Uppal",20-05-2012,Indian Premier League,71,male,T20,T20,20,2012,club,Rajiv Gandhi International Stadium,Royal Challengers Bengaluru,Kolkata Knight Riders,Royal Challengers Bengaluru,field,Kolkata Knight Riders,9,,win,3451
548377,2012,6,Sawai Mansingh Stadium,20-05-2012,Indian Premier League,72,male,T20,T20,20,2012,club,Sawai Mansingh Stadium,Rajasthan Royals,Rajasthan Royals,Chennai Super Kings,bat,Chennai Super Kings,,10,win,50
548378,2012,6,Subrata Roy Sahara Stadium,22-05-2012,Indian Premier League,,male,T20,T20,20,2012,club,Subrata Roy Sahara Stadium,Punjab Kings,Delhi Capitals,Punjab Kings,bat,Punjab Kings,18,,win,60
548379,2012,6,M Chinnaswamy Stadium,23-05-2012,Indian Premier League,,male,T20,T20,20,2012,club,M. Chinnaswamy Stadium,Chennai Super Kings,Chennai Super Kings,Chennai Super Kings,field,Chennai Super Kings,38,,win,38
548380,2012,6,"MA Chidambaram Stadium, Chepauk",25-05-2012,Indian Premier League,,male,T20,T20,20,2012,club,MA Chidambaram Stadium,Delhi Capitals,Delhi Capitals,Chennai Super Kings,field,Chennai Super Kings,86,,win,1630
548381,2012,6,"MA Chidambaram Stadium, Chepauk",27-05-2012,Indian Premier League,,male,T20,T20,20,2012,club,MA Chidambaram Stadium,Chennai Super Kings,Punjab Kings,Chennai Super Kings,bat,Punjab Kings,,5,win,14505
597998,2013,6,Eden Gardens,03-04-2013,Indian Premier League,1,male,T20,T20,20,2013,club,Eden Gardens,Punjab Kings,Punjab Kings,Delhi Capitals,field,Punjab Kings,,6,win,65
597999,2013,6,M Chinnaswamy Stadium,04-04-2013,Indian Premier League,2,male,T20,T20,20,2013,club,M. Chinnaswamy Stadium,Chennai Super Kings,Royal Challengers Bengaluru,Chennai Super Kings,field,Royal Challengers Bengaluru,2,,win,1
598000,2013,6,"Rajiv Gandhi International Stadium, Uppal",05-04-2013,Indian Premier League,3,male,T20,T20,20,2013,club,Rajiv Gandhi International Stadium,Pune Warriors India,Kolkata Knight Riders,Pune Warriors India,field,Kolkata Knight Riders,22,,win,185
598001,2013,6,Feroz Shah Kotla,06-04-2013,Indian Premier League,4,male,T20,T20,20,2013,club,Arun Jaitley Stadium,Rajasthan Royals,Delhi Capitals,Rajasthan Royals,bat,Rajasthan Royals,5,,win,11930
598002,2013,6,"MA Chidambaram Stadium, Chepauk",06-04-2013,Indian Premier League,5,male,T20,T20,20,2013,club,MA Chidambaram Stadium,Chennai Super Kings,Chennai Super Kings,Chennai Super Kings,bat,Chennai Super Kings,9,,win,29
598003,2013,6,Subrata Roy Sahara Stadium,07-04-2013,Indian Premier League,6,male,T20,T20,20,2013,club,Subrata Roy Sahara Stadium,Pune Warriors India,Pune Warriors India,Punjab Kings,bat,Punjab Kings,,8,win,68
598004,2013,6,"Rajiv Gandhi International Stadium, Uppal",07-04-2013,Indian Premier League,7,male,T20,T20,20,2013,club,Rajiv Gandhi International Stadium,Royal Challengers Bengaluru,Kolkata Knight Riders,Royal Challengers Bengaluru,bat,Royal Challengers Bengaluru,,,tie,2910
598005,2013,6,Sawai Mansingh Stadium,08-04-2013,Indian Premier League,8,male,T20,T20,20,2013,club,Sawai Mansingh Stadium,Punjab Kings,Rajasthan Royals,Punjab Kings,field,Rajasthan Royals,19,,win,11972
598006,2013,6,Wankhede Stadium,09-04-2013,Indian Premier League,10,male,T20,T20,20,2013,club,Wankhede Stadium,Chennai Super Kings,Chennai Super Kings,Delhi Capitals,bat,Chennai Super Kings,44,,win,49
598007,2013,6,"Punjab Cricket Association Stadium, Mohali",10-04-2013,Indian Premier League,11,male,T20,T20,20,2013,club,"Punjab Cricket Association Stadium, Mohali",Chennai Super Kings,Punjab Kings,Chennai Super Kings,field,Chennai Super Kings,,10,win,11943
598008,2013,6,M Chinnaswamy Stadium,11-04-2013,Indian Premier League,12,male,T20,T20,20,2013,club,M. Chinnaswamy Stadium,Royal Challengers Bengaluru,Royal Challengers Bengaluru,Punjab Kings,field,Royal Challengers Bengaluru,,8,win,1
598009,2013,6,Subrata Roy Sahara Stadium,11-04-2013,Indian Premier League,13,male,T20,T20,20,2013,club,Subrata Roy Sahara Stadium,Rajasthan Royals,Pune Warriors India,Rajasthan Royals,bat,Pune Warriors India,,7,win,48
598010,2013,6,Feroz Shah Kotla,12-04-2013,Indian Premier League,14,male,T20,T20,20,2013,club,Arun Jaitley Stadium,Delhi Capitals,Delhi Capitals,Kolkata Knight Riders,bat,Kolkata Knight Riders,,3,win,185
598011,2013,6,Wankhede Stadium,13-04-2013,Indian Premier League,15,male,T20,T20,20,2013,club,Wankhede Stadium,Chennai Super Kings,Chennai Super Kings,Pune Warriors India,bat,Chennai Super Kings,41,,win,25
598012,2013,6,"MA Chidambaram Stadium, Chepauk",13-04-2013,Indian Premier League,16,male,T20,T20,20,2013,club,MA Chidambaram Stadium,Chennai Super Kings,Chennai Super Kings,Royal Challengers Bengaluru,field,Chennai Super Kings,,4,win,348
598013,2013,6,Eden Gardens,14-04-2013,Indian Premier League,17,male,T20,T20,20,2013,club,Eden Gardens,Punjab Kings,Punjab Kings,Kolkata Knight Riders,bat,Punjab Kings,48,,win,56
598014,2013,6,Sawai Mansingh Stadium,14-04-2013,Indian Premier League,18,male,T20,T20,20,2013,club,Sawai Mansingh Stadium,Rajasthan Royals,Rajasthan Royals,Punjab Kings,field,Rajasthan Royals,,6,win,569
598015,2013,6,"MA Chidambaram Stadium, Chepauk",15-04-2013,Indian Premier League,19,male,T20,T20,20,2013,club,MA Chidambaram Stadium,Pune Warriors India,Chennai Super Kings,Pune Warriors India,bat,Pune Warriors India,24,,win,36
598016,2013,6,"Punjab Cricket Association Stadium, Mohali",16-04-2013,Indian Premier League,20,male,T20,T20,20,2013,club,"Punjab Cricket Association Stadium, Mohali",Punjab Kings,Punjab Kings,Punjab Kings,field,Punjab Kings,4,,win,51
598017,2013,6,M Chinnaswamy Stadium,16-04-2013,Indian Premier League,21,male,T20,T20,20,2013,club,M. Chinnaswamy Stadium,Royal Challengers Bengaluru,Royal Challengers Bengaluru,Delhi Capitals,field,Delhi Capitals,,,tie,332
598018,2013,6,Maharashtra Cricket Association Stadium,17-04-2013,Indian Premier League,22,male,T20,T20,20,2013,club,Maharashtra Cricket Association Stadium,Pune Warriors India,Pune Warriors India,Kolkata Knight Riders,field,Kolkata Knight Riders,11,,win,185
598019,2013,6,Sawai Mansingh Stadium,17-04-2013,Indian Premier League,23,male,T20,T20,20,2013,club,Sawai Mansingh Stadium,Rajasthan Royals,Rajasthan Royals,Chennai Super Kings,bat,Rajasthan Royals,87,,win,34
598020,2013,6,Feroz Shah Kotla,18-04-2013,Indian Premier League,24,male,T20,T20,20,2013,club,Arun Jaitley Stadium,Chennai Super Kings,Delhi Capitals,Chennai Super Kings,bat,Chennai Super Kings,86,,win,11943
598021,2013,6,"Rajiv Gandhi International Stadium, Uppal",19-04-2013,Indian Premier League,25,male,T20,T20,20,2013,club,Rajiv Gandhi International Stadium,Punjab Kings,Kolkata Knight Riders,Punjab Kings,bat,Kolkata Knight Riders,,5,win,2910
598022,2013,6,Eden Gardens,20-04-2013,Indian Premier League,26,male,T20,T20,20,2013,club,Eden Gardens,Punjab Kings,Punjab Kings,Chennai Super Kings,bat,Chennai Super Kings,,4,win,348
598023,2013,6,M Chinnaswamy Stadium,20-04-2013,Indian Premier League,27,male,T20,T20,20,2013,club,M. Chinnaswamy Stadium,Royal Challengers Bengaluru,Royal Challengers Bengaluru,Rajasthan Royals,field,Royal Challengers Bengaluru,,7,win,1242
598024,2013,6,Feroz Shah Kotla,21-04-2013,Indian Premier League,28,male,T20,T20,20,2013,club,Arun Jaitley Stadium,Chennai Super Kings,Delhi Capitals,Chennai Super Kings,bat,Delhi Capitals,,9,win,11975
598025,2013,6,"Punjab Cricket Association Stadium, Mohali",21-04-2013,Indian Premier League,29,male,T20,T20,20,2013,club,"Punjab Cricket Association Stadium, Mohali",Punjab Kings,Punjab Kings,Pune Warriors India,field,Punjab Kings,,7,win,72
598026,2013,6,"MA Chidambaram Stadium, Chepauk",22-04-2013,Indian Premier League,30,male,T20,T20,20,2013,club,MA Chidambaram Stadium,Rajasthan Royals,Chennai Super Kings,Rajasthan Royals,bat,Chennai Super Kings,,5,win,11943
598027,2013,6,M Chinnaswamy Stadium,23-04-2013,Indian Premier League,31,male,T20,T20,20,2013,club,M. Chinnaswamy Stadium,Pune Warriors India,Royal Challengers Bengaluru,Pune Warriors India,field,Royal Challengers Bengaluru,130,,win,1
598028,2013,6,Himachal Pradesh Cricket Association Stadium,16-05-2013,Indian Premier League,67,male,T20,T20,20,2013,club,Himachal Pradesh Cricket Association Stadium,Delhi Capitals,Punjab Kings,Delhi Capitals,field,Punjab Kings,7,,win,72
598029,2013,6,Eden Gardens,24-04-2013,Indian Premier League,33,male,T20,T20,20,2013,club,Eden Gardens,Punjab Kings,Punjab Kings,Chennai Super Kings,bat,Chennai Super Kings,,5,win,50
598030,2013,6,"MA Chidambaram Stadium, Chepauk",25-04-2013,Indian Premier League,34,male,T20,T20,20,2013,club,MA Chidambaram Stadium,Kolkata Knight Riders,Chennai Super Kings,Kolkata Knight Riders,bat,Chennai Super Kings,,5,win,38
598031,2013,6,Eden Gardens,26-04-2013,Indian Premier League,35,male,T20,T20,20,2013,club,Eden Gardens,Punjab Kings,Punjab Kings,Punjab Kings,bat,Punjab Kings,,6,win,11933
598032,2013,6,Sawai Mansingh Stadium,27-04-2013,Indian Premier League,36,male,T20,T20,20,2013,club,Sawai Mansingh Stadium,Kolkata Knight Riders,Rajasthan Royals,Kolkata Knight Riders,bat,Rajasthan Royals,,8,win,569
598033,2013,6,Wankhede Stadium,27-04-2013,Indian Premier League,37,male,T20,T20,20,2013,club,Wankhede Stadium,Chennai Super Kings,Chennai Super Kings,Royal Challengers Bengaluru,bat,Chennai Super Kings,58,,win,50
598034,2013,6,"MA Chidambaram Stadium, Chepauk",28-04-2013,Indian Premier League,38,male,T20,T20,20,2013,club,MA Chidambaram Stadium,Punjab Kings,Chennai Super Kings,Punjab Kings,field,Chennai Super Kings,14,,win,11943
598035,2013,6,Shaheed Veer Narayan Singh International Stadium,28-04-2013,Indian Premier League,39,male,T20,T20,20,2013,club,Shaheed Veer Narayan Singh International Stadium,Pune Warriors India,Delhi Capitals,Pune Warriors India,field,Delhi Capitals,15,,win,12
598036,2013,6,Sawai Mansingh Stadium,29-04-2013,Indian Premier League,40,male,T20,T20,20,2013,club,Sawai Mansingh Stadium,Rajasthan Royals,Rajasthan Royals,Royal Challengers Bengaluru,field,Rajasthan Royals,,4,win,180
598037,2013,6,Wankhede Stadium,29-04-2013,Indian Premier League,41,male,T20,T20,20,2013,club,Wankhede Stadium,Chennai Super Kings,Chennai Super Kings,Punjab Kings,bat,Chennai Super Kings,4,,win,25
598038,2013,6,Subrata Roy Sahara Stadium,30-04-2013,Indian Premier League,42,male,T20,T20,20,2013,club,Subrata Roy Sahara Stadium,Chennai Super Kings,Pune Warriors India,Chennai Super Kings,bat,Chennai Super Kings,37,,win,38
598039,2013,6,"Rajiv Gandhi International Stadium, Uppal",01-05-2013,Indian Premier League,43,male,T20,T20,20,2013,club,Rajiv Gandhi International Stadium,Chennai Super Kings,Kolkata Knight Riders,Chennai Super Kings,bat,Kolkata Knight Riders,,7,win,308
598040,2013,6,Shaheed Veer Narayan Singh International Stadium,01-05-2013,Indian Premier League,44,male,T20,T20,20,2013,club,Shaheed Veer Narayan Singh International Stadium,Punjab Kings,Delhi Capitals,Punjab Kings,bat,Delhi Capitals,,7,win,12
598041,2013,6,"MA Chidambaram Stadium, Chepauk",02-05-2013,Indian Premier League,45,male,T20,T20,20,2013,club,MA Chidambaram Stadium,Chennai Super Kings,Chennai Super Kings,Punjab Kings,bat,Chennai Super Kings,15,,win,47
598042,2013,6,Subrata Roy Sahara Stadium,02-05-2013,Indian Premier League,46,male,T20,T20,20,2013,club,Subrata Roy Sahara Stadium,Royal Challengers Bengaluru,Pune Warriors India,Royal Challengers Bengaluru,bat,Royal Challengers Bengaluru,17,,win,245
598043,2013,6,Eden Gardens,03-05-2013,Indian Premier League,47,male,T20,T20,20,2013,club,Eden Gardens,Rajasthan Royals,Punjab Kings,Rajasthan Royals,bat,Punjab Kings,,8,win,60
598044,2013,6,"Rajiv Gandhi International Stadium, Uppal",04-05-2013,Indian Premier League,48,male,T20,T20,20,2013,club,Rajiv Gandhi International Stadium,Delhi Capitals,Kolkata Knight Riders,Delhi Capitals,bat,Kolkata Knight Riders,,6,win,36610
598045,2013,6,M Chinnaswamy Stadium,14-05-2013,Indian Premier League,63,male,T20,T20,20,2013,club,M. Chinnaswamy Stadium,Punjab Kings,Royal Challengers Bengaluru,Punjab Kings,field,Punjab Kings,,7,win,12007
598046,2013,6,Wankhede Stadium,05-05-2013,Indian Premier League,49,male,T20,T20,20,2013,club,Wankhede Stadium,Chennai Super Kings,Chennai Super Kings,Chennai Super Kings,bat,Chennai Super Kings,60,,win,604
598047,2013,6,Sawai Mansingh Stadium,05-05-2013,Indian Premier League,50,male,T20,T20,20,2013,club,Sawai Mansingh Stadium,Pune Warriors India,Rajasthan Royals,Pune Warriors India,bat,Rajasthan Royals,,5,win,34
598048,2013,6,M Chinnaswamy Stadium,09-04-2013,Indian Premier League,9,male,T20,T20,20,2013,club,M. Chinnaswamy Stadium,Kolkata Knight Riders,Royal Challengers Bengaluru,Kolkata Knight Riders,bat,Royal Challengers Bengaluru,,7,win,332
598049,2013,6,Sawai Mansingh Stadium,07-05-2013,Indian Premier League,52,male,T20,T20,20,2013,club,Sawai Mansingh Stadium,Delhi Capitals,Rajasthan Royals,Delhi Capitals,bat,Rajasthan Royals,,9,win,34
598050,2013,6,Wankhede Stadium,07-05-2013,Indian Premier League,53,male,T20,T20,20,2013,club,Wankhede Stadium,Chennai Super Kings,Chennai Super Kings,Punjab Kings,bat,Chennai Super Kings,65,,win,12580
598051,2013,6,"Rajiv Gandhi International Stadium, Uppal",08-05-2013,Indian Premier League,54,male,T20,T20,20,2013,club,Rajiv Gandhi International Stadium,Kolkata Knight Riders,Kolkata Knight Riders,Chennai Super Kings,field,Chennai Super Kings,77,,win,47
598052,2013,6,"Punjab Cricket Association Stadium, Mohali",09-05-2013,Indian Premier League,55,male,T20,T20,20,2013,club,"Punjab Cricket Association Stadium, Mohali",Rajasthan Royals,Punjab Kings,Rajasthan Royals,field,Rajasthan Royals,,8,win,34343
598053,2013,6,Subrata Roy Sahara Stadium,09-05-2013,Indian Premier League,56,male,T20,T20,20,2013,club,Subrata Roy Sahara Stadium,Punjab Kings,Pune Warriors India,Punjab Kings,bat,Punjab Kings,46,,win,56
598054,2013,6,Feroz Shah Kotla,10-05-2013,Indian Premier League,57,male,T20,T20,20,2013,club,Arun Jaitley Stadium,Delhi Capitals,Delhi Capitals,Royal Challengers Bengaluru,field,Royal Challengers Bengaluru,4,,win,438
598055,2013,6,Subrata Roy Sahara Stadium,11-05-2013,Indian Premier League,58,male,T20,T20,20,2013,club,Subrata Roy Sahara Stadium,Pune Warriors India,Pune Warriors India,Chennai Super Kings,bat,Chennai Super Kings,,5,win,604
598056,2013,6,"Punjab Cricket Association Stadium, Mohali",11-05-2013,Indian Premier League,59,male,T20,T20,20,2013,club,"Punjab Cricket Association Stadium, Mohali",Punjab Kings,Punjab Kings,Kolkata Knight Riders,field,Kolkata Knight Riders,30,,win,23
598057,2013,6,JSCA International Stadium Complex,12-05-2013,Indian Premier League,60,male,T20,T20,20,2013,club,JSCA International Stadium Complex,Punjab Kings,Punjab Kings,Royal Challengers Bengaluru,field,Punjab Kings,,5,win,11933
598058,2013,6,Sawai Mansingh Stadium,12-05-2013,Indian Premier League,61,male,T20,T20,20,2013,club,Sawai Mansingh Stadium,Rajasthan Royals,Rajasthan Royals,Chennai Super Kings,field,Rajasthan Royals,,5,win,5
598059,2013,6,Feroz Shah Kotla,23-04-2013,Indian Premier League,32,male,T20,T20,20,2013,club,Arun Jaitley Stadium,Punjab Kings,Delhi Capitals,Punjab Kings,field,Punjab Kings,,5,win,13267
598060,2013,6,Wankhede Stadium,13-05-2013,Indian Premier League,62,male,T20,T20,20,2013,club,Wankhede Stadium,Kolkata Knight Riders,Chennai Super Kings,Kolkata Knight Riders,bat,Chennai Super Kings,,7,win,29
598061,2013,6,JSCA International Stadium Complex,15-05-2013,Indian Premier League,65,male,T20,T20,20,2013,club,JSCA International Stadium Complex,Punjab Kings,Punjab Kings,Pune Warriors India,field,Pune Warriors India,7,,win,59
598062,2013,6,"MA Chidambaram Stadium, Chepauk",14-05-2013,Indian Premier League,64,male,T20,T20,20,2013,club,MA Chidambaram Stadium,Chennai Super Kings,Chennai Super Kings,Delhi Capitals,bat,Chennai Super Kings,33,,win,38
598063,2013,6,Wankhede Stadium,15-05-2013,Indian Premier League,66,male,T20,T20,20,2013,club,Wankhede Stadium,Rajasthan Royals,Chennai Super Kings,Rajasthan Royals,field,Chennai Super Kings,14,,win,177
598064,2013,6,"Punjab Cricket Association Stadium, Mohali",06-05-2013,Indian Premier League,51,male,T20,T20,20,2013,club,"Punjab Cricket Association Stadium, Mohali",Punjab Kings,Punjab Kings,Royal Challengers Bengaluru,field,Punjab Kings,,6,win,72
598065,2013,6,"Rajiv Gandhi International Stadium, Uppal",17-05-2013,Indian Premier League,68,male,T20,T20,20,2013,club,Rajiv Gandhi International Stadium,Kolkata Knight Riders,Kolkata Knight Riders,Rajasthan Royals,bat,Kolkata Knight Riders,23,,win,185
598066,2013,6,Himachal Pradesh Cricket Association Stadium,18-05-2013,Indian Premier League,69,male,T20,T20,20,2013,club,Himachal Pradesh Cricket Association Stadium,Chennai Super Kings,Punjab Kings,Chennai Super Kings,field,Punjab Kings,50,,win,34817
598067,2013,6,Subrata Roy Sahara Stadium,19-05-2013,Indian Premier League,71,male,T20,T20,20,2013,club,Subrata Roy Sahara Stadium,Pune Warriors India,Pune Warriors India,Delhi Capitals,bat,Pune Warriors India,38,,win,34959
598068,2013,6,M Chinnaswamy Stadium,18-05-2013,Indian Premier League,70,male,T20,T20,20,2013,club,M. Chinnaswamy Stadium,Chennai Super Kings,Royal Challengers Bengaluru,Chennai Super Kings,field,Royal Challengers Bengaluru,24,,win,332
598069,2013,6,"Rajiv Gandhi International Stadium, Uppal",19-05-2013,Indian Premier League,72,male,T20,T20,20,2013,club,Rajiv Gandhi International Stadium,Punjab Kings,Kolkata Knight Riders,Punjab Kings,bat,Kolkata Knight Riders,,5,win,23
598070,2013,6,Feroz Shah Kotla,21-05-2013,Indian Premier League,,male,T20,T20,20,2013,club,Arun Jaitley Stadium,Chennai Super Kings,Chennai Super Kings,Chennai Super Kings,bat,Chennai Super Kings,48,,win,11943
598071,2013,6,Feroz Shah Kotla,22-05-2013,Indian Premier League,,male,T20,T20,20,2013,club,Arun Jaitley Stadium,Kolkata Knight Riders,Rajasthan Royals,Kolkata Knight Riders,bat,Rajasthan Royals,,4,win,12318
598072,2013,6,Eden Gardens,24-05-2013,Indian Premier League,,male,T20,T20,20,2013,club,Eden Gardens,Rajasthan Royals,Chennai Super Kings,Rajasthan Royals,bat,Chennai Super Kings,,4,win,228
598073,2013,6,Eden Gardens,26-05-2013,Indian Premier League,,male,T20,T20,20,2013,club,Eden Gardens,Chennai Super Kings,Chennai Super Kings,Chennai Super Kings,bat,Chennai Super Kings,23,,win,29
729279,2014,6,Sheikh Zayed Stadium,16-04-2014,Indian Premier League,1,male,T20,T20,20,2014,club,Sheikh Zayed Stadium,Punjab Kings,Chennai Super Kings,Punjab Kings,bat,Punjab Kings,41,,win,11933
729281,2014,6,Sharjah Cricket Stadium,17-04-2014,Indian Premier League,2,male,T20,T20,20,2014,club,Sharjah Cricket Stadium,Royal Challengers Bengaluru,Delhi Capitals,Royal Challengers Bengaluru,field,Royal Challengers Bengaluru,,8,win,10
729283,2014,6,Sheikh Zayed Stadium,18-04-2014,Indian Premier League,3,male,T20,T20,20,2014,club,Sheikh Zayed Stadium,Chennai Super Kings,Chennai Super Kings,Punjab Kings,bat,Punjab Kings,,6,win,71
729285,2014,6,Sheikh Zayed Stadium,18-04-2014,Indian Premier League,4,male,T20,T20,20,2014,club,Sheikh Zayed Stadium,Rajasthan Royals,Kolkata Knight Riders,Rajasthan Royals,field,Rajasthan Royals,,4,win,34
729287,2014,6,Dubai International Cricket Stadium,19-04-2014,Indian Premier League,5,male,T20,T20,20,2014,club,Dubai International Cricket Stadium,Royal Challengers Bengaluru,Royal Challengers Bengaluru,Chennai Super Kings,field,Royal Challengers Bengaluru,,7,win,23
729289,2014,6,Dubai International Cricket Stadium,19-04-2014,Indian Premier League,6,male,T20,T20,20,2014,club,Dubai International Cricket Stadium,Punjab Kings,Punjab Kings,Delhi Capitals,bat,Delhi Capitals,,4,win,1964
729291,2014,6,Sharjah Cricket Stadium,20-04-2014,Indian Premier League,7,male,T20,T20,20,2014,club,Sharjah Cricket Stadium,Punjab Kings,Rajasthan Royals,Punjab Kings,field,Punjab Kings,,7,win,71
729293,2014,6,Sheikh Zayed Stadium,21-04-2014,Indian Premier League,8,male,T20,T20,20,2014,club,Sheikh Zayed Stadium,Chennai Super Kings,Chennai Super Kings,Delhi Capitals,bat,Chennai Super Kings,93,,win,47
729295,2014,6,Sharjah Cricket Stadium,22-04-2014,Indian Premier League,9,male,T20,T20,20,2014,club,Sharjah Cricket Stadium,Kolkata Knight Riders,Punjab Kings,Kolkata Knight Riders,field,Punjab Kings,72,,win,71
729297,2014,6,Dubai International Cricket Stadium,23-04-2014,Indian Premier League,10,male,T20,T20,20,2014,club,Dubai International Cricket Stadium,Rajasthan Royals,Rajasthan Royals,Chennai Super Kings,field,Chennai Super Kings,7,,win,348
729299,2014,6,Sharjah Cricket Stadium,24-04-2014,Indian Premier League,11,male,T20,T20,20,2014,club,Sharjah Cricket Stadium,Royal Challengers Bengaluru,Royal Challengers Bengaluru,Punjab Kings,field,Punjab Kings,2,,win,57
729301,2014,6,Dubai International Cricket Stadium,25-04-2014,Indian Premier League,12,male,T20,T20,20,2014,club,Dubai International Cricket Stadium,Kolkata Knight Riders,Kolkata Knight Riders,Delhi Capitals,bat,Kolkata Knight Riders,4,,win,48
729303,2014,6,Dubai International Cricket Stadium,25-04-2014,Indian Premier League,13,male,T20,T20,20,2014,club,Dubai International Cricket Stadium,Chennai Super Kings,Chennai Super Kings,Chennai Super Kings,bat,Chennai Super Kings,,7,win,75
729305,2014,6,Sheikh Zayed Stadium,26-04-2014,Indian Premier League,14,male,T20,T20,20,2014,club,Sheikh Zayed Stadium,Rajasthan Royals,Rajasthan Royals,Royal Challengers Bengaluru,field,Rajasthan Royals,,6,win,37031
729307,2014,6,Sheikh Zayed Stadium,26-04-2014,Indian Premier League,15,male,T20,T20,20,2014,club,Sheikh Zayed Stadium,Punjab Kings,Punjab Kings,Punjab Kings,field,Punjab Kings,23,,win,76
729309,2014,6,Sharjah Cricket Stadium,27-04-2014,Indian Premier League,16,male,T20,T20,20,2014,club,Sharjah Cricket Stadium,Chennai Super Kings,Delhi Capitals,Chennai Super Kings,bat,Delhi Capitals,,6,win,1630
729311,2014,6,Sharjah Cricket Stadium,27-04-2014,Indian Premier League,17,male,T20,T20,20,2014,club,Sharjah Cricket Stadium,Kolkata Knight Riders,Kolkata Knight Riders,Chennai Super Kings,bat,Chennai Super Kings,,5,win,50
729313,2014,6,Dubai International Cricket Stadium,28-04-2014,Indian Premier League,18,male,T20,T20,20,2014,club,Dubai International Cricket Stadium,Punjab Kings,Punjab Kings,Royal Challengers Bengaluru,field,Punjab Kings,,5,win,76
729315,2014,6,Sheikh Zayed Stadium,29-04-2014,Indian Premier League,19,male,T20,T20,20,2014,club,Sheikh Zayed Stadium,Rajasthan Royals,Punjab Kings,Rajasthan Royals,bat,Rajasthan Royals,,,tie,569
729317,2014,6,Dubai International Cricket Stadium,30-04-2014,Indian Premier League,20,male,T20,T20,20,2014,club,Dubai International Cricket Stadium,Chennai Super Kings,Chennai Super Kings,Kolkata Knight Riders,field,Kolkata Knight Riders,15,,win,20
733971,2014,6,JSCA International Stadium Complex,02-05-2014,Indian Premier League,21,male,T20,T20,20,2014,club,JSCA International Stadium Complex,Chennai Super Kings,Chennai Super Kings,Punjab Kings,bat,Chennai Super Kings,34,,win,348
733973,2014,6,Wankhede Stadium,03-05-2014,Indian Premier League,22,male,T20,T20,20,2014,club,Wankhede Stadium,Punjab Kings,Chennai Super Kings,Punjab Kings,bat,Chennai Super Kings,,5,win,258
733975,2014,6,Feroz Shah Kotla,03-05-2014,Indian Premier League,23,male,T20,T20,20,2014,club,Arun Jaitley Stadium,Rajasthan Royals,Delhi Capitals,Rajasthan Royals,field,Rajasthan Royals,,7,win,179
733977,2014,6,M Chinnaswamy Stadium,04-05-2014,Indian Premier League,24,male,T20,T20,20,2014,club,M. Chinnaswamy Stadium,Royal Challengers Bengaluru,Royal Challengers Bengaluru,Kolkata Knight Riders,field,Royal Challengers Bengaluru,,4,win,245
733979,2014,6,"Sardar Patel Stadium, Motera",05-05-2014,Indian Premier League,25,male,T20,T20,20,2014,club,"Sardar Patel Stadium, Motera",Punjab Kings,Rajasthan Royals,Punjab Kings,field,Rajasthan Royals,10,,win,37031
733981,2014,6,Feroz Shah Kotla,05-05-2014,Indian Premier League,26,male,T20,T20,20,2014,club,Arun Jaitley Stadium,Chennai Super Kings,Delhi Capitals,Chennai Super Kings,field,Chennai Super Kings,,8,win,50
733983,2014,6,Wankhede Stadium,06-05-2014,Indian Premier League,27,male,T20,T20,20,2014,club,Wankhede Stadium,Royal Challengers Bengaluru,Chennai Super Kings,Royal Challengers Bengaluru,field,Chennai Super Kings,19,,win,25
733985,2014,6,Feroz Shah Kotla,07-05-2014,Indian Premier League,28,male,T20,T20,20,2014,club,Arun Jaitley Stadium,Delhi Capitals,Delhi Capitals,Punjab Kings,bat,Punjab Kings,,8,win,56
733987,2014,6,Barabati Stadium,07-05-2014,Indian Premier League,29,male,T20,T20,20,2014,club,Barabati Stadium,Chennai Super Kings,Punjab Kings,Chennai Super Kings,field,Punjab Kings,44,,win,71
733989,2014,6,"Sardar Patel Stadium, Motera",08-05-2014,Indian Premier League,30,male,T20,T20,20,2014,club,"Sardar Patel Stadium, Motera",Rajasthan Royals,Rajasthan Royals,Kolkata Knight Riders,field,Kolkata Knight Riders,32,,win,20
733991,2014,6,M Chinnaswamy Stadium,09-05-2014,Indian Premier League,31,male,T20,T20,20,2014,club,M. Chinnaswamy Stadium,Royal Challengers Bengaluru,Royal Challengers Bengaluru,Punjab Kings,field,Punjab Kings,32,,win,76
733993,2014,6,Feroz Shah Kotla,10-05-2014,Indian Premier League,32,male,T20,T20,20,2014,club,Arun Jaitley Stadium,Kolkata Knight Riders,Delhi Capitals,Kolkata Knight Riders,field,Kolkata Knight Riders,,8,win,3451
733995,2014,6,Wankhede Stadium,10-05-2014,Indian Premier League,33,male,T20,T20,20,2014,club,Wankhede Stadium,Chennai Super Kings,Chennai Super Kings,Chennai Super Kings,field,Chennai Super Kings,,4,win,50
733997,2014,6,Barabati Stadium,11-05-2014,Indian Premier League,34,male,T20,T20,20,2014,club,Barabati Stadium,Punjab Kings,Punjab Kings,Punjab Kings,field,Punjab Kings,,9,win,56
733999,2014,6,M Chinnaswamy Stadium,11-05-2014,Indian Premier League,35,male,T20,T20,20,2014,club,M. Chinnaswamy Stadium,Royal Challengers Bengaluru,Royal Challengers Bengaluru,Rajasthan Royals,bat,Rajasthan Royals,,5,win,569
734001,2014,6,"Rajiv Gandhi International Stadium, Uppal",12-05-2014,Indian Premier League,36,male,T20,T20,20,2014,club,Rajiv Gandhi International Stadium,Kolkata Knight Riders,Kolkata Knight Riders,Chennai Super Kings,bat,Chennai Super Kings,,7,win,27
734003,2014,6,JSCA International Stadium Complex,13-05-2014,Indian Premier League,37,male,T20,T20,20,2014,club,JSCA International Stadium Complex,Rajasthan Royals,Chennai Super Kings,Rajasthan Royals,bat,Chennai Super Kings,,5,win,348
734005,2014,6,M Chinnaswamy Stadium,13-05-2014,Indian Premier League,38,male,T20,T20,20,2014,club,M. Chinnaswamy Stadium,Delhi Capitals,Royal Challengers Bengaluru,Delhi Capitals,field,Royal Challengers Bengaluru,16,,win,15
734007,2014,6,"Rajiv Gandhi International Stadium, Uppal",14-05-2014,Indian Premier League,39,male,T20,T20,20,2014,club,Rajiv Gandhi International Stadium,Punjab Kings,Kolkata Knight Riders,Punjab Kings,field,Punjab Kings,,6,win,69
734009,2014,6,Barabati Stadium,14-05-2014,Indian Premier League,40,male,T20,T20,20,2014,club,Barabati Stadium,Punjab Kings,Punjab Kings,Chennai Super Kings,field,Punjab Kings,,6,win,58
734011,2014,6,"Sardar Patel Stadium, Motera",15-05-2014,Indian Premier League,41,male,T20,T20,20,2014,club,"Sardar Patel Stadium, Motera",Delhi Capitals,Rajasthan Royals,Delhi Capitals,field,Rajasthan Royals,62,,win,34
734013,2014,6,JSCA International Stadium Complex,18-05-2014,Indian Premier League,42,male,T20,T20,20,2014,club,JSCA International Stadium Complex,Chennai Super Kings,Chennai Super Kings,Royal Challengers Bengaluru,bat,Royal Challengers Bengaluru,,5,win,245
734015,2014,6,"Rajiv Gandhi International Stadium, Uppal",18-05-2014,Indian Premier League,43,male,T20,T20,20,2014,club,Rajiv Gandhi International Stadium,Kolkata Knight Riders,Kolkata Knight Riders,Punjab Kings,bat,Punjab Kings,,7,win,318
734017,2014,6,"Sardar Patel Stadium, Motera",19-05-2014,Indian Premier League,44,male,T20,T20,20,2014,club,"Sardar Patel Stadium, Motera",Chennai Super Kings,Rajasthan Royals,Chennai Super Kings,bat,Chennai Super Kings,25,,win,11943
734019,2014,6,Feroz Shah Kotla,19-05-2014,Indian Premier League,45,male,T20,T20,20,2014,club,Arun Jaitley Stadium,Punjab Kings,Delhi Capitals,Punjab Kings,field,Punjab Kings,,4,win,70
734021,2014,6,"Rajiv Gandhi International Stadium, Uppal",20-05-2014,Indian Premier League,46,male,T20,T20,20,2014,club,Rajiv Gandhi International Stadium,Royal Challengers Bengaluru,Kolkata Knight Riders,Royal Challengers Bengaluru,bat,Kolkata Knight Riders,,7,win,12
734023,2014,6,Eden Gardens,20-05-2014,Indian Premier League,47,male,T20,T20,20,2014,club,Eden Gardens,Punjab Kings,Punjab Kings,Chennai Super Kings,field,Punjab Kings,,8,win,58
734025,2014,6,"Punjab Cricket Association Stadium, Mohali",21-05-2014,Indian Premier League,48,male,T20,T20,20,2014,club,"Punjab Cricket Association Stadium, Mohali",Chennai Super Kings,Punjab Kings,Chennai Super Kings,field,Chennai Super Kings,,7,win,1035
734027,2014,6,Eden Gardens,22-05-2014,Indian Premier League,49,male,T20,T20,20,2014,club,Eden Gardens,Royal Challengers Bengaluru,Punjab Kings,Royal Challengers Bengaluru,field,Punjab Kings,30,,win,58
734029,2014,6,JSCA International Stadium Complex,22-05-2014,Indian Premier League,50,male,T20,T20,20,2014,club,JSCA International Stadium Complex,Kolkata Knight Riders,Chennai Super Kings,Kolkata Knight Riders,field,Kolkata Knight Riders,,6,win,12
734031,2014,6,Wankhede Stadium,23-05-2014,Indian Premier League,51,male,T20,T20,20,2014,club,Wankhede Stadium,Delhi Capitals,Chennai Super Kings,Delhi Capitals,field,Chennai Super Kings,15,,win,11943
734033,2014,6,"Punjab Cricket Association Stadium, Mohali",23-05-2014,Indian Premier League,52,male,T20,T20,20,2014,club,"Punjab Cricket Association Stadium, Mohali",Rajasthan Royals,Punjab Kings,Rajasthan Royals,field,Punjab Kings,16,,win,541
734035,2014,6,M Chinnaswamy Stadium,24-05-2014,Indian Premier League,53,male,T20,T20,20,2014,club,M. Chinnaswamy Stadium,Chennai Super Kings,Royal Challengers Bengaluru,Chennai Super Kings,field,Chennai Super Kings,,8,win,38
734037,2014,6,Eden Gardens,24-05-2014,Indian Premier League,54,male,T20,T20,20,2014,club,Eden Gardens,Punjab Kings,Punjab Kings,Kolkata Knight Riders,field,Punjab Kings,,4,win,60
734039,2014,6,"Punjab Cricket Association Stadium, Mohali",25-05-2014,Indian Premier League,55,male,T20,T20,20,2014,club,"Punjab Cricket Association Stadium, Mohali",Punjab Kings,Punjab Kings,Delhi Capitals,field,Punjab Kings,,7,win,68
734041,2014,6,Wankhede Stadium,25-05-2014,Indian Premier League,56,male,T20,T20,20,2014,club,Wankhede Stadium,Chennai Super Kings,Chennai Super Kings,Rajasthan Royals,field,Chennai Super Kings,,5,win,258
734043,2014,6,Eden Gardens,27-05-2014,Indian Premier League,,male,T20,T20,20,2014,club,Eden Gardens,Punjab Kings,Punjab Kings,Punjab Kings,field,Punjab Kings,28,,win,318
734045,2014,6,Brabourne Stadium,28-05-2014,Indian Premier League,,male,T20,T20,20,2014,club,Brabourne Stadium,Chennai Super Kings,Chennai Super Kings,Chennai Super Kings,field,Chennai Super Kings,,7,win,47
734047,2014,6,Wankhede Stadium,30-05-2014,Indian Premier League,,male,T20,T20,20,2014,club,Wankhede Stadium,Chennai Super Kings,Chennai Super Kings,Punjab Kings,field,Punjab Kings,24,,win,11975
734049,2014,6,M Chinnaswamy Stadium,01-06-2014,Indian Premier League,,male,T20,T20,20,2014,club,M. Chinnaswamy Stadium,Punjab Kings,Punjab Kings,Punjab Kings,field,Punjab Kings,,3,win,59
829705,2015,6,Eden Gardens,08-04-2015,Indian Premier League,1,male,T20,T20,20,2015,club,Eden Gardens,Punjab Kings,Punjab Kings,Chennai Super Kings,field,Punjab Kings,,7,win,13863
829707,2015,6,"MA Chidambaram Stadium, Chepauk",09-04-2015,Indian Premier League,2,male,T20,T20,20,2015,club,MA Chidambaram Stadium,Delhi Capitals,Chennai Super Kings,Delhi Capitals,field,Chennai Super Kings,1,,win,21
829709,2015,6,Maharashtra Cricket Association Stadium,10-04-2015,Indian Premier League,3,male,T20,T20,20,2015,club,Maharashtra Cricket Association Stadium,Punjab Kings,Punjab Kings,Rajasthan Royals,field,Rajasthan Royals,26,,win,569
829711,2015,6,"MA Chidambaram Stadium, Chepauk",11-04-2015,Indian Premier League,4,male,T20,T20,20,2015,club,MA Chidambaram Stadium,Chennai Super Kings,Chennai Super Kings,Kolkata Knight Riders,bat,Chennai Super Kings,45,,win,46
829713,2015,6,Eden Gardens,11-04-2015,Indian Premier League,5,male,T20,T20,20,2015,club,Eden Gardens,Royal Challengers Bengaluru,Punjab Kings,Royal Challengers Bengaluru,field,Royal Challengers Bengaluru,,3,win,1
829715,2015,6,Feroz Shah Kotla,12-04-2015,Indian Premier League,6,male,T20,T20,20,2015,club,Arun Jaitley Stadium,Rajasthan Royals,Delhi Capitals,Rajasthan Royals,field,Rajasthan Royals,,3,win,16
829717,2015,6,Wankhede Stadium,12-04-2015,Indian Premier League,7,male,T20,T20,20,2015,club,Wankhede Stadium,Chennai Super Kings,Chennai Super Kings,Punjab Kings,field,Punjab Kings,18,,win,13882
829719,2015,6,M Chinnaswamy Stadium,13-04-2015,Indian Premier League,8,male,T20,T20,20,2015,club,M. Chinnaswamy Stadium,Kolkata Knight Riders,Royal Challengers Bengaluru,Kolkata Knight Riders,field,Kolkata Knight Riders,,8,win,12
829721,2015,6,"Sardar Patel Stadium, Motera",14-04-2015,Indian Premier League,9,male,T20,T20,20,2015,club,"Sardar Patel Stadium, Motera",Chennai Super Kings,Rajasthan Royals,Chennai Super Kings,bat,Rajasthan Royals,,7,win,36
829723,2015,6,Eden Gardens,30-04-2015,Indian Premier League,30,male,T20,T20,20,2015,club,Eden Gardens,Punjab Kings,Punjab Kings,Chennai Super Kings,field,Punjab Kings,,7,win,1437
829725,2015,6,Maharashtra Cricket Association Stadium,15-04-2015,Indian Premier League,10,male,T20,T20,20,2015,club,Maharashtra Cricket Association Stadium,Punjab Kings,Punjab Kings,Delhi Capitals,bat,Delhi Capitals,,5,win,35
829727,2015,6,Dr. Y.S. Rajasekhara Reddy ACA-VDCA Cricket Stadium,16-04-2015,Indian Premier League,11,male,T20,T20,20,2015,club,Dr. Y.S. Rajasekhara Reddy ACA-VDCA Cricket Stadium,Rajasthan Royals,Kolkata Knight Riders,Rajasthan Royals,field,Rajasthan Royals,,6,win,34
829729,2015,6,Wankhede Stadium,17-04-2015,Indian Premier League,12,male,T20,T20,20,2015,club,Wankhede Stadium,Chennai Super Kings,Chennai Super Kings,Chennai Super Kings,bat,Chennai Super Kings,,6,win,21
829731,2015,6,Dr. Y.S. Rajasekhara Reddy ACA-VDCA Cricket Stadium,18-04-2015,Indian Premier League,13,male,T20,T20,20,2015,club,Dr. Y.S. Rajasekhara Reddy ACA-VDCA Cricket Stadium,Delhi Capitals,Kolkata Knight Riders,Delhi Capitals,bat,Delhi Capitals,4,,win,1964
829733,2015,6,Maharashtra Cricket Association Stadium,18-04-2015,Indian Premier League,14,male,T20,T20,20,2015,club,Maharashtra Cricket Association Stadium,Punjab Kings,Punjab Kings,Punjab Kings,field,Punjab Kings,,4,win,1437
829735,2015,6,"Sardar Patel Stadium, Motera",19-04-2015,Indian Premier League,15,male,T20,T20,20,2015,club,"Sardar Patel Stadium, Motera",Chennai Super Kings,Rajasthan Royals,Chennai Super Kings,bat,Rajasthan Royals,,8,win,34
829737,2015,6,M Chinnaswamy Stadium,19-04-2015,Indian Premier League,16,male,T20,T20,20,2015,club,M. Chinnaswamy Stadium,Royal Challengers Bengaluru,Royal Challengers Bengaluru,Chennai Super Kings,field,Chennai Super Kings,18,,win,228
829739,2015,6,Feroz Shah Kotla,20-04-2015,Indian Premier League,17,male,T20,T20,20,2015,club,Arun Jaitley Stadium,Punjab Kings,Delhi Capitals,Punjab Kings,field,Punjab Kings,,6,win,318
829741,2015,6,"Sardar Patel Stadium, Motera",21-04-2015,Indian Premier League,18,male,T20,T20,20,2015,club,"Sardar Patel Stadium, Motera",Punjab Kings,Rajasthan Royals,Punjab Kings,field,Punjab Kings,,,tie,541
829743,2015,6,Dr. Y.S. Rajasekhara Reddy ACA-VDCA Cricket Stadium,22-04-2015,Indian Premier League,19,male,T20,T20,20,2015,club,Dr. Y.S. Rajasekhara Reddy ACA-VDCA Cricket Stadium,Punjab Kings,Kolkata Knight Riders,Punjab Kings,field,Kolkata Knight Riders,16,,win,12
829745,2015,6,M Chinnaswamy Stadium,22-04-2015,Indian Premier League,20,male,T20,T20,20,2015,club,M. Chinnaswamy Stadium,Royal Challengers Bengaluru,Royal Challengers Bengaluru,Chennai Super Kings,field,Chennai Super Kings,27,,win,47
829747,2015,6,Feroz Shah Kotla,23-04-2015,Indian Premier League,21,male,T20,T20,20,2015,club,Arun Jaitley Stadium,Chennai Super Kings,Delhi Capitals,Chennai Super Kings,field,Delhi Capitals,37,,win,389
829749,2015,6,"Sardar Patel Stadium, Motera",24-04-2015,Indian Premier League,22,male,T20,T20,20,2015,club,"Sardar Patel Stadium, Motera",Royal Challengers Bengaluru,Rajasthan Royals,Royal Challengers Bengaluru,field,Royal Challengers Bengaluru,,9,win,10109
829751,2015,6,Wankhede Stadium,25-04-2015,Indian Premier League,23,male,T20,T20,20,2015,club,Wankhede Stadium,Chennai Super Kings,Chennai Super Kings,Kolkata Knight Riders,bat,Chennai Super Kings,20,,win,230
829753,2015,6,"MA Chidambaram Stadium, Chepauk",25-04-2015,Indian Premier League,24,male,T20,T20,20,2015,club,MA Chidambaram Stadium,Chennai Super Kings,Chennai Super Kings,Punjab Kings,bat,Chennai Super Kings,97,,win,46
829757,2015,6,Feroz Shah Kotla,26-04-2015,Indian Premier League,26,male,T20,T20,20,2015,club,Arun Jaitley Stadium,Royal Challengers Bengaluru,Delhi Capitals,Royal Challengers Bengaluru,field,Royal Challengers Bengaluru,,10,win,241
829759,2015,6,"Punjab Cricket Association Stadium, Mohali",27-04-2015,Indian Premier League,27,male,T20,T20,20,2015,club,"Punjab Cricket Association Stadium, Mohali",Punjab Kings,Punjab Kings,Kolkata Knight Riders,field,Kolkata Knight Riders,20,,win,66
829761,2015,6,Eden Gardens,07-05-2015,Indian Premier League,42,male,T20,T20,20,2015,club,Eden Gardens,Punjab Kings,Punjab Kings,Delhi Capitals,bat,Punjab Kings,13,,win,63
829763,2015,6,M Chinnaswamy Stadium,29-04-2015,Indian Premier League,29,male,T20,T20,20,2015,club,M. Chinnaswamy Stadium,Rajasthan Royals,Royal Challengers Bengaluru,Rajasthan Royals,field,Rajasthan Royals,,,no result,
829765,2015,6,"MA Chidambaram Stadium, Chepauk",28-04-2015,Indian Premier League,28,male,T20,T20,20,2015,club,MA Chidambaram Stadium,Punjab Kings,Chennai Super Kings,Punjab Kings,field,Chennai Super Kings,2,,win,1393
829767,2015,6,Feroz Shah Kotla,01-05-2015,Indian Premier League,31,male,T20,T20,20,2015,club,Arun Jaitley Stadium,Delhi Capitals,Delhi Capitals,Punjab Kings,field,Delhi Capitals,,9,win,471
829769,2015,6,Wankhede Stadium,01-05-2015,Indian Premier League,32,male,T20,T20,20,2015,club,Wankhede Stadium,Rajasthan Royals,Chennai Super Kings,Rajasthan Royals,field,Chennai Super Kings,8,,win,27
829771,2015,6,M Chinnaswamy Stadium,02-05-2015,Indian Premier League,33,male,T20,T20,20,2015,club,M. Chinnaswamy Stadium,Royal Challengers Bengaluru,Royal Challengers Bengaluru,Punjab Kings,field,Royal Challengers Bengaluru,,7,win,2
829773,2015,6,"Rajiv Gandhi International Stadium, Uppal",02-05-2015,Indian Premier League,34,male,T20,T20,20,2015,club,Rajiv Gandhi International Stadium,Chennai Super Kings,Kolkata Knight Riders,Chennai Super Kings,field,Kolkata Knight Riders,22,,win,12
829775,2015,6,"Punjab Cricket Association Stadium, Mohali",03-05-2015,Indian Premier League,35,male,T20,T20,20,2015,club,"Punjab Cricket Association Stadium, Mohali",Chennai Super Kings,Punjab Kings,Chennai Super Kings,bat,Chennai Super Kings,23,,win,1035
829777,2015,6,Brabourne Stadium,03-05-2015,Indian Premier League,36,male,T20,T20,20,2015,club,Brabourne Stadium,Delhi Capitals,Rajasthan Royals,Delhi Capitals,field,Rajasthan Royals,14,,win,34
829779,2015,6,"MA Chidambaram Stadium, Chepauk",04-05-2015,Indian Premier League,37,male,T20,T20,20,2015,club,MA Chidambaram Stadium,Chennai Super Kings,Chennai Super Kings,Royal Challengers Bengaluru,bat,Chennai Super Kings,24,,win,47
829781,2015,6,Eden Gardens,04-05-2015,Indian Premier League,38,male,T20,T20,20,2015,club,Eden Gardens,Kolkata Knight Riders,Punjab Kings,Kolkata Knight Riders,field,Punjab Kings,35,,win,318
829783,2015,6,Wankhede Stadium,05-05-2015,Indian Premier League,39,male,T20,T20,20,2015,club,Wankhede Stadium,Delhi Capitals,Chennai Super Kings,Delhi Capitals,bat,Chennai Super Kings,,5,win,228
829785,2015,6,M Chinnaswamy Stadium,06-05-2015,Indian Premier League,40,male,T20,T20,20,2015,club,M. Chinnaswamy Stadium,Punjab Kings,Royal Challengers Bengaluru,Punjab Kings,field,Royal Challengers Bengaluru,138,,win,1
829787,2015,6,Brabourne Stadium,07-05-2015,Indian Premier League,41,male,T20,T20,20,2015,club,Brabourne Stadium,Rajasthan Royals,Rajasthan Royals,Kolkata Knight Riders,field,Kolkata Knight Riders,7,,win,400
829789,2015,6,"MA Chidambaram Stadium, Chepauk",08-05-2015,Indian Premier League,43,male,T20,T20,20,2015,club,MA Chidambaram Stadium,Chennai Super Kings,Chennai Super Kings,Chennai Super Kings,bat,Chennai Super Kings,,6,win,30
829791,2015,6,Eden Gardens,09-05-2015,Indian Premier League,44,male,T20,T20,20,2015,club,Eden Gardens,Punjab Kings,Punjab Kings,Punjab Kings,bat,Punjab Kings,,1,win,1437
829793,2015,6,Shaheed Veer Narayan Singh International Stadium,09-05-2015,Indian Premier League,45,male,T20,T20,20,2015,club,Shaheed Veer Narayan Singh International Stadium,Kolkata Knight Riders,Delhi Capitals,Kolkata Knight Riders,bat,Kolkata Knight Riders,6,,win,14
829795,2015,6,Wankhede Stadium,10-05-2015,Indian Premier League,46,male,T20,T20,20,2015,club,Wankhede Stadium,Royal Challengers Bengaluru,Chennai Super Kings,Royal Challengers Bengaluru,bat,Royal Challengers Bengaluru,39,,win,245
829797,2015,6,"MA Chidambaram Stadium, Chepauk",10-05-2015,Indian Premier League,47,male,T20,T20,20,2015,club,MA Chidambaram Stadium,Chennai Super Kings,Chennai Super Kings,Rajasthan Royals,bat,Chennai Super Kings,12,,win,348
829799,2015,6,"Rajiv Gandhi International Stadium, Uppal",11-05-2015,Indian Premier League,48,male,T20,T20,20,2015,club,Rajiv Gandhi International Stadium,Kolkata Knight Riders,Kolkata Knight Riders,Punjab Kings,bat,Kolkata Knight Riders,5,,win,12
829801,2015,6,Shaheed Veer Narayan Singh International Stadium,12-05-2015,Indian Premier League,49,male,T20,T20,20,2015,club,Shaheed Veer Narayan Singh International Stadium,Chennai Super Kings,Delhi Capitals,Chennai Super Kings,bat,Delhi Capitals,,6,win,187
829803,2015,6,"Punjab Cricket Association Stadium, Mohali",13-05-2015,Indian Premier League,50,male,T20,T20,20,2015,club,"Punjab Cricket Association Stadium, Mohali",Royal Challengers Bengaluru,Punjab Kings,Royal Challengers Bengaluru,field,Punjab Kings,22,,win,70
829805,2015,6,Wankhede Stadium,14-05-2015,Indian Premier League,51,male,T20,T20,20,2015,club,Wankhede Stadium,Punjab Kings,Chennai Super Kings,Punjab Kings,field,Chennai Super Kings,5,,win,30
829807,2015,6,"Rajiv Gandhi International Stadium, Uppal",15-05-2015,Indian Premier League,52,male,T20,T20,20,2015,club,Rajiv Gandhi International Stadium,Kolkata Knight Riders,Kolkata Knight Riders,Royal Challengers Bengaluru,bat,Royal Challengers Bengaluru,,6,win,332
829809,2015,6,"Punjab Cricket Association Stadium, Mohali",16-05-2015,Indian Premier League,53,male,T20,T20,20,2015,club,"Punjab Cricket Association Stadium, Mohali",Punjab Kings,Punjab Kings,Chennai Super Kings,bat,Chennai Super Kings,,7,win,172
829811,2015,6,Brabourne Stadium,16-05-2015,Indian Premier League,54,male,T20,T20,20,2015,club,Brabourne Stadium,Rajasthan Royals,Rajasthan Royals,Punjab Kings,bat,Rajasthan Royals,9,,win,5
829813,2015,6,M Chinnaswamy Stadium,17-05-2015,Indian Premier League,55,male,T20,T20,20,2015,club,M. Chinnaswamy Stadium,Royal Challengers Bengaluru,Royal Challengers Bengaluru,Delhi Capitals,field,Delhi Capitals,,,no result,
829815,2015,6,"Rajiv Gandhi International Stadium, Uppal",17-05-2015,Indian Premier League,56,male,T20,T20,20,2015,club,Rajiv Gandhi International Stadium,Kolkata Knight Riders,Kolkata Knight Riders,Chennai Super Kings,bat,Chennai Super Kings,,9,win,32
829817,2015,6,Wankhede Stadium,19-05-2015,Indian Premier League,,male,T20,T20,20,2015,club,Wankhede Stadium,Chennai Super Kings,Chennai Super Kings,Chennai Super Kings,bat,Chennai Super Kings,25,,win,29
829819,2015,6,Maharashtra Cricket Association Stadium,20-05-2015,Indian Premier League,,male,T20,T20,20,2015,club,Maharashtra Cricket Association Stadium,Royal Challengers Bengaluru,Royal Challengers Bengaluru,Rajasthan Royals,bat,Royal Challengers Bengaluru,71,,win,245
829821,2015,6,JSCA International Stadium Complex,22-05-2015,Indian Premier League,,male,T20,T20,20,2015,club,JSCA International Stadium Complex,Chennai Super Kings,Chennai Super Kings,Royal Challengers Bengaluru,field,Chennai Super Kings,,3,win,21
829823,2015,6,Eden Gardens,24-05-2015,Indian Premier League,,male,T20,T20,20,2015,club,Eden Gardens,Chennai Super Kings,Chennai Super Kings,Chennai Super Kings,field,Chennai Super Kings,41,,win,25
980901,2016,6,Wankhede Stadium,09-04-2016,Indian Premier League,1,male,T20,T20,20,2016,club,Wankhede Stadium,Chennai Super Kings,Chennai Super Kings,Mumbai Indians,bat,Mumbai Indians,,9,win,34
980903,2016,6,Eden Gardens,10-04-2016,Indian Premier League,2,male,T20,T20,20,2016,club,Eden Gardens,Punjab Kings,Punjab Kings,Delhi Capitals,field,Punjab Kings,,9,win,1437
980905,2016,6,"Punjab Cricket Association IS Bindra Stadium, Mohali",11-04-2016,Indian Premier League,3,male,T20,T20,20,2016,club,"Punjab Cricket Association Stadium, Mohali",Delhi Capitals,Punjab Kings,Delhi Capitals,field,Delhi Capitals,,5,win,48
980907,2016,6,M Chinnaswamy Stadium,12-04-2016,Indian Premier League,4,male,T20,T20,20,2016,club,M. Chinnaswamy Stadium,Kolkata Knight Riders,Royal Challengers Bengaluru,Kolkata Knight Riders,field,Royal Challengers Bengaluru,45,,win,245
980909,2016,6,Eden Gardens,13-04-2016,Indian Premier League,5,male,T20,T20,20,2016,club,Eden Gardens,Chennai Super Kings,Punjab Kings,Chennai Super Kings,field,Chennai Super Kings,,6,win,25
980911,2016,6,Saurashtra Cricket Association Stadium,14-04-2016,Indian Premier League,6,male,T20,T20,20,2016,club,Saurashtra Cricket Association Stadium,Mumbai Indians,Delhi Capitals,Mumbai Indians,bat,Delhi Capitals,,7,win,48
980913,2016,6,Feroz Shah Kotla,15-04-2016,Indian Premier League,7,male,T20,T20,20,2016,club,Arun Jaitley Stadium,Delhi Capitals,Delhi Capitals,Punjab Kings,field,Delhi Capitals,,8,win,185
980915,2016,6,"Rajiv Gandhi International Stadium, Uppal",16-04-2016,Indian Premier League,8,male,T20,T20,20,2016,club,Rajiv Gandhi International Stadium,Kolkata Knight Riders,Kolkata Knight Riders,Punjab Kings,bat,Punjab Kings,,8,win,56
980917,2016,6,Wankhede Stadium,16-04-2016,Indian Premier League,9,male,T20,T20,20,2016,club,Wankhede Stadium,Delhi Capitals,Chennai Super Kings,Delhi Capitals,field,Delhi Capitals,,3,win,48
980919,2016,6,"Punjab Cricket Association IS Bindra Stadium, Mohali",17-04-2016,Indian Premier League,10,male,T20,T20,20,2016,club,"Punjab Cricket Association Stadium, Mohali",Mumbai Indians,Punjab Kings,Mumbai Indians,bat,Punjab Kings,,6,win,68
980921,2016,6,M Chinnaswamy Stadium,17-04-2016,Indian Premier League,11,male,T20,T20,20,2016,club,M. Chinnaswamy Stadium,Delhi Capitals,Royal Challengers Bengaluru,Delhi Capitals,field,Delhi Capitals,,7,win,1421
980923,2016,6,"Rajiv Gandhi International Stadium, Uppal",18-04-2016,Indian Premier League,12,male,T20,T20,20,2016,club,Rajiv Gandhi International Stadium,Kolkata Knight Riders,Kolkata Knight Riders,Chennai Super Kings,field,Kolkata Knight Riders,,7,win,12
980925,2016,6,"Punjab Cricket Association IS Bindra Stadium, Mohali",19-04-2016,Indian Premier League,13,male,T20,T20,20,2016,club,"Punjab Cricket Association Stadium, Mohali",Punjab Kings,Punjab Kings,Punjab Kings,field,Punjab Kings,,6,win,58
980927,2016,6,Wankhede Stadium,20-04-2016,Indian Premier League,14,male,T20,T20,20,2016,club,Wankhede Stadium,Chennai Super Kings,Chennai Super Kings,Royal Challengers Bengaluru,field,Chennai Super Kings,,6,win,25
980929,2016,6,Saurashtra Cricket Association Stadium,21-04-2016,Indian Premier League,15,male,T20,T20,20,2016,club,Saurashtra Cricket Association Stadium,Kolkata Knight Riders,Delhi Capitals,Kolkata Knight Riders,field,Kolkata Knight Riders,,10,win,20
980931,2016,6,Maharashtra Cricket Association Stadium,22-04-2016,Indian Premier League,16,male,T20,T20,20,2016,club,Maharashtra Cricket Association Stadium,Mumbai Indians,Mumbai Indians,Royal Challengers Bengaluru,field,Royal Challengers Bengaluru,13,,win,245
980933,2016,6,Feroz Shah Kotla,23-04-2016,Indian Premier League,17,male,T20,T20,20,2016,club,Arun Jaitley Stadium,Chennai Super Kings,Delhi Capitals,Chennai Super Kings,field,Delhi Capitals,10,,win,180
980935,2016,6,"Rajiv Gandhi International Stadium, Uppal",23-04-2016,Indian Premier League,18,male,T20,T20,20,2016,club,Rajiv Gandhi International Stadium,Kolkata Knight Riders,Kolkata Knight Riders,Punjab Kings,field,Kolkata Knight Riders,,5,win,297
980937,2016,6,Saurashtra Cricket Association Stadium,24-04-2016,Indian Premier League,19,male,T20,T20,20,2016,club,Saurashtra Cricket Association Stadium,Royal Challengers Bengaluru,Delhi Capitals,Royal Challengers Bengaluru,bat,Delhi Capitals,,6,win,332
980939,2016,6,Maharashtra Cricket Association Stadium,24-04-2016,Indian Premier League,20,male,T20,T20,20,2016,club,Maharashtra Cricket Association Stadium,Punjab Kings,Mumbai Indians,Punjab Kings,field,Punjab Kings,,2,win,61
980941,2016,6,"Punjab Cricket Association IS Bindra Stadium, Mohali",25-04-2016,Indian Premier League,21,male,T20,T20,20,2016,club,"Punjab Cricket Association Stadium, Mohali",Punjab Kings,Punjab Kings,Chennai Super Kings,field,Chennai Super Kings,25,,win,23
980943,2016,6,"Rajiv Gandhi International Stadium, Uppal",26-04-2016,Indian Premier League,22,male,T20,T20,20,2016,club,Rajiv Gandhi International Stadium,Mumbai Indians,Kolkata Knight Riders,Mumbai Indians,field,Mumbai Indians,34,,win,43
980945,2016,6,Feroz Shah Kotla,27-04-2016,Indian Premier League,23,male,T20,T20,20,2016,club,Arun Jaitley Stadium,Delhi Capitals,Delhi Capitals,Delhi Capitals,field,Delhi Capitals,1,,win,182
980947,2016,6,Wankhede Stadium,28-04-2016,Indian Premier League,24,male,T20,T20,20,2016,club,Wankhede Stadium,Chennai Super Kings,Chennai Super Kings,Punjab Kings,field,Chennai Super Kings,,6,win,25
980949,2016,6,Maharashtra Cricket Association Stadium,29-04-2016,Indian Premier League,25,male,T20,T20,20,2016,club,Maharashtra Cricket Association Stadium,Delhi Capitals,Mumbai Indians,Delhi Capitals,field,Delhi Capitals,,3,win,50
980951,2016,6,Feroz Shah Kotla,30-04-2016,Indian Premier League,26,male,T20,T20,20,2016,club,Arun Jaitley Stadium,Punjab Kings,Delhi Capitals,Punjab Kings,field,Delhi Capitals,27,,win,183
980953,2016,6,"Rajiv Gandhi International Stadium, Uppal",30-04-2016,Indian Premier League,27,male,T20,T20,20,2016,club,Rajiv Gandhi International Stadium,Royal Challengers Bengaluru,Kolkata Knight Riders,Royal Challengers Bengaluru,field,Kolkata Knight Riders,15,,win,12
980955,2016,6,Saurashtra Cricket Association Stadium,01-05-2016,Indian Premier League,28,male,T20,T20,20,2016,club,Saurashtra Cricket Association Stadium,Delhi Capitals,Delhi Capitals,Punjab Kings,field,Punjab Kings,23,,win,70
980957,2016,6,Maharashtra Cricket Association Stadium,01-05-2016,Indian Premier League,29,male,T20,T20,20,2016,club,Maharashtra Cricket Association Stadium,Chennai Super Kings,Mumbai Indians,Chennai Super Kings,field,Chennai Super Kings,,8,win,25
980959,2016,6,M Chinnaswamy Stadium,02-05-2016,Indian Premier League,30,male,T20,T20,20,2016,club,M. Chinnaswamy Stadium,Punjab Kings,Royal Challengers Bengaluru,Punjab Kings,field,Punjab Kings,,5,win,1437
980961,2016,6,Saurashtra Cricket Association Stadium,03-05-2016,Indian Premier League,31,male,T20,T20,20,2016,club,Saurashtra Cricket Association Stadium,Delhi Capitals,Delhi Capitals,Delhi Capitals,field,Delhi Capitals,,8,win,181
980963,2016,6,Eden Gardens,04-05-2016,Indian Premier League,32,male,T20,T20,20,2016,club,Eden Gardens,Punjab Kings,Punjab Kings,Punjab Kings,field,Punjab Kings,7,,win,1437
980965,2016,6,Feroz Shah Kotla,05-05-2016,Indian Premier League,33,male,T20,T20,20,2016,club,Arun Jaitley Stadium,Mumbai Indians,Delhi Capitals,Mumbai Indians,field,Mumbai Indians,,7,win,34
980967,2016,6,"Rajiv Gandhi International Stadium, Uppal",06-05-2016,Indian Premier League,34,male,T20,T20,20,2016,club,Rajiv Gandhi International Stadium,Kolkata Knight Riders,Kolkata Knight Riders,Delhi Capitals,field,Kolkata Knight Riders,,5,win,20
980969,2016,6,M Chinnaswamy Stadium,07-05-2016,Indian Premier League,35,male,T20,T20,20,2016,club,M. Chinnaswamy Stadium,Royal Challengers Bengaluru,Royal Challengers Bengaluru,Mumbai Indians,field,Royal Challengers Bengaluru,,7,win,332
980971,2016,6,"Punjab Cricket Association IS Bindra Stadium, Mohali",07-05-2016,Indian Premier League,36,male,T20,T20,20,2016,club,"Punjab Cricket Association Stadium, Mohali",Delhi Capitals,Punjab Kings,Delhi Capitals,field,Punjab Kings,9,,win,73
980973,2016,6,Dr. Y.S. Rajasekhara Reddy ACA-VDCA Cricket Stadium,08-05-2016,Indian Premier League,37,male,T20,T20,20,2016,club,Dr. Y.S. Rajasekhara Reddy ACA-VDCA Cricket Stadium,Chennai Super Kings,Chennai Super Kings,Kolkata Knight Riders,field,Kolkata Knight Riders,85,,win,21
980975,2016,6,Eden Gardens,08-05-2016,Indian Premier League,38,male,T20,T20,20,2016,club,Eden Gardens,Delhi Capitals,Punjab Kings,Delhi Capitals,field,Delhi Capitals,,5,win,52
980977,2016,6,"Punjab Cricket Association IS Bindra Stadium, Mohali",09-05-2016,Indian Premier League,39,male,T20,T20,20,2016,club,"Punjab Cricket Association Stadium, Mohali",Punjab Kings,Punjab Kings,Royal Challengers Bengaluru,field,Royal Challengers Bengaluru,1,,win,5
1473446,2025,6,"Narendra Modi Stadium, Ahmedabad",29-03-2025,Indian Premier League,9,male,T20,T20,20,2025,club,"Narendra Modi Stadium, Ahmedabad",Chennai Super Kings,Gujarat Titans,Chennai Super Kings,field,Gujarat Titans,36,,win,2188
980979,2016,6,Dr. Y.S. Rajasekhara Reddy ACA-VDCA Cricket Stadium,10-05-2016,Indian Premier League,40,male,T20,T20,20,2016,club,Dr. Y.S. Rajasekhara Reddy ACA-VDCA Cricket Stadium,Kolkata Knight Riders,Mumbai Indians,Kolkata Knight Riders,bat,Kolkata Knight Riders,4,,win,42
980981,2016,6,M Chinnaswamy Stadium,11-05-2016,Indian Premier League,41,male,T20,T20,20,2016,club,M. Chinnaswamy Stadium,Chennai Super Kings,Royal Challengers Bengaluru,Chennai Super Kings,field,Chennai Super Kings,,6,win,28
980983,2016,6,"Rajiv Gandhi International Stadium, Uppal",12-05-2016,Indian Premier League,42,male,T20,T20,20,2016,club,Rajiv Gandhi International Stadium,Delhi Capitals,Kolkata Knight Riders,Delhi Capitals,field,Delhi Capitals,,7,win,182
980985,2016,6,Dr. Y.S. Rajasekhara Reddy ACA-VDCA Cricket Stadium,13-05-2016,Indian Premier League,43,male,T20,T20,20,2016,club,Dr. Y.S. Rajasekhara Reddy ACA-VDCA Cricket Stadium,Chennai Super Kings,Chennai Super Kings,Punjab Kings,bat,Punjab Kings,,7,win,73
980987,2016,6,M Chinnaswamy Stadium,14-05-2016,Indian Premier League,44,male,T20,T20,20,2016,club,M. Chinnaswamy Stadium,Delhi Capitals,Royal Challengers Bengaluru,Delhi Capitals,field,Royal Challengers Bengaluru,144,,win,245
980989,2016,6,Eden Gardens,14-05-2016,Indian Premier League,45,male,T20,T20,20,2016,club,Eden Gardens,Mumbai Indians,Punjab Kings,Mumbai Indians,bat,Punjab Kings,,8,win,60
980991,2016,6,"Punjab Cricket Association IS Bindra Stadium, Mohali",15-05-2016,Indian Premier League,46,male,T20,T20,20,2016,club,"Punjab Cricket Association Stadium, Mohali",Punjab Kings,Punjab Kings,Kolkata Knight Riders,bat,Kolkata Knight Riders,,7,win,67
980993,2016,6,Dr. Y.S. Rajasekhara Reddy ACA-VDCA Cricket Stadium,15-05-2016,Indian Premier League,47,male,T20,T20,20,2016,club,Dr. Y.S. Rajasekhara Reddy ACA-VDCA Cricket Stadium,Delhi Capitals,Chennai Super Kings,Delhi Capitals,field,Chennai Super Kings,80,,win,28
980995,2016,6,Eden Gardens,16-05-2016,Indian Premier League,48,male,T20,T20,20,2016,club,Eden Gardens,Royal Challengers Bengaluru,Punjab Kings,Royal Challengers Bengaluru,field,Royal Challengers Bengaluru,,9,win,332
980997,2016,6,Dr. Y.S. Rajasekhara Reddy ACA-VDCA Cricket Stadium,17-05-2016,Indian Premier League,49,male,T20,T20,20,2016,club,Dr. Y.S. Rajasekhara Reddy ACA-VDCA Cricket Stadium,Mumbai Indians,Mumbai Indians,Delhi Capitals,field,Mumbai Indians,19,,win,43
980999,2016,6,M Chinnaswamy Stadium,18-05-2016,Indian Premier League,50,male,T20,T20,20,2016,club,M. Chinnaswamy Stadium,Punjab Kings,Royal Challengers Bengaluru,Punjab Kings,field,Royal Challengers Bengaluru,82,,win,332
981001,2016,6,Green Park,19-05-2016,Indian Premier League,51,male,T20,T20,20,2016,club,Green Park,Delhi Capitals,Delhi Capitals,Punjab Kings,field,Delhi Capitals,,6,win,50
981003,2016,6,Shaheed Veer Narayan Singh International Stadium,20-05-2016,Indian Premier League,52,male,T20,T20,20,2016,club,Shaheed Veer Narayan Singh International Stadium,Delhi Capitals,Delhi Capitals,Kolkata Knight Riders,field,Delhi Capitals,,6,win,179
981005,2016,6,Dr. Y.S. Rajasekhara Reddy ACA-VDCA Cricket Stadium,21-05-2016,Indian Premier League,53,male,T20,T20,20,2016,club,Dr. Y.S. Rajasekhara Reddy ACA-VDCA Cricket Stadium,Punjab Kings,Mumbai Indians,Punjab Kings,bat,Mumbai Indians,,4,win,38
981007,2016,6,Green Park,21-05-2016,Indian Premier League,54,male,T20,T20,20,2016,club,Green Park,Delhi Capitals,Delhi Capitals,Chennai Super Kings,field,Delhi Capitals,,6,win,47
981009,2016,6,Eden Gardens,22-05-2016,Indian Premier League,55,male,T20,T20,20,2016,club,Eden Gardens,Kolkata Knight Riders,Punjab Kings,Kolkata Knight Riders,field,Punjab Kings,22,,win,60
981011,2016,6,Shaheed Veer Narayan Singh International Stadium,22-05-2016,Indian Premier League,56,male,T20,T20,20,2016,club,Shaheed Veer Narayan Singh International Stadium,Royal Challengers Bengaluru,Delhi Capitals,Royal Challengers Bengaluru,field,Royal Challengers Bengaluru,,6,win,332
981013,2016,6,M Chinnaswamy Stadium,24-05-2016,Indian Premier League,,male,T20,T20,20,2016,club,M. Chinnaswamy Stadium,Royal Challengers Bengaluru,Delhi Capitals,Royal Challengers Bengaluru,field,Royal Challengers Bengaluru,,4,win,245
981015,2016,6,Feroz Shah Kotla,25-05-2016,Indian Premier League,,male,T20,T20,20,2016,club,Arun Jaitley Stadium,Punjab Kings,Kolkata Knight Riders,Punjab Kings,field,Kolkata Knight Riders,22,,win,14
981017,2016,6,Feroz Shah Kotla,27-05-2016,Indian Premier League,,male,T20,T20,20,2016,club,Arun Jaitley Stadium,Kolkata Knight Riders,Delhi Capitals,Kolkata Knight Riders,field,Kolkata Knight Riders,,4,win,12
981019,2016,6,M Chinnaswamy Stadium,29-05-2016,Indian Premier League,,male,T20,T20,20,2016,club,M. Chinnaswamy Stadium,Kolkata Knight Riders,Royal Challengers Bengaluru,Kolkata Knight Riders,bat,Kolkata Knight Riders,8,,win,17
1473447,2025,6,"Dr. Y.S. Rajasekhara Reddy ACA-VDCA Cricket Stadium, Visakhapatnam",30-03-2025,Indian Premier League,10,male,T20,T20,20,2025,club,Dr. Y.S. Rajasekhara Reddy ACA-VDCA Cricket Stadium,Kolkata Knight Riders,Kolkata Knight Riders,Delhi Capitals,bat,Delhi Capitals,,7,win,10109
1473448,2025,6,"Barsapara Cricket Stadium, Guwahati",30-03-2025,Indian Premier League,11,male,T20,T20,20,2025,club,"Barsapara Cricket Stadium, Guwahati",Chennai Super Kings,Rajasthan Royals,Chennai Super Kings,field,Rajasthan Royals,6,,win,26
1473449,2025,6,"Wankhede Stadium, Mumbai",31-03-2025,Indian Premier League,12,male,T20,T20,20,2025,club,Wankhede Stadium,Chennai Super Kings,Punjab Kings,Chennai Super Kings,field,Chennai Super Kings,,8,win,41785
1473450,2025,6,"Bharat Ratna Shri Atal Bihari Vajpayee Ekana Cricket Stadium, Lucknow",01-04-2025,Indian Premier League,13,male,T20,T20,20,2025,club,"Bharat Ratna Shri Atal Bihari Vajpayee Ekana Cricket Stadium, Lucknow",Punjab Kings,Lucknow Super Giants,Punjab Kings,field,Punjab Kings,,8,win,3747
1473451,2025,6,"M Chinnaswamy Stadium, Bengaluru",02-04-2025,Indian Premier League,14,male,T20,T20,20,2025,club,M. Chinnaswamy Stadium,Gujarat Titans,Royal Challengers Bengaluru,Gujarat Titans,field,Gujarat Titans,,8,win,538
1473452,2025,6,"Eden Gardens, Kolkata",03-04-2025,Indian Premier League,15,male,T20,T20,20,2025,club,Eden Gardens,Kolkata Knight Riders,Punjab Kings,Kolkata Knight Riders,field,Punjab Kings,80,,win,6885
1473453,2025,6,"Bharat Ratna Shri Atal Bihari Vajpayee Ekana Cricket Stadium, Lucknow",04-04-2025,Indian Premier League,16,male,T20,T20,20,2025,club,"Bharat Ratna Shri Atal Bihari Vajpayee Ekana Cricket Stadium, Lucknow",Chennai Super Kings,Lucknow Super Giants,Chennai Super Kings,field,Lucknow Super Giants,12,,win,11833
1473454,2025,6,"MA Chidambaram Stadium, Chepauk, Chennai",05-04-2025,Indian Premier League,17,male,T20,T20,20,2025,club,MA Chidambaram Stadium,Delhi Capitals,Delhi Capitals,Chennai Super Kings,bat,Delhi Capitals,25,,win,1409
1473455,2025,6,"Maharaja Yadavindra Singh International Cricket Stadium, Mullanpur",05-04-2025,Indian Premier League,18,male,T20,T20,20,2025,club,"Maharaja Yadavindra Singh International Cricket Stadium, Mullanpur",Punjab Kings,Rajasthan Royals,Punjab Kings,field,Rajasthan Royals,50,,win,1833
1473456,2025,6,"Eden Gardens, Kolkata",08-04-2025,Indian Premier League,21,male,T20,T20,20,2025,club,Eden Gardens,Punjab Kings,Lucknow Super Giants,Punjab Kings,field,Lucknow Super Giants,4,,win,2766
1473457,2025,6,"Rajiv Gandhi International Stadium, Uppal, Hyderabad",06-04-2025,Indian Premier League,19,male,T20,T20,20,2025,club,Rajiv Gandhi International Stadium,Gujarat Titans,Kolkata Knight Riders,Gujarat Titans,field,Gujarat Titans,,7,win,538
1473458,2025,6,"Wankhede Stadium, Mumbai",07-04-2025,Indian Premier League,20,male,T20,T20,20,2025,club,Wankhede Stadium,Chennai Super Kings,Royal Challengers Bengaluru,Chennai Super Kings,field,Royal Challengers Bengaluru,12,,win,5349
1473459,2025,6,"Maharaja Yadavindra Singh International Cricket Stadium, Mullanpur",08-04-2025,Indian Premier League,22,male,T20,T20,20,2025,club,"Maharaja Yadavindra Singh International Cricket Stadium, Mullanpur",Punjab Kings,Punjab Kings,Chennai Super Kings,bat,Punjab Kings,18,,win,11847
1473460,2025,6,"Narendra Modi Stadium, Ahmedabad",09-04-2025,Indian Premier League,23,male,T20,T20,20,2025,club,"Narendra Modi Stadium, Ahmedabad",Rajasthan Royals,Gujarat Titans,Rajasthan Royals,field,Gujarat Titans,58,,win,6999
1473461,2025,6,"M Chinnaswamy Stadium, Bengaluru",10-04-2025,Indian Premier League,24,male,T20,T20,20,2025,club,M. Chinnaswamy Stadium,Delhi Capitals,Royal Challengers Bengaluru,Delhi Capitals,field,Delhi Capitals,,6,win,1409
1473462,2025,6,"MA Chidambaram Stadium, Chepauk, Chennai",11-04-2025,Indian Premier League,25,male,T20,T20,20,2025,club,MA Chidambaram Stadium,Punjab Kings,Chennai Super Kings,Punjab Kings,field,Punjab Kings,,8,win,65
1473463,2025,6,"Bharat Ratna Shri Atal Bihari Vajpayee Ekana Cricket Stadium, Lucknow",12-04-2025,Indian Premier League,26,male,T20,T20,20,2025,club,"Bharat Ratna Shri Atal Bihari Vajpayee Ekana Cricket Stadium, Lucknow",Lucknow Super Giants,Gujarat Titans,Lucknow Super Giants,field,Lucknow Super Giants,,6,win,6054
1473464,2025,6,"Rajiv Gandhi International Stadium, Uppal, Hyderabad",12-04-2025,Indian Premier League,27,male,T20,T20,20,2025,club,Rajiv Gandhi International Stadium,Punjab Kings,Punjab Kings,Kolkata Knight Riders,bat,Kolkata Knight Riders,,8,win,2349
1473465,2025,6,"Sawai Mansingh Stadium, Jaipur",13-04-2025,Indian Premier League,28,male,T20,T20,20,2025,club,Sawai Mansingh Stadium,Royal Challengers Bengaluru,Rajasthan Royals,Royal Challengers Bengaluru,field,Royal Challengers Bengaluru,,9,win,8945
1473466,2025,6,"Arun Jaitley Stadium, Delhi",13-04-2025,Indian Premier League,29,male,T20,T20,20,2025,club,Arun Jaitley Stadium,Delhi Capitals,Chennai Super Kings,Delhi Capitals,field,Chennai Super Kings,12,,win,676
1473467,2025,6,"Bharat Ratna Shri Atal Bihari Vajpayee Ekana Cricket Stadium, Lucknow",14-04-2025,Indian Premier League,30,male,T20,T20,20,2025,club,"Bharat Ratna Shri Atal Bihari Vajpayee Ekana Cricket Stadium, Lucknow",Chennai Super Kings,Lucknow Super Giants,Chennai Super Kings,field,Chennai Super Kings,,5,win,38
1473468,2025,6,"Maharaja Yadavindra Singh International Cricket Stadium, Mullanpur",15-04-2025,Indian Premier League,31,male,T20,T20,20,2025,club,"Maharaja Yadavindra Singh International Cricket Stadium, Mullanpur",Punjab Kings,Punjab Kings,Punjab Kings,bat,Punjab Kings,16,,win,10
1473469,2025,6,"Arun Jaitley Stadium, Delhi",16-04-2025,Indian Premier League,32,male,T20,T20,20,2025,club,Arun Jaitley Stadium,Rajasthan Royals,Delhi Capitals,Rajasthan Royals,field,Rajasthan Royals,,,tie,10109
1473470,2025,6,"Wankhede Stadium, Mumbai",17-04-2025,Indian Premier League,33,male,T20,T20,20,2025,club,Wankhede Stadium,Chennai Super Kings,Kolkata Knight Riders,Chennai Super Kings,field,Chennai Super Kings,,4,win,10630
1473471,2025,6,"M Chinnaswamy Stadium, Bengaluru",18-04-2025,Indian Premier League,34,male,T20,T20,20,2025,club,M. Chinnaswamy Stadium,Punjab Kings,Royal Challengers Bengaluru,Punjab Kings,field,Punjab Kings,,5,win,6550
1473472,2025,6,"Narendra Modi Stadium, Ahmedabad",19-04-2025,Indian Premier League,35,male,T20,T20,20,2025,club,"Narendra Modi Stadium, Ahmedabad",Gujarat Titans,Delhi Capitals,Gujarat Titans,field,Gujarat Titans,,7,win,24
1473473,2025,6,"Sawai Mansingh Stadium, Jaipur",19-04-2025,Indian Premier League,36,male,T20,T20,20,2025,club,Sawai Mansingh Stadium,Lucknow Super Giants,Lucknow Super Giants,Rajasthan Royals,bat,Lucknow Super Giants,2,,win,1286
1473474,2025,6,"Maharaja Yadavindra Singh International Cricket Stadium, Mullanpur",20-04-2025,Indian Premier League,37,male,T20,T20,20,2025,club,"Maharaja Yadavindra Singh International Cricket Stadium, Mullanpur",Royal Challengers Bengaluru,Punjab Kings,Royal Challengers Bengaluru,field,Royal Challengers Bengaluru,,7,win,332
1473475,2025,6,"Wankhede Stadium, Mumbai",20-04-2025,Indian Premier League,38,male,T20,T20,20,2025,club,Wankhede Stadium,Chennai Super Kings,Chennai Super Kings,Chennai Super Kings,field,Chennai Super Kings,,9,win,25
1473476,2025,6,"Eden Gardens, Kolkata",21-04-2025,Indian Premier League,39,male,T20,T20,20,2025,club,Eden Gardens,Punjab Kings,Gujarat Titans,Punjab Kings,field,Gujarat Titans,39,,win,1580
1473477,2025,6,"Bharat Ratna Shri Atal Bihari Vajpayee Ekana Cricket Stadium, Lucknow",22-04-2025,Indian Premier League,40,male,T20,T20,20,2025,club,"Bharat Ratna Shri Atal Bihari Vajpayee Ekana Cricket Stadium, Lucknow",Delhi Capitals,Lucknow Super Giants,Delhi Capitals,field,Delhi Capitals,,8,win,8355
1473478,2025,6,"Rajiv Gandhi International Stadium, Uppal, Hyderabad",23-04-2025,Indian Premier League,41,male,T20,T20,20,2025,club,Rajiv Gandhi International Stadium,Chennai Super Kings,Kolkata Knight Riders,Chennai Super Kings,field,Chennai Super Kings,,7,win,66
1473479,2025,6,"M Chinnaswamy Stadium, Bengaluru",24-04-2025,Indian Premier League,42,male,T20,T20,20,2025,club,M. Chinnaswamy Stadium,Rajasthan Royals,Royal Challengers Bengaluru,Rajasthan Royals,field,Royal Challengers Bengaluru,11,,win,4664
1473480,2025,6,"MA Chidambaram Stadium, Chepauk, Chennai",25-04-2025,Indian Premier League,43,male,T20,T20,20,2025,club,MA Chidambaram Stadium,Kolkata Knight Riders,Chennai Super Kings,Kolkata Knight Riders,field,Kolkata Knight Riders,,5,win,1285
1473481,2025,6,"Eden Gardens, Kolkata",26-04-2025,Indian Premier League,44,male,T20,T20,20,2025,club,Eden Gardens,Punjab Kings,Punjab Kings,Punjab Kings,bat,Punjab Kings,,,no result,
1473482,2025,6,"Wankhede Stadium, Mumbai",27-04-2025,Indian Premier League,45,male,T20,T20,20,2025,club,Wankhede Stadium,Lucknow Super Giants,Chennai Super Kings,Lucknow Super Giants,field,Chennai Super Kings,54,,win,10630
1473483,2025,6,"Arun Jaitley Stadium, Delhi",27-04-2025,Indian Premier League,46,male,T20,T20,20,2025,club,Arun Jaitley Stadium,Royal Challengers Bengaluru,Delhi Capitals,Royal Challengers Bengaluru,field,Royal Challengers Bengaluru,,6,win,28
1473484,2025,6,"Sawai Mansingh Stadium, Jaipur",28-04-2025,Indian Premier League,47,male,T20,T20,20,2025,club,Sawai Mansingh Stadium,Rajasthan Royals,Gujarat Titans,Rajasthan Royals,field,Rajasthan Royals,,8,win,42566
1473485,2025,6,"Arun Jaitley Stadium, Delhi",29-04-2025,Indian Premier League,48,male,T20,T20,20,2025,club,Arun Jaitley Stadium,Delhi Capitals,Punjab Kings,Delhi Capitals,field,Punjab Kings,14,,win,65
1473486,2025,6,"MA Chidambaram Stadium, Chepauk, Chennai",30-04-2025,Indian Premier League,49,male,T20,T20,20,2025,club,MA Chidambaram Stadium,Punjab Kings,Chennai Super Kings,Punjab Kings,field,Punjab Kings,,4,win,389
1473487,2025,6,"Sawai Mansingh Stadium, Jaipur",01-05-2025,Indian Premier League,50,male,T20,T20,20,2025,club,Sawai Mansingh Stadium,Rajasthan Royals,Chennai Super Kings,Rajasthan Royals,field,Chennai Super Kings,100,,win,11801
1473488,2025,6,"Narendra Modi Stadium, Ahmedabad",02-05-2025,Indian Premier League,51,male,T20,T20,20,2025,club,"Narendra Modi Stadium, Ahmedabad",Kolkata Knight Riders,Gujarat Titans,Kolkata Knight Riders,field,Gujarat Titans,38,,win,2188
1473489,2025,6,"M Chinnaswamy Stadium, Bengaluru",03-05-2025,Indian Premier League,52,male,T20,T20,20,2025,club,M. Chinnaswamy Stadium,Chennai Super Kings,Royal Challengers Bengaluru,Chennai Super Kings,field,Royal Challengers Bengaluru,2,,win,6761
1473490,2025,6,"Eden Gardens, Kolkata",04-05-2025,Indian Premier League,53,male,T20,T20,20,2025,club,Eden Gardens,Punjab Kings,Punjab Kings,Rajasthan Royals,bat,Punjab Kings,1,,win,1437
1473491,2025,6,"Himachal Pradesh Cricket Association Stadium, Dharamsala",04-05-2025,Indian Premier League,54,male,T20,T20,20,2025,club,Himachal Pradesh Cricket Association Stadium,Lucknow Super Giants,Punjab Kings,Lucknow Super Giants,field,Punjab Kings,37,,win,3747
1473492,2025,6,"Rajiv Gandhi International Stadium, Uppal, Hyderabad",05-05-2025,Indian Premier League,55,male,T20,T20,20,2025,club,Rajiv Gandhi International Stadium,Kolkata Knight Riders,Delhi Capitals,Kolkata Knight Riders,field,Kolkata Knight Riders,,,no result,
1473493,2025,6,"Wankhede Stadium, Mumbai",06-05-2025,Indian Premier League,56,male,T20,T20,20,2025,club,Wankhede Stadium,Gujarat Titans,Chennai Super Kings,Gujarat Titans,field,Gujarat Titans,,3,win,1580
1473494,2025,6,"Eden Gardens, Kolkata",07-05-2025,Indian Premier League,57,male,T20,T20,20,2025,club,Eden Gardens,Punjab Kings,Punjab Kings,Chennai Super Kings,bat,Chennai Super Kings,,2,win,8809
1473495,2025,6,"Himachal Pradesh Cricket Association Stadium, Dharamsala",08-05-2025,Indian Premier League,58,male,T20,T20,20,2025,club,Himachal Pradesh Cricket Association Stadium,Punjab Kings,Punjab Kings,Delhi Capitals,bat,Delhi Capitals,,,no result,
1473497,2025,6,"Sawai Mansingh Stadium, Jaipur",18-05-2025,Indian Premier League,59,male,T20,T20,20,2025,club,Sawai Mansingh Stadium,Punjab Kings,Punjab Kings,Rajasthan Royals,bat,Punjab Kings,10,,win,3495
1473498,2025,6,"Arun Jaitley Stadium, Delhi",18-05-2025,Indian Premier League,60,male,T20,T20,20,2025,club,Arun Jaitley Stadium,Gujarat Titans,Delhi Capitals,Gujarat Titans,field,Gujarat Titans,,10,win,6999
1473499,2025,6,"Bharat Ratna Shri Atal Bihari Vajpayee Ekana Cricket Stadium, Lucknow",19-05-2025,Indian Premier League,61,male,T20,T20,20,2025,club,"Bharat Ratna Shri Atal Bihari Vajpayee Ekana Cricket Stadium, Lucknow",Kolkata Knight Riders,Lucknow Super Giants,Kolkata Knight Riders,field,Kolkata Knight Riders,,6,win,2349
1473500,2025,6,"Arun Jaitley Stadium, Delhi",20-05-2025,Indian Premier League,62,male,T20,T20,20,2025,club,Arun Jaitley Stadium,Rajasthan Royals,Chennai Super Kings,Rajasthan Royals,field,Rajasthan Royals,,6,win,9371
1473501,2025,6,"Wankhede Stadium, Mumbai",21-05-2025,Indian Premier League,63,male,T20,T20,20,2025,club,Wankhede Stadium,Delhi Capitals,Chennai Super Kings,Delhi Capitals,field,Chennai Super Kings,59,,win,61
1473502,2025,6,"Narendra Modi Stadium, Ahmedabad",22-05-2025,Indian Premier League,64,male,T20,T20,20,2025,club,"Narendra Modi Stadium, Ahmedabad",Gujarat Titans,Lucknow Super Giants,Gujarat Titans,field,Lucknow Super Giants,33,,win,4960
1473503,2025,6,"Bharat Ratna Shri Atal Bihari Vajpayee Ekana Cricket Stadium, Lucknow",23-05-2025,Indian Premier League,65,male,T20,T20,20,2025,club,"Bharat Ratna Shri Atal Bihari Vajpayee Ekana Cricket Stadium, Lucknow",Royal Challengers Bengaluru,Kolkata Knight Riders,Royal Challengers Bengaluru,field,Kolkata Knight Riders,42,,win,347
1473504,2025,6,"Narendra Modi Stadium, Ahmedabad",25-05-2025,Indian Premier League,67,male,T20,T20,20,2025,club,"Narendra Modi Stadium, Ahmedabad",Chennai Super Kings,Chennai Super Kings,Gujarat Titans,bat,Chennai Super Kings,83,,win,6944
1473505,2025,6,"Arun Jaitley Stadium, Delhi",25-05-2025,Indian Premier League,68,male,T20,T20,20,2025,club,Arun Jaitley Stadium,Kolkata Knight Riders,Kolkata Knight Riders,Punjab Kings,bat,Kolkata Knight Riders,110,,win,1740
1473506,2025,6,"Sawai Mansingh Stadium, Jaipur",26-05-2025,Indian Premier League,69,male,T20,T20,20,2025,club,Sawai Mansingh Stadium,Punjab Kings,Chennai Super Kings,Punjab Kings,field,Punjab Kings,,7,win,42220
1473507,2025,6,"Bharat Ratna Shri Atal Bihari Vajpayee Ekana Cricket Stadium, Lucknow",27-05-2025,Indian Premier League,70,male,T20,T20,20,2025,club,"Bharat Ratna Shri Atal Bihari Vajpayee Ekana Cricket Stadium, Lucknow",Royal Challengers Bengaluru,Lucknow Super Giants,Royal Challengers Bengaluru,field,Royal Challengers Bengaluru,,6,win,6880
1473508,2025,6,"Maharaja Yadavindra Singh International Cricket Stadium, Mullanpur",29-05-2025,Indian Premier League,,male,T20,T20,20,2025,club,"Maharaja Yadavindra Singh International Cricket Stadium, Mullanpur",Royal Challengers Bengaluru,Punjab Kings,Royal Challengers Bengaluru,field,Royal Challengers Bengaluru,,8,win,8475
1473509,2025,6,"Maharaja Yadavindra Singh International Cricket Stadium, New Chandigarh",30-05-2025,Indian Premier League,,male,T20,T20,20,2025,club,"Maharaja Yadavindra Singh International Cricket Stadium, New Chandigarh",Chennai Super Kings,Chennai Super Kings,Gujarat Titans,bat,Chennai Super Kings,20,,win,25
1473510,2025,6,"Narendra Modi Stadium, Ahmedabad",01-06-2025,Indian Premier League,,male,T20,T20,20,2025,club,"Narendra Modi Stadium, Ahmedabad",Punjab Kings,Chennai Super Kings,Punjab Kings,field,Punjab Kings,,5,win,389
1473511,2025,6,"Narendra Modi Stadium, Ahmedabad",03-06-2025,Indian Premier League,,male,T20,T20,20,2025,club,"Narendra Modi Stadium, Ahmedabad",Punjab Kings,Royal Challengers Bengaluru,Punjab Kings,field,Royal Challengers Bengaluru,6,,win,28
1485779,2025,6,"Sawai Mansingh Stadium, Jaipur",24-05-2025,Indian Premier League,66,male,T20,T20,20,2025,club,Sawai Mansingh Stadium,Delhi Capitals,Punjab Kings,Delhi Capitals,field,Delhi Capitals,,6,win,10070
1527674,2026,6,"M Chinnaswamy Stadium, Bengaluru",28-03-2026,Indian Premier League,1,male,T20,T20,20,2026,club,M. Chinnaswamy Stadium,Royal Challengers Bengaluru,Kolkata Knight Riders,Royal Challengers Bengaluru,field,Royal Challengers Bengaluru,,6,win,43967
1527675,2026,6,"Wankhede Stadium, Mumbai",29-03-2026,Indian Premier League,2,male,T20,T20,20,2026,club,Wankhede Stadium,Chennai Super Kings,Punjab Kings,Chennai Super Kings,field,Chennai Super Kings,,6,win,360
1527676,2026,6,"Barsapara Cricket Stadium, Guwahati",30-03-2026,Indian Premier League,3,male,T20,T20,20,2026,club,"Barsapara Cricket Stadium, Guwahati",Rajasthan Royals,Chennai Super Kings,Rajasthan Royals,field,Rajasthan Royals,,8,win,10135
1527677,2026,6,"Maharaja Yadavindra Singh International Cricket Stadium, New Chandigarh",31-03-2026,Indian Premier League,4,male,T20,T20,20,2026,club,"Maharaja Yadavindra Singh International Cricket Stadium, New Chandigarh",Punjab Kings,Gujarat Titans,Punjab Kings,field,Punjab Kings,,3,win,44041
1527678,2026,6,"Bharat Ratna Shri Atal Bihari Vajpayee Ekana Cricket Stadium, Lucknow",01-04-2026,Indian Premier League,5,male,T20,T20,20,2026,club,"Bharat Ratna Shri Atal Bihari Vajpayee Ekana Cricket Stadium, Lucknow",Delhi Capitals,Lucknow Super Giants,Delhi Capitals,field,Delhi Capitals,,6,win,10070
1527679,2026,6,"Eden Gardens, Kolkata",02-04-2026,Indian Premier League,6,male,T20,T20,20,2026,club,Eden Gardens,Punjab Kings,Kolkata Knight Riders,Punjab Kings,field,Kolkata Knight Riders,65,,win,9824
1527680,2026,6,"MA Chidambaram Stadium, Chepauk, Chennai",03-04-2026,Indian Premier League,7,male,T20,T20,20,2026,club,MA Chidambaram Stadium,Punjab Kings,Chennai Super Kings,Punjab Kings,field,Punjab Kings,,5,win,11847
1527681,2026,6,"Arun Jaitley Stadium, Delhi",04-04-2026,Indian Premier League,8,male,T20,T20,20,2026,club,Arun Jaitley Stadium,Delhi Capitals,Chennai Super Kings,Delhi Capitals,field,Delhi Capitals,,6,win,10070
1527682,2026,6,"Narendra Modi Stadium, Ahmedabad",04-04-2026,Indian Premier League,9,male,T20,T20,20,2026,club,"Narendra Modi Stadium, Ahmedabad",Rajasthan Royals,Rajasthan Royals,Gujarat Titans,bat,Rajasthan Royals,6,,win,4059
1527683,2026,6,"Rajiv Gandhi International Stadium, Uppal, Hyderabad",05-04-2026,Indian Premier League,10,male,T20,T20,20,2026,club,Rajiv Gandhi International Stadium,Lucknow Super Giants,Kolkata Knight Riders,Lucknow Super Giants,field,Lucknow Super Giants,,5,win,460
1527684,2026,6,"M Chinnaswamy Stadium, Bengaluru",05-04-2026,Indian Premier League,11,male,T20,T20,20,2026,club,M. Chinnaswamy Stadium,Chennai Super Kings,Royal Challengers Bengaluru,Chennai Super Kings,field,Royal Challengers Bengaluru,43,,win,6550
1527685,2026,6,"Eden Gardens, Kolkata",06-04-2026,Indian Premier League,12,male,T20,T20,20,2026,club,Eden Gardens,Punjab Kings,Punjab Kings,Punjab Kings,bat,Punjab Kings,,,no result,
1527686,2026,6,"Barsapara Cricket Stadium, Guwahati",07-04-2026,Indian Premier League,13,male,T20,T20,20,2026,club,"Barsapara Cricket Stadium, Guwahati",Chennai Super Kings,Rajasthan Royals,Chennai Super Kings,field,Rajasthan Royals,27,,win,4104
1527687,2026,6,"Arun Jaitley Stadium, Delhi",08-04-2026,Indian Premier League,14,male,T20,T20,20,2026,club,Arun Jaitley Stadium,Delhi Capitals,Gujarat Titans,Delhi Capitals,field,Gujarat Titans,1,,win,22
1527688,2026,6,"Eden Gardens, Kolkata",09-04-2026,Indian Premier League,15,male,T20,T20,20,2026,club,Eden Gardens,Lucknow Super Giants,Punjab Kings,Lucknow Super Giants,field,Lucknow Super Giants,,3,win,44056
1527689,2026,6,"Barsapara Cricket Stadium, Guwahati",10-04-2026,Indian Premier League,16,male,T20,T20,20,2026,club,"Barsapara Cricket Stadium, Guwahati",Rajasthan Royals,Royal Challengers Bengaluru,Rajasthan Royals,field,Rajasthan Royals,,6,win,42566
1527690,2026,6,"Maharaja Yadavindra Singh International Cricket Stadium, New Chandigarh",11-04-2026,Indian Premier League,17,male,T20,T20,20,2026,club,"Maharaja Yadavindra Singh International Cricket Stadium, New Chandigarh",Punjab Kings,Kolkata Knight Riders,Punjab Kings,field,Punjab Kings,,6,win,389
1527691,2026,6,"MA Chidambaram Stadium, Chepauk, Chennai",11-04-2026,Indian Premier League,18,male,T20,T20,20,2026,club,MA Chidambaram Stadium,Delhi Capitals,Chennai Super Kings,Delhi Capitals,field,Chennai Super Kings,23,,win,180
1527692,2026,6,"Bharat Ratna Shri Atal Bihari Vajpayee Ekana Cricket Stadium, Lucknow",12-04-2026,Indian Premier League,19,male,T20,T20,20,2026,club,"Bharat Ratna Shri Atal Bihari Vajpayee Ekana Cricket Stadium, Lucknow",Gujarat Titans,Lucknow Super Giants,Gujarat Titans,field,Gujarat Titans,,7,win,2188
1527693,2026,6,"Wankhede Stadium, Mumbai",12-04-2026,Indian Premier League,20,male,T20,T20,20,2026,club,Wankhede Stadium,Chennai Super Kings,Royal Challengers Bengaluru,Chennai Super Kings,field,Royal Challengers Bengaluru,18,,win,8945
1529264,2026,6,"Rajiv Gandhi International Stadium, Uppal, Hyderabad",13-04-2026,Indian Premier League,21,male,T20,T20,20,2026,club,Rajiv Gandhi International Stadium,Rajasthan Royals,Kolkata Knight Riders,Rajasthan Royals,field,Kolkata Knight Riders,57,,win,44775
1529265,2026,6,"MA Chidambaram Stadium, Chepauk, Chennai",14-04-2026,Indian Premier League,22,male,T20,T20,20,2026,club,MA Chidambaram Stadium,Punjab Kings,Chennai Super Kings,Punjab Kings,field,Chennai Super Kings,32,,win,8809
1529266,2026,6,"M Chinnaswamy Stadium, Bengaluru",15-04-2026,Indian Premier League,23,male,T20,T20,20,2026,club,M. Chinnaswamy Stadium,Royal Challengers Bengaluru,Lucknow Super Giants,Royal Challengers Bengaluru,field,Royal Challengers Bengaluru,,5,win,4664
1529267,2026,6,"Wankhede Stadium, Mumbai",16-04-2026,Indian Premier League,24,male,T20,T20,20,2026,club,Wankhede Stadium,Punjab Kings,Chennai Super Kings,Punjab Kings,field,Punjab Kings,,7,win,3388
1529268,2026,6,"Narendra Modi Stadium, Ahmedabad",17-04-2026,Indian Premier League,25,male,T20,T20,20,2026,club,"Narendra Modi Stadium, Ahmedabad",Punjab Kings,Punjab Kings,Gujarat Titans,bat,Gujarat Titans,,5,win,1580
1529269,2026,6,"M Chinnaswamy Stadium, Bengaluru",18-04-2026,Indian Premier League,26,male,T20,T20,20,2026,club,M. Chinnaswamy Stadium,Delhi Capitals,Royal Challengers Bengaluru,Delhi Capitals,field,Delhi Capitals,,6,win,7947
1529270,2026,6,"Rajiv Gandhi International Stadium, Uppal, Hyderabad",18-04-2026,Indian Premier League,27,male,T20,T20,20,2026,club,Rajiv Gandhi International Stadium,Chennai Super Kings,Kolkata Knight Riders,Chennai Super Kings,field,Kolkata Knight Riders,10,,win,42133
1529271,2026,6,"Eden Gardens, Kolkata",19-04-2026,Indian Premier League,28,male,T20,T20,20,2026,club,Eden Gardens,Rajasthan Royals,Rajasthan Royals,Punjab Kings,bat,Punjab Kings,,4,win,2825
1529272,2026,6,"Maharaja Yadavindra Singh International Cricket Stadium, New Chandigarh",19-04-2026,Indian Premier League,29,male,T20,T20,20,2026,club,"Maharaja Yadavindra Singh International Cricket Stadium, New Chandigarh",Lucknow Super Giants,Punjab Kings,Lucknow Super Giants,field,Punjab Kings,54,,win,11847
1529273,2026,6,"Narendra Modi Stadium, Ahmedabad",20-04-2026,Indian Premier League,30,male,T20,T20,20,2026,club,"Narendra Modi Stadium, Ahmedabad",Gujarat Titans,Chennai Super Kings,Gujarat Titans,field,Chennai Super Kings,99,,win,6681
1529274,2026,6,"Rajiv Gandhi International Stadium, Uppal, Hyderabad",21-04-2026,Indian Premier League,31,male,T20,T20,20,2026,club,Rajiv Gandhi International Stadium,Delhi Capitals,Kolkata Knight Riders,Delhi Capitals,field,Kolkata Knight Riders,47,,win,2349
1529275,2026,6,"Bharat Ratna Shri Atal Bihari Vajpayee Ekana Cricket Stadium, Lucknow",22-04-2026,Indian Premier League,32,male,T20,T20,20,2026,club,"Bharat Ratna Shri Atal Bihari Vajpayee Ekana Cricket Stadium, Lucknow",Lucknow Super Giants,Rajasthan Royals,Lucknow Super Giants,field,Rajasthan Royals,40,,win,348
1529276,2026,6,"Wankhede Stadium, Mumbai",23-04-2026,Indian Premier League,33,male,T20,T20,20,2026,club,Wankhede Stadium,Chennai Super Kings,Chennai Super Kings,Chennai Super Kings,field,Chennai Super Kings,103,,win,180
1529277,2026,6,"M Chinnaswamy Stadium, Bengaluru",24-04-2026,Indian Premier League,34,male,T20,T20,20,2026,club,M. Chinnaswamy Stadium,Royal Challengers Bengaluru,Gujarat Titans,Royal Challengers Bengaluru,field,Royal Challengers Bengaluru,,5,win,332
1529278,2026,6,"Arun Jaitley Stadium, Delhi",25-04-2026,Indian Premier League,35,male,T20,T20,20,2026,club,Arun Jaitley Stadium,Delhi Capitals,Delhi Capitals,Punjab Kings,bat,Punjab Kings,,6,win,1409
1529279,2026,6,"Sawai Mansingh Stadium, Jaipur",25-04-2026,Indian Premier League,36,male,T20,T20,20,2026,club,Sawai Mansingh Stadium,Kolkata Knight Riders,Rajasthan Royals,Kolkata Knight Riders,field,Kolkata Knight Riders,,5,win,347
1529280,2026,6,"MA Chidambaram Stadium, Chepauk, Chennai",26-04-2026,Indian Premier League,37,male,T20,T20,20,2026,club,MA Chidambaram Stadium,Gujarat Titans,Chennai Super Kings,Gujarat Titans,field,Gujarat Titans,,8,win,590
1529281,2026,6,"Bharat Ratna Shri Atal Bihari Vajpayee Ekana Cricket Stadium, Lucknow",26-04-2026,Indian Premier League,38,male,T20,T20,20,2026,club,"Bharat Ratna Shri Atal Bihari Vajpayee Ekana Cricket Stadium, Lucknow",Lucknow Super Giants,Punjab Kings,Lucknow Super Giants,field,Lucknow Super Giants,,,tie,1436
1529282,2026,6,"Arun Jaitley Stadium, Delhi",27-04-2026,Indian Premier League,39,male,T20,T20,20,2026,club,Arun Jaitley Stadium,Royal Challengers Bengaluru,Delhi Capitals,Royal Challengers Bengaluru,field,Royal Challengers Bengaluru,,9,win,4664
1529283,2026,6,"Maharaja Yadavindra Singh International Cricket Stadium, New Chandigarh",28-04-2026,Indian Premier League,40,male,T20,T20,20,2026,club,"Maharaja Yadavindra Singh International Cricket Stadium, New Chandigarh",Rajasthan Royals,Punjab Kings,Rajasthan Royals,field,Rajasthan Royals,,6,win,11389
1529284,2026,6,"Wankhede Stadium, Mumbai",29-04-2026,Indian Premier League,41,male,T20,T20,20,2026,club,Wankhede Stadium,Chennai Super Kings,Chennai Super Kings,Kolkata Knight Riders,bat,Kolkata Knight Riders,,6,win,1740
1529285,2026,6,"Narendra Modi Stadium, Ahmedabad",30-04-2026,Indian Premier League,42,male,T20,T20,20,2026,club,"Narendra Modi Stadium, Ahmedabad",Gujarat Titans,Royal Challengers Bengaluru,Gujarat Titans,field,Gujarat Titans,,4,win,4098
1529286,2026,6,"Sawai Mansingh Stadium, Jaipur",01-05-2026,Indian Premier League,43,male,T20,T20,20,2026,club,Sawai Mansingh Stadium,Rajasthan Royals,Rajasthan Royals,Delhi Capitals,bat,Delhi Capitals,,7,win,1409
