match_id,season_id,balls_per_over,city,match_date,event_name,match_number,gender,match_type,format,overs,season,team_type,venue,toss_winner,team1,team2,toss_decision,match_winner,win_by_runs,win_by_wickets,result,player_of_match
335982,2008,6,M Chinnaswamy Stadium,2008-04-18,Indian Premier League,1.0,male,T20,T20,20,2008,club,M Chinnaswamy Stadium,Royal Challengers Bengaluru,Royal Challengers Bengaluru,Punjab Kings,field,Punjab Kings,140.0,,win,46.0
1082591,2017,6,"Rajiv Gandhi International Stadium, Uppal",2017-04-05,Indian Premier League,1.0,male,T20,T20,20,2017,club,"Rajiv Gandhi International Stadium, Uppal",Royal Challengers Bengaluru,Kolkata Knight Riders,Royal Challengers Bengaluru,field,Kolkata Knight Riders,35.0,,win,15.0
1082592,2017,6,Maharashtra Cricket Association Stadium,2017-04-06,Indian Premier League,2.0,male,T20,T20,20,2017,club,Maharashtra Cricket Association Stadium,Mumbai Indians,Mumbai Indians,Chennai Super Kings,field,Mumbai Indians,,7.0,win,36.0
1082593,2017,6,Saurashtra Cricket Association Stadium,2017-04-07,Indian Premier League,3.0,male,T20,T20,20,2017,club,Saurashtra Cricket Association Stadium,Punjab Kings,Delhi Capitals,Punjab Kings,field,Punjab Kings,,10.0,win,57.0
1082594,2017,6,Holkar Cricket Stadium,2017-04-08,Indian Premier League,4.0,male,T20,T20,20,2017,club,Holkar Cricket Stadium,Punjab Kings,Punjab Kings,Mumbai Indians,field,Punjab Kings,,6.0,win,71.0
1082595,2017,6,M.Chinnaswamy Stadium,2017-04-08,Indian Premier League,5.0,male,T20,T20,20,2017,club,M.Chinnaswamy Stadium,Royal Challengers Bengaluru,Royal Challengers Bengaluru,Delhi Capitals,bat,Royal Challengers Bengaluru,15.0,,win,4.0
1082596,2017,6,"Rajiv Gandhi International Stadium, Uppal",2017-04-09,Indian Premier League,6.0,male,T20,T20,20,2017,club,"Rajiv Gandhi International Stadium, Uppal",Kolkata Knight Riders,Kolkata Knight Riders,Delhi Capitals,field,Kolkata Knight Riders,,9.0,win,22.0
1082597,2017,6,Wankhede Stadium,2017-04-09,Indian Premier League,7.0,male,T20,T20,20,2017,club,Wankhede Stadium,Chennai Super Kings,Chennai Super Kings,Punjab Kings,field,Chennai Super Kings,,4.0,win,26.0
1082598,2017,6,Holkar Cricket Stadium,2017-04-10,Indian Premier League,8.0,male,T20,T20,20,2017,club,Holkar Cricket Stadium,Royal Challengers Bengaluru,Punjab Kings,Royal Challengers Bengaluru,bat,Punjab Kings,,8.0,win,70.0
1082599,2017,6,Maharashtra Cricket Association Stadium,2017-04-11,Indian Premier League,9.0,male,T20,T20,20,2017,club,Maharashtra Cricket Association Stadium,Mumbai Indians,Mumbai Indians,Delhi Capitals,field,Delhi Capitals,97.0,,win,180.0
1082600,2017,6,Wankhede Stadium,2017-04-12,Indian Premier League,10.0,male,T20,T20,20,2017,club,Wankhede Stadium,Chennai Super Kings,Chennai Super Kings,Kolkata Knight Riders,field,Chennai Super Kings,,4.0,win,33.0
1082601,2017,6,Eden Gardens,2017-04-13,Indian Premier League,11.0,male,T20,T20,20,2017,club,Eden Gardens,Punjab Kings,Punjab Kings,Punjab Kings,field,Punjab Kings,,8.0,win,65.0
1082602,2017,6,M Chinnaswamy Stadium,2017-04-14,Indian Premier League,12.0,male,T20,T20,20,2017,club,M Chinnaswamy Stadium,Chennai Super Kings,Royal Challengers Bengaluru,Chennai Super Kings,field,Chennai Super Kings,,4.0,win,29.0
1082603,2017,6,Saurashtra Cricket Association Stadium,2017-04-14,Indian Premier League,13.0,male,T20,T20,20,2017,club,Saurashtra Cricket Association Stadium,Delhi Capitals,Delhi Capitals,Mumbai Indians,field,Delhi Capitals,,7.0,win,351.0
1082604,2017,6,Eden Gardens,2017-04-15,Indian Premier League,14.0,male,T20,T20,20,2017,club,Eden Gardens,Kolkata Knight Riders,Punjab Kings,Kolkata Knight Riders,field,Punjab Kings,17.0,,win,58.0
1082605,2017,6,Feroz Shah Kotla,2017-04-15,Indian Premier League,15.0,male,T20,T20,20,2017,club,Feroz Shah Kotla,Delhi Capitals,Delhi Capitals,Punjab Kings,bat,Delhi Capitals,51.0,,win,258.0
1082606,2017,6,Wankhede Stadium,2017-04-16,Indian Premier League,16.0,male,T20,T20,20,2017,club,Wankhede Stadium,Chennai Super Kings,Chennai Super Kings,Delhi Capitals,field,Chennai Super Kings,,6.0,win,26.0
1082607,2017,6,M Chinnaswamy Stadium,2017-04-16,Indian Premier League,17.0,male,T20,T20,20,2017,club,M Chinnaswamy Stadium,Royal Challengers Bengaluru,Royal Challengers Bengaluru,Mumbai Indians,field,Mumbai Indians,27.0,,win,37.0
1082608,2017,6,Feroz Shah Kotla,2017-04-17,Indian Premier League,18.0,male,T20,T20,20,2017,club,Feroz Shah Kotla,Delhi Capitals,Delhi Capitals,Punjab Kings,bat,Punjab Kings,,4.0,win,471.0
1082609,2017,6,"Rajiv Gandhi International Stadium, Uppal",2017-04-17,Indian Premier League,19.0,male,T20,T20,20,2017,club,"Rajiv Gandhi International Stadium, Uppal",Punjab Kings,Kolkata Knight Riders,Punjab Kings,field,Kolkata Knight Riders,5.0,,win,20.0
1082610,2017,6,Saurashtra Cricket Association Stadium,2017-04-18,Indian Premier League,20.0,male,T20,T20,20,2017,club,Saurashtra Cricket Association Stadium,Delhi Capitals,Delhi Capitals,Royal Challengers Bengaluru,field,Royal Challengers Bengaluru,21.0,,win,1.0
1082611,2017,6,"Rajiv Gandhi International Stadium, Uppal",2017-04-19,Indian Premier League,21.0,male,T20,T20,20,2017,club,"Rajiv Gandhi International Stadium, Uppal",Kolkata Knight Riders,Kolkata Knight Riders,Delhi Capitals,bat,Kolkata Knight Riders,15.0,,win,531.0
1082612,2017,6,Holkar Cricket Stadium,2017-04-20,Indian Premier League,22.0,male,T20,T20,20,2017,club,Holkar Cricket Stadium,Chennai Super Kings,Punjab Kings,Chennai Super Kings,field,Chennai Super Kings,,8.0,win,24.0
1082613,2017,6,Eden Gardens,2017-04-21,Indian Premier League,23.0,male,T20,T20,20,2017,club,Eden Gardens,Delhi Capitals,Punjab Kings,Delhi Capitals,field,Delhi Capitals,,4.0,win,47.0
1082614,2017,6,Wankhede Stadium,2017-04-22,Indian Premier League,25.0,male,T20,T20,20,2017,club,Wankhede Stadium,Delhi Capitals,Chennai Super Kings,Delhi Capitals,field,Chennai Super Kings,14.0,,win,32.0
1082615,2017,6,Maharashtra Cricket Association Stadium,2017-04-22,Indian Premier League,24.0,male,T20,T20,20,2017,club,Maharashtra Cricket Association Stadium,Mumbai Indians,Mumbai Indians,Kolkata Knight Riders,field,Mumbai Indians,,6.0,win,38.0
1082616,2017,6,Saurashtra Cricket Association Stadium,2017-04-23,Indian Premier League,26.0,male,T20,T20,20,2017,club,Saurashtra Cricket Association Stadium,Delhi Capitals,Delhi Capitals,Punjab Kings,field,Punjab Kings,26.0,,win,67.0
1082617,2017,6,Eden Gardens,2017-04-23,Indian Premier League,27.0,male,T20,T20,20,2017,club,Eden Gardens,Royal Challengers Bengaluru,Punjab Kings,Royal Challengers Bengaluru,field,Punjab Kings,82.0,,win,471.0
1082618,2017,6,Wankhede Stadium,2017-04-24,Indian Premier League,28.0,male,T20,T20,20,2017,club,Wankhede Stadium,Chennai Super Kings,Chennai Super Kings,Mumbai Indians,field,Mumbai Indians,3.0,,win,37.0
1082620,2017,6,Maharashtra Cricket Association Stadium,2017-04-26,Indian Premier League,30.0,male,T20,T20,20,2017,club,Maharashtra Cricket Association Stadium,Punjab Kings,Mumbai Indians,Punjab Kings,field,Punjab Kings,,7.0,win,58.0
1082621,2017,6,M Chinnaswamy Stadium,2017-04-27,Indian Premier League,31.0,male,T20,T20,20,2017,club,M Chinnaswamy Stadium,Delhi Capitals,Royal Challengers Bengaluru,Delhi Capitals,field,Delhi Capitals,,7.0,win,351.0
1082622,2017,6,Eden Gardens,2017-04-28,Indian Premier League,32.0,male,T20,T20,20,2017,club,Eden Gardens,Punjab Kings,Punjab Kings,Delhi Capitals,field,Punjab Kings,,7.0,win,56.0
1082623,2017,6,"Punjab Cricket Association IS Bindra Stadium, Mohali",2017-04-28,Indian Premier League,33.0,male,T20,T20,20,2017,club,"Punjab Cricket Association IS Bindra Stadium, Mohali",Punjab Kings,Punjab Kings,Kolkata Knight Riders,field,Kolkata Knight Riders,26.0,,win,22.0
1082624,2017,6,Maharashtra Cricket Association Stadium,2017-04-29,Indian Premier League,34.0,male,T20,T20,20,2017,club,Maharashtra Cricket Association Stadium,Royal Challengers Bengaluru,Mumbai Indians,Royal Challengers Bengaluru,field,Mumbai Indians,61.0,,win,361.0
1082625,2017,6,Saurashtra Cricket Association Stadium,2017-04-29,Indian Premier League,35.0,male,T20,T20,20,2017,club,Saurashtra Cricket Association Stadium,Delhi Capitals,Delhi Capitals,Chennai Super Kings,bat,Chennai Super Kings,,,tie,28.0
1082626,2017,6,"Punjab Cricket Association IS Bindra Stadium, Mohali",2017-04-30,Indian Premier League,36.0,male,T20,T20,20,2017,club,"Punjab Cricket Association IS Bindra Stadium, Mohali",Punjab Kings,Punjab Kings,Delhi Capitals,field,Punjab Kings,,10.0,win,76.0
1082627,2017,6,"Rajiv Gandhi International Stadium, Uppal",2017-04-30,Indian Premier League,37.0,male,T20,T20,20,2017,club,"Rajiv Gandhi International Stadium, Uppal",Punjab Kings,Kolkata Knight Riders,Punjab Kings,field,Kolkata Knight Riders,48.0,,win,12.0
1082628,2017,6,Wankhede Stadium,2017-05-01,Indian Premier League,38.0,male,T20,T20,20,2017,club,Wankhede Stadium,Royal Challengers Bengaluru,Chennai Super Kings,Royal Challengers Bengaluru,bat,Chennai Super Kings,,5.0,win,25.0
1082629,2017,6,Maharashtra Cricket Association Stadium,2017-05-01,Indian Premier League,39.0,male,T20,T20,20,2017,club,Maharashtra Cricket Association Stadium,Mumbai Indians,Mumbai Indians,Delhi Capitals,field,Mumbai Indians,,5.0,win,37.0
1082630,2017,6,Feroz Shah Kotla,2017-05-02,Indian Premier League,40.0,male,T20,T20,20,2017,club,Feroz Shah Kotla,Delhi Capitals,Delhi Capitals,Kolkata Knight Riders,field,Delhi Capitals,,6.0,win,460.0
1082631,2017,6,Eden Gardens,2017-05-03,Indian Premier League,41.0,male,T20,T20,20,2017,club,Eden Gardens,Mumbai Indians,Punjab Kings,Mumbai Indians,field,Mumbai Indians,,4.0,win,268.0
1082632,2017,6,Feroz Shah Kotla,2017-05-04,Indian Premier League,42.0,male,T20,T20,20,2017,club,Feroz Shah Kotla,Delhi Capitals,Delhi Capitals,Delhi Capitals,field,Delhi Capitals,,7.0,win,181.0
1082633,2017,6,M Chinnaswamy Stadium,2017-05-05,Indian Premier League,43.0,male,T20,T20,20,2017,club,M Chinnaswamy Stadium,Royal Challengers Bengaluru,Royal Challengers Bengaluru,Punjab Kings,field,Punjab Kings,19.0,,win,76.0
1082634,2017,6,"Rajiv Gandhi International Stadium, Uppal",2017-05-06,Indian Premier League,44.0,male,T20,T20,20,2017,club,"Rajiv Gandhi International Stadium, Uppal",Kolkata Knight Riders,Kolkata Knight Riders,Mumbai Indians,field,Mumbai Indians,12.0,,win,438.0
1082635,2017,6,Feroz Shah Kotla,2017-05-06,Indian Premier League,45.0,male,T20,T20,20,2017,club,Feroz Shah Kotla,Delhi Capitals,Delhi Capitals,Chennai Super Kings,field,Chennai Super Kings,146.0,,win,1035.0
1082636,2017,6,M Chinnaswamy Stadium,2017-05-07,Indian Premier League,46.0,male,T20,T20,20,2017,club,M Chinnaswamy Stadium,Punjab Kings,Royal Challengers Bengaluru,Punjab Kings,field,Punjab Kings,,6.0,win,65.0
1082637,2017,6,"Punjab Cricket Association IS Bindra Stadium, Mohali",2017-05-07,Indian Premier League,47.0,male,T20,T20,20,2017,club,"Punjab Cricket Association IS Bindra Stadium, Mohali",Delhi Capitals,Punjab Kings,Delhi Capitals,field,Delhi Capitals,,6.0,win,50.0
1082638,2017,6,"Rajiv Gandhi International Stadium, Uppal",2017-05-08,Indian Premier League,48.0,male,T20,T20,20,2017,club,"Rajiv Gandhi International Stadium, Uppal",Chennai Super Kings,Kolkata Knight Riders,Chennai Super Kings,bat,Kolkata Knight Riders,,7.0,win,13.0
1082639,2017,6,"Punjab Cricket Association IS Bindra Stadium, Mohali",2017-05-09,Indian Premier League,49.0,male,T20,T20,20,2017,club,"Punjab Cricket Association IS Bindra Stadium, Mohali",Punjab Kings,Punjab Kings,Punjab Kings,field,Punjab Kings,14.0,,win,75.0
1082640,2017,6,Green Park,2017-05-10,Indian Premier League,50.0,male,T20,T20,20,2017,club,Green Park,Delhi Capitals,Delhi Capitals,Delhi Capitals,field,Delhi Capitals,,2.0,win,389.0
1082641,2017,6,Wankhede Stadium,2017-05-11,Indian Premier League,51.0,male,T20,T20,20,2017,club,Wankhede Stadium,Chennai Super Kings,Chennai Super Kings,Punjab Kings,field,Punjab Kings,7.0,,win,69.0
1082642,2017,6,Feroz Shah Kotla,2017-05-12,Indian Premier League,52.0,male,T20,T20,20,2017,club,Feroz Shah Kotla,Delhi Capitals,Delhi Capitals,Mumbai Indians,bat,Delhi Capitals,7.0,,win,179.0
1082643,2017,6,Green Park,2017-05-13,Indian Premier League,53.0,male,T20,T20,20,2017,club,Green Park,Kolkata Knight Riders,Delhi Capitals,Kolkata Knight Riders,field,Kolkata Knight Riders,,8.0,win,538.0
1082644,2017,6,Eden Gardens,2017-05-13,Indian Premier League,54.0,male,T20,T20,20,2017,club,Eden Gardens,Punjab Kings,Punjab Kings,Chennai Super Kings,field,Chennai Super Kings,9.0,,win,27.0
1082645,2017,6,Maharashtra Cricket Association Stadium,2017-05-14,Indian Premier League,55.0,male,T20,T20,20,2017,club,Maharashtra Cricket Association Stadium,Mumbai Indians,Mumbai Indians,Punjab Kings,field,Mumbai Indians,,9.0,win,438.0
1082646,2017,6,Feroz Shah Kotla,2017-05-14,Indian Premier League,56.0,male,T20,T20,20,2017,club,Feroz Shah Kotla,Royal Challengers Bengaluru,Delhi Capitals,Royal Challengers Bengaluru,bat,Royal Challengers Bengaluru,10.0,,win,1285.0
1082647,2017,6,Wankhede Stadium,2017-05-16,Indian Premier League,,male,T20,T20,20,2017,club,Wankhede Stadium,Chennai Super Kings,Chennai Super Kings,Mumbai Indians,field,Mumbai Indians,20.0,,win,613.0
1082648,2017,6,M Chinnaswamy Stadium,2017-05-17,Indian Premier League,,male,T20,T20,20,2017,club,M Chinnaswamy Stadium,Punjab Kings,Kolkata Knight Riders,Punjab Kings,field,Punjab Kings,,7.0,win,471.0
1082649,2017,6,M Chinnaswamy Stadium,2017-05-19,Indian Premier League,,male,T20,T20,20,2017,club,M Chinnaswamy Stadium,Chennai Super Kings,Chennai Super Kings,Punjab Kings,field,Chennai Super Kings,,6.0,win,676.0
1082650,2017,6,"Rajiv Gandhi International Stadium, Uppal",2017-05-21,Indian Premier League,,male,T20,T20,20,2017,club,"Rajiv Gandhi International Stadium, Uppal",Chennai Super Kings,Chennai Super Kings,Mumbai Indians,bat,Chennai Super Kings,1.0,,win,28.0
1136561,2018,6,Wankhede Stadium,2018-04-07,Indian Premier League,1.0,male,T20,T20,20,2018,club,Wankhede Stadium,Chennai Super Kings,Chennai Super Kings,Chennai Super Kings,field,Chennai Super Kings,,1.0,win,1393.0
1136562,2018,6,Punjab Cricket Association IS Bindra Stadium,2018-04-08,Indian Premier League,2.0,male,T20,T20,20,2018,club,Punjab Cricket Association IS Bindra Stadium,Punjab Kings,Delhi Capitals,Punjab Kings,field,Punjab Kings,,6.0,win,1409.0
1136563,2018,6,Eden Gardens,2018-04-08,Indian Premier League,3.0,male,T20,T20,20,2018,club,Eden Gardens,Punjab Kings,Royal Challengers Bengaluru,Punjab Kings,field,Punjab Kings,,4.0,win,65.0
1136564,2018,6,Rajiv Gandhi International Stadium,2018-04-09,Indian Premier League,4.0,male,T20,T20,20,2018,club,Rajiv Gandhi International Stadium,Kolkata Knight Riders,Rajasthan Royals,Kolkata Knight Riders,field,Kolkata Knight Riders,,9.0,win,13.0
1136565,2018,6,MA Chidambaram Stadium,2018-04-10,Indian Premier League,5.0,male,T20,T20,20,2018,club,MA Chidambaram Stadium,Chennai Super Kings,Punjab Kings,Chennai Super Kings,field,Chennai Super Kings,,5.0,win,178.0
1136566,2018,6,Sawai Mansingh Stadium,2018-04-11,Indian Premier League,6.0,male,T20,T20,20,2018,club,Sawai Mansingh Stadium,Delhi Capitals,Rajasthan Royals,Delhi Capitals,field,Rajasthan Royals,10.0,,win,180.0
1136567,2018,6,Rajiv Gandhi International Stadium,2018-04-12,Indian Premier League,7.0,male,T20,T20,20,2018,club,Rajiv Gandhi International Stadium,Kolkata Knight Riders,Chennai Super Kings,Kolkata Knight Riders,field,Kolkata Knight Riders,,1.0,win,22.0
1136568,2018,6,M.Chinnaswamy Stadium,2018-04-13,Indian Premier League,8.0,male,T20,T20,20,2018,club,M.Chinnaswamy Stadium,Royal Challengers Bengaluru,Punjab Kings,Royal Challengers Bengaluru,field,Royal Challengers Bengaluru,,4.0,win,318.0
1136569,2018,6,Wankhede Stadium,2018-04-14,Indian Premier League,9.0,male,T20,T20,20,2018,club,Wankhede Stadium,Delhi Capitals,Chennai Super Kings,Delhi Capitals,field,Delhi Capitals,,7.0,win,45.0
1136570,2018,6,Eden Gardens,2018-04-14,Indian Premier League,10.0,male,T20,T20,20,2018,club,Eden Gardens,Kolkata Knight Riders,Punjab Kings,Kolkata Knight Riders,field,Kolkata Knight Riders,,5.0,win,176.0
1136571,2018,6,M.Chinnaswamy Stadium,2018-04-15,Indian Premier League,11.0,male,T20,T20,20,2018,club,M.Chinnaswamy Stadium,Royal Challengers Bengaluru,Rajasthan Royals,Royal Challengers Bengaluru,field,Rajasthan Royals,19.0,,win,180.0
1136572,2018,6,Punjab Cricket Association IS Bindra Stadium,2018-04-15,Indian Premier League,12.0,male,T20,T20,20,2018,club,Punjab Cricket Association IS Bindra Stadium,Chennai Super Kings,Punjab Kings,Chennai Super Kings,field,Punjab Kings,4.0,,win,1.0
1136573,2018,6,Eden Gardens,2018-04-16,Indian Premier League,13.0,male,T20,T20,20,2018,club,Eden Gardens,Delhi Capitals,Punjab Kings,Delhi Capitals,field,Punjab Kings,71.0,,win,26.0
1136574,2018,6,Wankhede Stadium,2018-04-17,Indian Premier League,14.0,male,T20,T20,20,2018,club,Wankhede Stadium,Royal Challengers Bengaluru,Chennai Super Kings,Royal Challengers Bengaluru,field,Chennai Super Kings,46.0,,win,25.0
1136575,2018,6,Sawai Mansingh Stadium,2018-04-18,Indian Premier League,15.0,male,T20,T20,20,2018,club,Sawai Mansingh Stadium,Punjab Kings,Rajasthan Royals,Punjab Kings,field,Punjab Kings,,7.0,win,26.0
1136576,2018,6,Punjab Cricket Association IS Bindra Stadium,2018-04-19,Indian Premier League,16.0,male,T20,T20,20,2018,club,Punjab Cricket Association IS Bindra Stadium,Punjab Kings,Punjab Kings,Kolkata Knight Riders,bat,Punjab Kings,15.0,,win,1.0
1136577,2018,6,Maharashtra Cricket Association Stadium,2018-04-20,Indian Premier League,17.0,male,T20,T20,20,2018,club,Maharashtra Cricket Association Stadium,Rajasthan Royals,Chennai Super Kings,Rajasthan Royals,field,Chennai Super Kings,64.0,,win,5.0
1136578,2018,6,Eden Gardens,2018-04-21,Indian Premier League,18.0,male,T20,T20,20,2018,club,Eden Gardens,Punjab Kings,Punjab Kings,Punjab Kings,field,Punjab Kings,,9.0,win,1409.0
1136579,2018,6,M.Chinnaswamy Stadium,2018-04-21,Indian Premier League,19.0,male,T20,T20,20,2018,club,M.Chinnaswamy Stadium,Royal Challengers Bengaluru,Delhi Capitals,Royal Challengers Bengaluru,field,Royal Challengers Bengaluru,,6.0,win,245.0
1136580,2018,6,Rajiv Gandhi International Stadium,2018-04-22,Indian Premier League,20.0,male,T20,T20,20,2018,club,Rajiv Gandhi International Stadium,Kolkata Knight Riders,Chennai Super Kings,Kolkata Knight Riders,field,Chennai Super Kings,4.0,,win,27.0
1136581,2018,6,Sawai Mansingh Stadium,2018-04-22,Indian Premier League,21.0,male,T20,T20,20,2018,club,Sawai Mansingh Stadium,Chennai Super Kings,Chennai Super Kings,Rajasthan Royals,bat,Rajasthan Royals,,3.0,win,1833.0
1136582,2018,6,Arun Jaitley Stadium,2018-04-23,Indian Premier League,22.0,male,T20,T20,20,2018,club,Arun Jaitley Stadium,Delhi Capitals,Punjab Kings,Delhi Capitals,field,Punjab Kings,4.0,,win,219.0
1136583,2018,6,Wankhede Stadium,2018-04-24,Indian Premier League,23.0,male,T20,T20,20,2018,club,Wankhede Stadium,Chennai Super Kings,Kolkata Knight Riders,Chennai Super Kings,field,Kolkata Knight Riders,31.0,,win,22.0
1136584,2018,6,M.Chinnaswamy Stadium,2018-04-25,Indian Premier League,24.0,male,T20,T20,20,2018,club,M.Chinnaswamy Stadium,Chennai Super Kings,Royal Challengers Bengaluru,Chennai Super Kings,field,Chennai Super Kings,,5.0,win,38.0
1136585,2018,6,Rajiv Gandhi International Stadium,2018-04-26,Indian Premier League,25.0,male,T20,T20,20,2018,club,Rajiv Gandhi International Stadium,Punjab Kings,Kolkata Knight Riders,Punjab Kings,field,Kolkata Knight Riders,13.0,,win,219.0
1136586,2018,6,Arun Jaitley Stadium,2018-04-27,Indian Premier League,26.0,male,T20,T20,20,2018,club,Arun Jaitley Stadium,Punjab Kings,Delhi Capitals,Punjab Kings,field,Delhi Capitals,55.0,,win,389.0
1136587,2018,6,Maharashtra Cricket Association Stadium,2018-04-28,Indian Premier League,27.0,male,T20,T20,20,2018,club,Maharashtra Cricket Association Stadium,Chennai Super Kings,Chennai Super Kings,Chennai Super Kings,field,Chennai Super Kings,,8.0,win,25.0
1136588,2018,6,Sawai Mansingh Stadium,2018-04-29,Indian Premier League,28.0,male,T20,T20,20,2018,club,Sawai Mansingh Stadium,Kolkata Knight Riders,Kolkata Knight Riders,Rajasthan Royals,bat,Kolkata Knight Riders,11.0,,win,531.0
1136589,2018,6,M.Chinnaswamy Stadium,2018-04-29,Indian Premier League,29.0,male,T20,T20,20,2018,club,M.Chinnaswamy Stadium,Punjab Kings,Royal Challengers Bengaluru,Punjab Kings,field,Punjab Kings,,6.0,win,57.0
1136590,2018,6,Maharashtra Cricket Association Stadium,2018-04-30,Indian Premier League,30.0,male,T20,T20,20,2018,club,Maharashtra Cricket Association Stadium,Delhi Capitals,Chennai Super Kings,Delhi Capitals,field,Chennai Super Kings,13.0,,win,5.0
1136591,2018,6,M.Chinnaswamy Stadium,2018-05-01,Indian Premier League,31.0,male,T20,T20,20,2018,club,M.Chinnaswamy Stadium,Chennai Super Kings,Royal Challengers Bengaluru,Chennai Super Kings,field,Royal Challengers Bengaluru,14.0,,win,31.0
1136592,2018,6,Arun Jaitley Stadium,2018-05-02,Indian Premier League,32.0,male,T20,T20,20,2018,club,Arun Jaitley Stadium,Rajasthan Royals,Delhi Capitals,Rajasthan Royals,field,Delhi Capitals,4.0,,win,181.0
1136593,2018,6,Eden Gardens,2018-05-03,Indian Premier League,33.0,male,T20,T20,20,2018,club,Eden Gardens,Punjab Kings,Chennai Super Kings,Punjab Kings,field,Punjab Kings,,6.0,win,65.0
1136594,2018,6,Holkar Cricket Stadium,2018-05-04,Indian Premier League,34.0,male,T20,T20,20,2018,club,Holkar Cricket Stadium,Chennai Super Kings,Punjab Kings,Chennai Super Kings,field,Chennai Super Kings,,6.0,win,61.0
1136595,2018,6,Maharashtra Cricket Association Stadium,2018-05-05,Indian Premier League,35.0,male,T20,T20,20,2018,club,Maharashtra Cricket Association Stadium,Chennai Super Kings,Royal Challengers Bengaluru,Chennai Super Kings,field,Chennai Super Kings,,6.0,win,348.0
1136596,2018,6,Rajiv Gandhi International Stadium,2018-05-05,Indian Premier League,36.0,male,T20,T20,20,2018,club,Rajiv Gandhi International Stadium,Delhi Capitals,Delhi Capitals,Kolkata Knight Riders,bat,Kolkata Knight Riders,,7.0,win,22.0
1136597,2018,6,Wankhede Stadium,2018-05-06,Indian Premier League,37.0,male,T20,T20,20,2018,club,Wankhede Stadium,Punjab Kings,Chennai Super Kings,Punjab Kings,field,Chennai Super Kings,13.0,,win,30.0
1136598,2018,6,Holkar Cricket Stadium,2018-05-06,Indian Premier League,38.0,male,T20,T20,20,2018,club,Holkar Cricket Stadium,Punjab Kings,Rajasthan Royals,Punjab Kings,field,Punjab Kings,,6.0,win,1419.0
1136599,2018,6,Rajiv Gandhi International Stadium,2018-05-07,Indian Premier League,39.0,male,T20,T20,20,2018,club,Rajiv Gandhi International Stadium,Royal Challengers Bengaluru,Kolkata Knight Riders,Royal Challengers Bengaluru,field,Kolkata Knight Riders,5.0,,win,531.0
1136600,2018,6,Sawai Mansingh Stadium,2018-05-08,Indian Premier League,40.0,male,T20,T20,20,2018,club,Sawai Mansingh Stadium,Rajasthan Royals,Rajasthan Royals,Punjab Kings,bat,Rajasthan Royals,15.0,,win,24.0
1136601,2018,6,Eden Gardens,2018-05-09,Indian Premier League,41.0,male,T20,T20,20,2018,club,Eden Gardens,Punjab Kings,Chennai Super Kings,Punjab Kings,field,Chennai Super Kings,102.0,,win,347.0
1136602,2018,6,Arun Jaitley Stadium,2018-05-10,Indian Premier League,42.0,male,T20,T20,20,2018,club,Arun Jaitley Stadium,Delhi Capitals,Delhi Capitals,Kolkata Knight Riders,bat,Kolkata Knight Riders,,9.0,win,13.0
1136603,2018,6,Sawai Mansingh Stadium,2018-05-11,Indian Premier League,43.0,male,T20,T20,20,2018,club,Sawai Mansingh Stadium,Chennai Super Kings,Chennai Super Kings,Rajasthan Royals,bat,Rajasthan Royals,,4.0,win,24.0
1136604,2018,6,Holkar Cricket Stadium,2018-05-12,Indian Premier League,44.0,male,T20,T20,20,2018,club,Holkar Cricket Stadium,Punjab Kings,Punjab Kings,Punjab Kings,field,Punjab Kings,31.0,,win,65.0
1136605,2018,6,Arun Jaitley Stadium,2018-05-12,Indian Premier League,45.0,male,T20,T20,20,2018,club,Arun Jaitley Stadium,Royal Challengers Bengaluru,Delhi Capitals,Royal Challengers Bengaluru,field,Royal Challengers Bengaluru,,5.0,win,245.0
1136606,2018,6,Maharashtra Cricket Association Stadium,2018-05-13,Indian Premier League,46.0,male,T20,T20,20,2018,club,Maharashtra Cricket Association Stadium,Chennai Super Kings,Kolkata Knight Riders,Chennai Super Kings,field,Chennai Super Kings,,8.0,win,27.0
1136607,2018,6,Wankhede Stadium,2018-05-13,Indian Premier League,47.0,male,T20,T20,20,2018,club,Wankhede Stadium,Rajasthan Royals,Chennai Super Kings,Rajasthan Royals,field,Rajasthan Royals,,7.0,win,24.0
1136608,2018,6,Holkar Cricket Stadium,2018-05-14,Indian Premier League,48.0,male,T20,T20,20,2018,club,Holkar Cricket Stadium,Royal Challengers Bengaluru,Punjab Kings,Royal Challengers Bengaluru,field,Royal Challengers Bengaluru,,10.0,win,318.0
1136609,2018,6,Eden Gardens,2018-05-15,Indian Premier League,49.0,male,T20,T20,20,2018,club,Eden Gardens,Punjab Kings,Rajasthan Royals,Punjab Kings,field,Punjab Kings,,6.0,win,64.0
1136610,2018,6,Wankhede Stadium,2018-05-16,Indian Premier League,50.0,male,T20,T20,20,2018,club,Wankhede Stadium,Punjab Kings,Chennai Super Kings,Punjab Kings,field,Chennai Super Kings,3.0,,win,33.0
1136611,2018,6,M.Chinnaswamy Stadium,2018-05-17,Indian Premier League,51.0,male,T20,T20,20,2018,club,M.Chinnaswamy Stadium,Kolkata Knight Riders,Royal Challengers Bengaluru,Kolkata Knight Riders,field,Royal Challengers Bengaluru,14.0,,win,245.0
1136612,2018,6,Arun Jaitley Stadium,2018-05-18,Indian Premier League,52.0,male,T20,T20,20,2018,club,Arun Jaitley Stadium,Chennai Super Kings,Delhi Capitals,Chennai Super Kings,field,Delhi Capitals,34.0,,win,1285.0
1136613,2018,6,Sawai Mansingh Stadium,2018-05-19,Indian Premier League,53.0,male,T20,T20,20,2018,club,Sawai Mansingh Stadium,Rajasthan Royals,Rajasthan Royals,Royal Challengers Bengaluru,bat,Rajasthan Royals,30.0,,win,1449.0
1136614,2018,6,Rajiv Gandhi International Stadium,2018-05-19,Indian Premier League,54.0,male,T20,T20,20,2018,club,Rajiv Gandhi International Stadium,Kolkata Knight Riders,Kolkata Knight Riders,Punjab Kings,bat,Punjab Kings,,5.0,win,57.0
1136615,2018,6,Arun Jaitley Stadium,2018-05-20,Indian Premier League,55.0,male,T20,T20,20,2018,club,Arun Jaitley Stadium,Delhi Capitals,Delhi Capitals,Chennai Super Kings,bat,Delhi Capitals,11.0,,win,185.0
1136616,2018,6,Maharashtra Cricket Association Stadium,2018-05-20,Indian Premier League,56.0,male,T20,T20,20,2018,club,Maharashtra Cricket Association Stadium,Chennai Super Kings,Punjab Kings,Chennai Super Kings,field,Chennai Super Kings,,5.0,win,2024.0
1136617,2018,6,Wankhede Stadium,2018-05-22,Indian Premier League,,male,T20,T20,20,2018,club,Wankhede Stadium,Chennai Super Kings,Kolkata Knight Riders,Chennai Super Kings,field,Chennai Super Kings,,2.0,win,267.0
1136618,2018,6,Eden Gardens,2018-05-23,Indian Premier League,,male,T20,T20,20,2018,club,Eden Gardens,Rajasthan Royals,Punjab Kings,Rajasthan Royals,field,Punjab Kings,25.0,,win,1437.0
1136619,2018,6,Eden Gardens,2018-05-25,Indian Premier League,,male,T20,T20,20,2018,club,Eden Gardens,Punjab Kings,Kolkata Knight Riders,Punjab Kings,field,Kolkata Knight Riders,14.0,,win,22.0
1136620,2018,6,Wankhede Stadium,2018-05-27,Indian Premier League,,male,T20,T20,20,2018,club,Wankhede Stadium,Chennai Super Kings,Kolkata Knight Riders,Chennai Super Kings,field,Chennai Super Kings,,8.0,win,5.0
1175356,2019,6,MA Chidambaram Stadium,2019-03-23,Indian Premier League,1.0,male,T20,T20,20,2019,club,MA Chidambaram Stadium,Chennai Super Kings,Royal Challengers Bengaluru,Chennai Super Kings,field,Chennai Super Kings,,7.0,win,228.0
1175357,2019,6,Eden Gardens,2019-03-24,Indian Premier League,2.0,male,T20,T20,20,2019,club,Eden Gardens,Punjab Kings,Kolkata Knight Riders,Punjab Kings,field,Punjab Kings,,6.0,win,1437.0
1175358,2019,6,Wankhede Stadium,2019-03-24,Indian Premier League,3.0,male,T20,T20,20,2019,club,Wankhede Stadium,Chennai Super Kings,Delhi Capitals,Chennai Super Kings,field,Delhi Capitals,37.0,,win,181.0
1175359,2019,6,Sawai Mansingh Stadium,2019-03-25,Indian Premier League,4.0,male,T20,T20,20,2019,club,Sawai Mansingh Stadium,Rajasthan Royals,Punjab Kings,Rajasthan Royals,field,Punjab Kings,14.0,,win,1.0
1175360,2019,6,Arun Jaitley Stadium,2019-03-26,Indian Premier League,5.0,male,T20,T20,20,2019,club,Arun Jaitley Stadium,Delhi Capitals,Delhi Capitals,Chennai Super Kings,bat,Chennai Super Kings,,6.0,win,5.0
1175361,2019,6,Eden Gardens,2019-03-27,Indian Premier League,6.0,male,T20,T20,20,2019,club,Eden Gardens,Punjab Kings,Punjab Kings,Punjab Kings,field,Punjab Kings,28.0,,win,1437.0
1175362,2019,6,M.Chinnaswamy Stadium,2019-03-28,Indian Premier League,7.0,male,T20,T20,20,2019,club,M.Chinnaswamy Stadium,Royal Challengers Bengaluru,Chennai Super Kings,Royal Challengers Bengaluru,field,Chennai Super Kings,6.0,,win,33.0
1175363,2019,6,Rajiv Gandhi International Stadium,2019-03-29,Indian Premier League,8.0,male,T20,T20,20,2019,club,Rajiv Gandhi International Stadium,Rajasthan Royals,Rajasthan Royals,Kolkata Knight Riders,bat,Kolkata Knight Riders,,5.0,win,22.0
1175364,2019,6,Punjab Cricket Association IS Bindra Stadium,2019-03-30,Indian Premier League,9.0,male,T20,T20,20,2019,club,Punjab Cricket Association IS Bindra Stadium,Punjab Kings,Chennai Super Kings,Punjab Kings,field,Punjab Kings,,8.0,win,35.0
1175365,2019,6,Arun Jaitley Stadium,2019-03-30,Indian Premier League,10.0,male,T20,T20,20,2019,club,Arun Jaitley Stadium,Delhi Capitals,Punjab Kings,Delhi Capitals,field,Delhi Capitals,,,tie,1849.0
1175366,2019,6,Rajiv Gandhi International Stadium,2019-03-31,Indian Premier League,11.0,male,T20,T20,20,2019,club,Rajiv Gandhi International Stadium,Royal Challengers Bengaluru,Kolkata Knight Riders,Royal Challengers Bengaluru,field,Kolkata Knight Riders,118.0,,win,2719.0
1175367,2019,6,MA Chidambaram Stadium,2019-03-31,Indian Premier League,12.0,male,T20,T20,20,2019,club,MA Chidambaram Stadium,Rajasthan Royals,Chennai Super Kings,Rajasthan Royals,field,Chennai Super Kings,8.0,,win,38.0
1175368,2019,6,Punjab Cricket Association IS Bindra Stadium,2019-04-01,Indian Premier League,13.0,male,T20,T20,20,2019,club,Punjab Cricket Association IS Bindra Stadium,Delhi Capitals,Punjab Kings,Delhi Capitals,field,Punjab Kings,14.0,,win,2768.0
1175369,2019,6,Sawai Mansingh Stadium,2019-04-02,Indian Premier League,14.0,male,T20,T20,20,2019,club,Sawai Mansingh Stadium,Rajasthan Royals,Royal Challengers Bengaluru,Rajasthan Royals,field,Rajasthan Royals,,7.0,win,1449.0
1175370,2019,6,Wankhede Stadium,2019-04-03,Indian Premier League,15.0,male,T20,T20,20,2019,club,Wankhede Stadium,Chennai Super Kings,Chennai Super Kings,Chennai Super Kings,field,Chennai Super Kings,37.0,,win,30.0
1175371,2019,6,Arun Jaitley Stadium,2019-04-04,Indian Premier League,16.0,male,T20,T20,20,2019,club,Arun Jaitley Stadium,Kolkata Knight Riders,Delhi Capitals,Kolkata Knight Riders,field,Kolkata Knight Riders,,5.0,win,2719.0
1175372,2019,6,M.Chinnaswamy Stadium,2019-04-05,Indian Premier League,17.0,male,T20,T20,20,2019,club,M.Chinnaswamy Stadium,Punjab Kings,Royal Challengers Bengaluru,Punjab Kings,field,Punjab Kings,,5.0,win,1437.0
1178393,2019,6,MA Chidambaram Stadium,2019-04-06,Indian Premier League,18.0,male,T20,T20,20,2019,club,MA Chidambaram Stadium,Chennai Super Kings,Chennai Super Kings,Punjab Kings,bat,Chennai Super Kings,22.0,,win,228.0
1178394,2019,6,Rajiv Gandhi International Stadium,2019-04-06,Indian Premier League,19.0,male,T20,T20,20,2019,club,Rajiv Gandhi International Stadium,Kolkata Knight Riders,Chennai Super Kings,Kolkata Knight Riders,field,Chennai Super Kings,40.0,,win,3100.0
1178395,2019,6,M.Chinnaswamy Stadium,2019-04-07,Indian Premier League,20.0,male,T20,T20,20,2019,club,M.Chinnaswamy Stadium,Delhi Capitals,Royal Challengers Bengaluru,Delhi Capitals,field,Delhi Capitals,,4.0,win,590.0
1178396,2019,6,Sawai Mansingh Stadium,2019-04-07,Indian Premier League,21.0,male,T20,T20,20,2019,club,Sawai Mansingh Stadium,Punjab Kings,Rajasthan Royals,Punjab Kings,field,Punjab Kings,,8.0,win,3156.0
1178397,2019,6,Punjab Cricket Association IS Bindra Stadium,2019-04-08,Indian Premier League,22.0,male,T20,T20,20,2019,club,Punjab Cricket Association IS Bindra Stadium,Punjab Kings,Kolkata Knight Riders,Punjab Kings,field,Punjab Kings,,6.0,win,1409.0
1178398,2019,6,MA Chidambaram Stadium,2019-04-09,Indian Premier League,23.0,male,T20,T20,20,2019,club,MA Chidambaram Stadium,Chennai Super Kings,Punjab Kings,Chennai Super Kings,field,Chennai Super Kings,,7.0,win,41.0
1178399,2019,6,Wankhede Stadium,2019-04-10,Indian Premier League,24.0,male,T20,T20,20,2019,club,Wankhede Stadium,Chennai Super Kings,Punjab Kings,Chennai Super Kings,field,Chennai Super Kings,,3.0,win,29.0
1178400,2019,6,Sawai Mansingh Stadium,2019-04-11,Indian Premier League,25.0,male,T20,T20,20,2019,club,Sawai Mansingh Stadium,Chennai Super Kings,Rajasthan Royals,Chennai Super Kings,field,Chennai Super Kings,,4.0,win,38.0
1178401,2019,6,Eden Gardens,2019-04-12,Indian Premier League,26.0,male,T20,T20,20,2019,club,Eden Gardens,Delhi Capitals,Punjab Kings,Delhi Capitals,field,Delhi Capitals,,7.0,win,13.0
1178402,2019,6,Wankhede Stadium,2019-04-13,Indian Premier League,27.0,male,T20,T20,20,2019,club,Wankhede Stadium,Rajasthan Royals,Chennai Super Kings,Rajasthan Royals,field,Rajasthan Royals,,4.0,win,24.0
1178403,2019,6,Punjab Cricket Association IS Bindra Stadium,2019-04-13,Indian Premier League,28.0,male,T20,T20,20,2019,club,Punjab Cricket Association IS Bindra Stadium,Royal Challengers Bengaluru,Punjab Kings,Royal Challengers Bengaluru,field,Royal Challengers Bengaluru,,8.0,win,245.0
1178404,2019,6,Eden Gardens,2019-04-14,Indian Premier League,29.0,male,T20,T20,20,2019,club,Eden Gardens,Chennai Super Kings,Punjab Kings,Chennai Super Kings,field,Chennai Super Kings,,5.0,win,44.0
1178405,2019,6,Rajiv Gandhi International Stadium,2019-04-14,Indian Premier League,30.0,male,T20,T20,20,2019,club,Rajiv Gandhi International Stadium,Kolkata Knight Riders,Delhi Capitals,Kolkata Knight Riders,field,Delhi Capitals,39.0,,win,2745.0
1178406,2019,6,Wankhede Stadium,2019-04-15,Indian Premier League,31.0,male,T20,T20,20,2019,club,Wankhede Stadium,Chennai Super Kings,Royal Challengers Bengaluru,Chennai Super Kings,field,Chennai Super Kings,,5.0,win,230.0
1178407,2019,6,Punjab Cricket Association IS Bindra Stadium,2019-04-16,Indian Premier League,32.0,male,T20,T20,20,2019,club,Punjab Cricket Association IS Bindra Stadium,Rajasthan Royals,Punjab Kings,Rajasthan Royals,field,Punjab Kings,12.0,,win,1416.0
1178408,2019,6,Rajiv Gandhi International Stadium,2019-04-17,Indian Premier League,33.0,male,T20,T20,20,2019,club,Rajiv Gandhi International Stadium,Chennai Super Kings,Chennai Super Kings,Kolkata Knight Riders,bat,Kolkata Knight Riders,,6.0,win,12.0
1178409,2019,6,Arun Jaitley Stadium,2019-04-18,Indian Premier League,34.0,male,T20,T20,20,2019,club,Arun Jaitley Stadium,Chennai Super Kings,Chennai Super Kings,Delhi Capitals,bat,Chennai Super Kings,40.0,,win,30.0
1178410,2019,6,Eden Gardens,2019-04-19,Indian Premier League,35.0,male,T20,T20,20,2019,club,Eden Gardens,Punjab Kings,Royal Challengers Bengaluru,Punjab Kings,field,Royal Challengers Bengaluru,10.0,,win,332.0
1178411,2019,6,Sawai Mansingh Stadium,2019-04-20,Indian Premier League,36.0,male,T20,T20,20,2019,club,Sawai Mansingh Stadium,Rajasthan Royals,Chennai Super Kings,Rajasthan Royals,field,Rajasthan Royals,,5.0,win,36.0
1178412,2019,6,Arun Jaitley Stadium,2019-04-20,Indian Premier League,37.0,male,T20,T20,20,2019,club,Arun Jaitley Stadium,Delhi Capitals,Punjab Kings,Delhi Capitals,field,Delhi Capitals,,5.0,win,389.0
1178413,2019,6,Rajiv Gandhi International Stadium,2019-04-21,Indian Premier League,38.0,male,T20,T20,20,2019,club,Rajiv Gandhi International Stadium,Kolkata Knight Riders,Punjab Kings,Kolkata Knight Riders,field,Kolkata Knight Riders,,9.0,win,2662.0
1178414,2019,6,M.Chinnaswamy Stadium,2019-04-21,Indian Premier League,39.0,male,T20,T20,20,2019,club,M.Chinnaswamy Stadium,Chennai Super Kings,Royal Challengers Bengaluru,Chennai Super Kings,field,Royal Challengers Bengaluru,1.0,,win,23.0
1178415,2019,6,Sawai Mansingh Stadium,2019-04-22,Indian Premier League,40.0,male,T20,T20,20,2019,club,Sawai Mansingh Stadium,Delhi Capitals,Rajasthan Royals,Delhi Capitals,field,Delhi Capitals,,6.0,win,181.0
1178416,2019,6,MA Chidambaram Stadium,2019-04-23,Indian Premier League,41.0,male,T20,T20,20,2019,club,MA Chidambaram Stadium,Chennai Super Kings,Kolkata Knight Riders,Chennai Super Kings,field,Chennai Super Kings,,6.0,win,5.0
1178417,2019,6,M.Chinnaswamy Stadium,2019-04-24,Indian Premier League,42.0,male,T20,T20,20,2019,club,M.Chinnaswamy Stadium,Punjab Kings,Royal Challengers Bengaluru,Punjab Kings,field,Royal Challengers Bengaluru,17.0,,win,245.0
1178418,2019,6,Eden Gardens,2019-04-25,Indian Premier League,43.0,male,T20,T20,20,2019,club,Eden Gardens,Rajasthan Royals,Punjab Kings,Rajasthan Royals,field,Rajasthan Royals,,3.0,win,241.0
1178419,2019,6,MA Chidambaram Stadium,2019-04-26,Indian Premier League,44.0,male,T20,T20,20,2019,club,MA Chidambaram Stadium,Chennai Super Kings,Chennai Super Kings,Chennai Super Kings,field,Chennai Super Kings,46.0,,win,25.0
1178420,2019,6,Sawai Mansingh Stadium,2019-04-27,Indian Premier League,45.0,male,T20,T20,20,2019,club,Sawai Mansingh Stadium,Rajasthan Royals,Kolkata Knight Riders,Rajasthan Royals,field,Rajasthan Royals,,7.0,win,438.0
1178421,2019,6,Arun Jaitley Stadium,2019-04-28,Indian Premier League,46.0,male,T20,T20,20,2019,club,Arun Jaitley Stadium,Delhi Capitals,Delhi Capitals,Royal Challengers Bengaluru,bat,Delhi Capitals,16.0,,win,13.0
1178422,2019,6,Eden Gardens,2019-04-28,Indian Premier League,47.0,male,T20,T20,20,2019,club,Eden Gardens,Chennai Super Kings,Punjab Kings,Chennai Super Kings,field,Punjab Kings,34.0,,win,1437.0
1178423,2019,6,Rajiv Gandhi International Stadium,2019-04-29,Indian Premier League,48.0,male,T20,T20,20,2019,club,Rajiv Gandhi International Stadium,Punjab Kings,Kolkata Knight Riders,Punjab Kings,field,Kolkata Knight Riders,45.0,,win,12.0
1178424,2019,6,M.Chinnaswamy Stadium,2019-04-30,Indian Premier League,49.0,male,T20,T20,20,2019,club,M.Chinnaswamy Stadium,Rajasthan Royals,Royal Challengers Bengaluru,Rajasthan Royals,field,Rajasthan Royals,,,no result,
1178425,2019,6,MA Chidambaram Stadium,2019-05-01,Indian Premier League,50.0,male,T20,T20,20,2019,club,MA Chidambaram Stadium,Delhi Capitals,Chennai Super Kings,Delhi Capitals,field,Chennai Super Kings,80.0,,win,38.0
1178426,2019,6,Wankhede Stadium,2019-05-02,Indian Premier League,51.0,male,T20,T20,20,2019,club,Wankhede Stadium,Chennai Super Kings,Chennai Super Kings,Kolkata Knight Riders,bat,Kolkata Knight Riders,,,tie,33.0
1178427,2019,6,Punjab Cricket Association IS Bindra Stadium,2019-05-03,Indian Premier League,52.0,male,T20,T20,20,2019,club,Punjab Cricket Association IS Bindra Stadium,Punjab Kings,Punjab Kings,Punjab Kings,field,Punjab Kings,,7.0,win,1580.0
1178428,2019,6,Arun Jaitley Stadium,2019-05-04,Indian Premier League,53.0,male,T20,T20,20,2019,club,Arun Jaitley Stadium,Rajasthan Royals,Rajasthan Royals,Delhi Capitals,bat,Delhi Capitals,,5.0,win,185.0
1178429,2019,6,M.Chinnaswamy Stadium,2019-05-04,Indian Premier League,54.0,male,T20,T20,20,2019,club,M.Chinnaswamy Stadium,Royal Challengers Bengaluru,Kolkata Knight Riders,Royal Challengers Bengaluru,field,Royal Challengers Bengaluru,,4.0,win,2700.0
1178430,2019,6,Punjab Cricket Association IS Bindra Stadium,2019-05-05,Indian Premier League,55.0,male,T20,T20,20,2019,club,Punjab Cricket Association IS Bindra Stadium,Punjab Kings,Chennai Super Kings,Punjab Kings,field,Punjab Kings,,6.0,win,1409.0
1178431,2019,6,Wankhede Stadium,2019-05-05,Indian Premier League,56.0,male,T20,T20,20,2019,club,Wankhede Stadium,Chennai Super Kings,Punjab Kings,Chennai Super Kings,field,Chennai Super Kings,,9.0,win,30.0
1181764,2019,6,MA Chidambaram Stadium,2019-05-07,Indian Premier League,,male,T20,T20,20,2019,club,MA Chidambaram Stadium,Chennai Super Kings,Chennai Super Kings,Chennai Super Kings,bat,Chennai Super Kings,,6.0,win,61.0
1181766,2019,6,Dr. Y.S. Rajasekhara Reddy ACA-VDCA Cricket Stadium,2019-05-08,Indian Premier League,,male,T20,T20,20,2019,club,Dr. Y.S. Rajasekhara Reddy ACA-VDCA Cricket Stadium,Delhi Capitals,Kolkata Knight Riders,Delhi Capitals,field,Delhi Capitals,,2.0,win,181.0
1181767,2019,6,Dr. Y.S. Rajasekhara Reddy ACA-VDCA Cricket Stadium,2019-05-10,Indian Premier League,,male,T20,T20,20,2019,club,Dr. Y.S. Rajasekhara Reddy ACA-VDCA Cricket Stadium,Chennai Super Kings,Delhi Capitals,Chennai Super Kings,field,Chennai Super Kings,,6.0,win,267.0
1181768,2019,6,Rajiv Gandhi International Stadium,2019-05-12,Indian Premier League,,male,T20,T20,20,2019,club,Rajiv Gandhi International Stadium,Chennai Super Kings,Chennai Super Kings,Chennai Super Kings,bat,Chennai Super Kings,1.0,,win,33.0
1216492,2020,6,Sheikh Zayed Stadium,2020-09-19,Indian Premier League,1.0,male,T20,T20,20,2020/21,club,Sheikh Zayed Stadium,Chennai Super Kings,Chennai Super Kings,Chennai Super Kings,field,Chennai Super Kings,,5.0,win,27.0
1216493,2020,6,Dubai International Cricket Stadium,2020-09-20,Indian Premier League,2.0,male,T20,T20,20,2020/21,club,Dubai International Cricket Stadium,Punjab Kings,Delhi Capitals,Punjab Kings,field,Punjab Kings,,,tie,73.0
1216494,2020,6,Sheikh Zayed Stadium,2020-10-21,Indian Premier League,39.0,male,T20,T20,20,2020/21,club,Sheikh Zayed Stadium,Punjab Kings,Punjab Kings,Royal Challengers Bengaluru,bat,Royal Challengers Bengaluru,,8.0,win,538.0
1216495,2020,6,Sharjah Cricket Stadium,2020-11-03,Indian Premier League,56.0,male,T20,T20,20,2020/21,club,Sharjah Cricket Stadium,Kolkata Knight Riders,Chennai Super Kings,Kolkata Knight Riders,field,Kolkata Knight Riders,,10.0,win,186.0
1216496,2020,6,Sharjah Cricket Stadium,2020-09-22,Indian Premier League,4.0,male,T20,T20,20,2020/21,club,Sharjah Cricket Stadium,Chennai Super Kings,Rajasthan Royals,Chennai Super Kings,field,Rajasthan Royals,16.0,,win,180.0
1216497,2020,6,Sheikh Zayed Stadium,2020-10-24,Indian Premier League,42.0,male,T20,T20,20,2020/21,club,Sheikh Zayed Stadium,Delhi Capitals,Punjab Kings,Delhi Capitals,field,Punjab Kings,59.0,,win,2825.0
1216498,2020,6,Dubai International Cricket Stadium,2020-10-24,Indian Premier League,43.0,male,T20,T20,20,2020/21,club,Dubai International Cricket Stadium,Kolkata Knight Riders,Punjab Kings,Kolkata Knight Riders,field,Punjab Kings,12.0,,win,1327.0
1216499,2020,6,Sheikh Zayed Stadium,2020-10-28,Indian Premier League,48.0,male,T20,T20,20,2020/21,club,Sheikh Zayed Stadium,Chennai Super Kings,Royal Challengers Bengaluru,Chennai Super Kings,field,Chennai Super Kings,,5.0,win,61.0
1216500,2020,6,Sharjah Cricket Stadium,2020-10-09,Indian Premier League,23.0,male,T20,T20,20,2020/21,club,Sharjah Cricket Stadium,Rajasthan Royals,Delhi Capitals,Rajasthan Royals,field,Delhi Capitals,46.0,,win,1416.0
1216501,2020,6,Sheikh Zayed Stadium,2020-10-07,Indian Premier League,21.0,male,T20,T20,20,2020/21,club,Sheikh Zayed Stadium,Punjab Kings,Punjab Kings,Chennai Super Kings,bat,Punjab Kings,10.0,,win,268.0
1216502,2020,6,Sharjah Cricket Stadium,2020-10-31,Indian Premier League,52.0,male,T20,T20,20,2020/21,club,Sharjah Cricket Stadium,Kolkata Knight Riders,Royal Challengers Bengaluru,Kolkata Knight Riders,field,Kolkata Knight Riders,,5.0,win,76.0
1216503,2020,6,Sheikh Zayed Stadium,2020-10-01,Indian Premier League,13.0,male,T20,T20,20,2020/21,club,Sheikh Zayed Stadium,Punjab Kings,Chennai Super Kings,Punjab Kings,field,Chennai Super Kings,48.0,,win,29.0
1216504,2020,6,Dubai International Cricket Stadium,2020-09-30,Indian Premier League,12.0,male,T20,T20,20,2020/21,club,Dubai International Cricket Stadium,Rajasthan Royals,Punjab Kings,Rajasthan Royals,field,Punjab Kings,37.0,,win,1581.0
1216505,2020,6,Sheikh Zayed Stadium,2020-11-02,Indian Premier League,55.0,male,T20,T20,20,2020/21,club,Sheikh Zayed Stadium,Delhi Capitals,Royal Challengers Bengaluru,Delhi Capitals,field,Delhi Capitals,,6.0,win,4047.0
1216506,2020,6,Sheikh Zayed Stadium,2020-11-01,Indian Premier League,53.0,male,T20,T20,20,2020/21,club,Sheikh Zayed Stadium,Chennai Super Kings,Punjab Kings,Chennai Super Kings,field,Chennai Super Kings,,9.0,win,4119.0
1216507,2020,6,Dubai International Cricket Stadium,2020-10-11,Indian Premier League,26.0,male,T20,T20,20,2020/21,club,Dubai International Cricket Stadium,Kolkata Knight Riders,Kolkata Knight Riders,Rajasthan Royals,bat,Rajasthan Royals,,5.0,win,1119.0
1216508,2020,6,Sheikh Zayed Stadium,2020-09-23,Indian Premier League,5.0,male,T20,T20,20,2020/21,club,Sheikh Zayed Stadium,Punjab Kings,Chennai Super Kings,Punjab Kings,field,Chennai Super Kings,49.0,,win,25.0
1216509,2020,6,Sharjah Cricket Stadium,2020-10-17,Indian Premier League,34.0,male,T20,T20,20,2020/21,club,Sharjah Cricket Stadium,Chennai Super Kings,Chennai Super Kings,Delhi Capitals,bat,Delhi Capitals,,5.0,win,13.0
1216510,2020,6,Dubai International Cricket Stadium,2020-09-24,Indian Premier League,6.0,male,T20,T20,20,2020/21,club,Dubai International Cricket Stadium,Royal Challengers Bengaluru,Punjab Kings,Royal Challengers Bengaluru,field,Punjab Kings,97.0,,win,1409.0
1216511,2020,6,Sheikh Zayed Stadium,2020-10-06,Indian Premier League,20.0,male,T20,T20,20,2020/21,club,Sheikh Zayed Stadium,Chennai Super Kings,Chennai Super Kings,Rajasthan Royals,bat,Chennai Super Kings,57.0,,win,61.0
1216512,2020,6,Sheikh Zayed Stadium,2020-10-18,Indian Premier League,35.0,male,T20,T20,20,2020/21,club,Sheikh Zayed Stadium,Kolkata Knight Riders,Punjab Kings,Kolkata Knight Riders,field,Kolkata Knight Riders,,,tie,361.0
1216513,2020,6,Dubai International Cricket Stadium,2020-10-04,Indian Premier League,18.0,male,T20,T20,20,2020/21,club,Dubai International Cricket Stadium,Punjab Kings,Punjab Kings,Chennai Super Kings,bat,Chennai Super Kings,,10.0,win,5.0
1216514,2020,6,Sheikh Zayed Stadium,2020-10-03,Indian Premier League,15.0,male,T20,T20,20,2020/21,club,Sheikh Zayed Stadium,Rajasthan Royals,Rajasthan Royals,Royal Challengers Bengaluru,bat,Royal Challengers Bengaluru,,8.0,win,10.0
1216515,2020,6,Sharjah Cricket Stadium,2020-10-03,Indian Premier League,16.0,male,T20,T20,20,2020/21,club,Sharjah Cricket Stadium,Punjab Kings,Delhi Capitals,Punjab Kings,field,Delhi Capitals,18.0,,win,389.0
1216516,2020,6,Dubai International Cricket Stadium,2020-10-02,Indian Premier League,14.0,male,T20,T20,20,2020/21,club,Dubai International Cricket Stadium,Kolkata Knight Riders,Kolkata Knight Riders,Chennai Super Kings,bat,Kolkata Knight Riders,7.0,,win,4097.0
1216517,2020,6,Dubai International Cricket Stadium,2020-10-18,Indian Premier League,36.0,male,T20,T20,20,2020/21,club,Dubai International Cricket Stadium,Chennai Super Kings,Chennai Super Kings,Punjab Kings,bat,Punjab Kings,,,tie,1409.0
1216518,2020,6,Dubai International Cricket Stadium,2020-10-22,Indian Premier League,40.0,male,T20,T20,20,2020/21,club,Dubai International Cricket Stadium,Kolkata Knight Riders,Rajasthan Royals,Kolkata Knight Riders,field,Kolkata Knight Riders,,8.0,win,59.0
1216519,2020,6,Dubai International Cricket Stadium,2020-10-05,Indian Premier League,19.0,male,T20,T20,20,2020/21,club,Dubai International Cricket Stadium,Royal Challengers Bengaluru,Delhi Capitals,Royal Challengers Bengaluru,field,Delhi Capitals,59.0,,win,70.0
1216520,2020,6,Sharjah Cricket Stadium,2020-10-26,Indian Premier League,46.0,male,T20,T20,20,2020/21,club,Sharjah Cricket Stadium,Punjab Kings,Punjab Kings,Punjab Kings,field,Punjab Kings,,8.0,win,1.0
1216521,2020,6,Sharjah Cricket Stadium,2020-10-23,Indian Premier League,41.0,male,T20,T20,20,2020/21,club,Sharjah Cricket Stadium,Chennai Super Kings,Chennai Super Kings,Chennai Super Kings,field,Chennai Super Kings,,10.0,win,66.0
1216522,2020,6,Dubai International Cricket Stadium,2020-10-17,Indian Premier League,33.0,male,T20,T20,20,2020/21,club,Dubai International Cricket Stadium,Rajasthan Royals,Rajasthan Royals,Royal Challengers Bengaluru,bat,Royal Challengers Bengaluru,,7.0,win,245.0
1216523,2020,6,Sheikh Zayed Stadium,2020-10-10,Indian Premier League,24.0,male,T20,T20,20,2020/21,club,Sheikh Zayed Stadium,Punjab Kings,Punjab Kings,Punjab Kings,bat,Punjab Kings,2.0,,win,49.0
1216524,2020,6,Dubai International Cricket Stadium,2020-10-27,Indian Premier League,47.0,male,T20,T20,20,2020/21,club,Dubai International Cricket Stadium,Delhi Capitals,Kolkata Knight Riders,Delhi Capitals,field,Kolkata Knight Riders,88.0,,win,69.0
1216525,2020,6,Dubai International Cricket Stadium,2020-10-10,Indian Premier League,25.0,male,T20,T20,20,2020/21,club,Dubai International Cricket Stadium,Royal Challengers Bengaluru,Royal Challengers Bengaluru,Chennai Super Kings,bat,Royal Challengers Bengaluru,37.0,,win,332.0
1216526,2020,6,Sheikh Zayed Stadium,2020-10-16,Indian Premier League,32.0,male,T20,T20,20,2020/21,club,Sheikh Zayed Stadium,Punjab Kings,Punjab Kings,Chennai Super Kings,bat,Chennai Super Kings,,8.0,win,1421.0
1216527,2020,6,Sharjah Cricket Stadium,2020-09-27,Indian Premier League,9.0,male,T20,T20,20,2020/21,club,Sharjah Cricket Stadium,Rajasthan Royals,Punjab Kings,Rajasthan Royals,field,Rajasthan Royals,,4.0,win,180.0
1216528,2020,6,Dubai International Cricket Stadium,2020-10-13,Indian Premier League,29.0,male,T20,T20,20,2020/21,club,Dubai International Cricket Stadium,Chennai Super Kings,Chennai Super Kings,Kolkata Knight Riders,bat,Chennai Super Kings,20.0,,win,348.0
1216529,2020,6,Sheikh Zayed Stadium,2020-10-11,Indian Premier League,27.0,male,T20,T20,20,2020/21,club,Sheikh Zayed Stadium,Delhi Capitals,Delhi Capitals,Chennai Super Kings,bat,Chennai Super Kings,,5.0,win,1421.0
1216530,2020,6,Dubai International Cricket Stadium,2020-11-01,Indian Premier League,54.0,male,T20,T20,20,2020/21,club,Dubai International Cricket Stadium,Rajasthan Royals,Punjab Kings,Rajasthan Royals,field,Punjab Kings,60.0,,win,184.0
1216531,2020,6,Sharjah Cricket Stadium,2020-10-15,Indian Premier League,31.0,male,T20,T20,20,2020/21,club,Sharjah Cricket Stadium,Royal Challengers Bengaluru,Royal Challengers Bengaluru,Punjab Kings,bat,Punjab Kings,,8.0,win,1409.0
1216532,2020,6,Sheikh Zayed Stadium,2020-09-29,Indian Premier League,11.0,male,T20,T20,20,2020/21,club,Sheikh Zayed Stadium,Delhi Capitals,Kolkata Knight Riders,Delhi Capitals,field,Kolkata Knight Riders,15.0,,win,22.0
1216533,2020,6,Sheikh Zayed Stadium,2020-10-19,Indian Premier League,37.0,male,T20,T20,20,2020/21,club,Sheikh Zayed Stadium,Chennai Super Kings,Chennai Super Kings,Rajasthan Royals,bat,Rajasthan Royals,,7.0,win,24.0
1216534,2020,6,Dubai International Cricket Stadium,2020-09-21,Indian Premier League,3.0,male,T20,T20,20,2020/21,club,Dubai International Cricket Stadium,Kolkata Knight Riders,Royal Challengers Bengaluru,Kolkata Knight Riders,field,Royal Challengers Bengaluru,10.0,,win,10.0
1216535,2020,6,Dubai International Cricket Stadium,2020-10-31,Indian Premier League,51.0,male,T20,T20,20,2020/21,club,Dubai International Cricket Stadium,Chennai Super Kings,Delhi Capitals,Chennai Super Kings,field,Chennai Super Kings,,9.0,win,347.0
1216536,2020,6,Dubai International Cricket Stadium,2020-10-29,Indian Premier League,49.0,male,T20,T20,20,2020/21,club,Dubai International Cricket Stadium,Chennai Super Kings,Punjab Kings,Chennai Super Kings,field,Chennai Super Kings,,6.0,win,4119.0
1216537,2020,6,Sheikh Zayed Stadium,2020-10-30,Indian Premier League,50.0,male,T20,T20,20,2020/21,club,Sheikh Zayed Stadium,Rajasthan Royals,Punjab Kings,Rajasthan Royals,field,Rajasthan Royals,,7.0,win,37.0
1216538,2020,6,Sharjah Cricket Stadium,2020-10-04,Indian Premier League,17.0,male,T20,T20,20,2020/21,club,Sharjah Cricket Stadium,Chennai Super Kings,Chennai Super Kings,Kolkata Knight Riders,bat,Chennai Super Kings,34.0,,win,66.0
1216539,2020,6,Dubai International Cricket Stadium,2020-09-25,Indian Premier League,7.0,male,T20,T20,20,2020/21,club,Dubai International Cricket Stadium,Chennai Super Kings,Delhi Capitals,Chennai Super Kings,field,Delhi Capitals,44.0,,win,1849.0
1216540,2020,6,Sharjah Cricket Stadium,2020-10-12,Indian Premier League,28.0,male,T20,T20,20,2020/21,club,Sharjah Cricket Stadium,Royal Challengers Bengaluru,Royal Challengers Bengaluru,Punjab Kings,bat,Royal Challengers Bengaluru,82.0,,win,245.0
1216541,2020,6,Sheikh Zayed Stadium,2020-10-25,Indian Premier League,45.0,male,T20,T20,20,2020/21,club,Sheikh Zayed Stadium,Chennai Super Kings,Chennai Super Kings,Rajasthan Royals,bat,Rajasthan Royals,,8.0,win,37.0
1216542,2020,6,Dubai International Cricket Stadium,2020-10-08,Indian Premier League,22.0,male,T20,T20,20,2020/21,club,Dubai International Cricket Stadium,Kolkata Knight Riders,Kolkata Knight Riders,Punjab Kings,bat,Kolkata Knight Riders,69.0,,win,2719.0
1216543,2020,6,Dubai International Cricket Stadium,2020-10-14,Indian Premier League,30.0,male,T20,T20,20,2020/21,club,Dubai International Cricket Stadium,Delhi Capitals,Delhi Capitals,Rajasthan Royals,bat,Delhi Capitals,13.0,,win,4047.0
1216544,2020,6,Dubai International Cricket Stadium,2020-10-25,Indian Premier League,44.0,male,T20,T20,20,2020/21,club,Dubai International Cricket Stadium,Royal Challengers Bengaluru,Royal Challengers Bengaluru,Chennai Super Kings,bat,Chennai Super Kings,,8.0,win,4119.0
1216545,2020,6,Sheikh Zayed Stadium,2020-09-26,Indian Premier League,8.0,male,T20,T20,20,2020/21,club,Sheikh Zayed Stadium,Kolkata Knight Riders,Kolkata Knight Riders,Punjab Kings,bat,Punjab Kings,,7.0,win,1580.0
1216546,2020,6,Dubai International Cricket Stadium,2020-10-20,Indian Premier League,38.0,male,T20,T20,20,2020/21,club,Dubai International Cricket Stadium,Delhi Capitals,Delhi Capitals,Punjab Kings,bat,Punjab Kings,,5.0,win,13.0
1216547,2020,6,Dubai International Cricket Stadium,2020-09-28,Indian Premier League,10.0,male,T20,T20,20,2020/21,club,Dubai International Cricket Stadium,Chennai Super Kings,Royal Challengers Bengaluru,Chennai Super Kings,field,Chennai Super Kings,,,tie,245.0
1237177,2020,6,Dubai International Cricket Stadium,2020-11-05,Indian Premier League,,male,T20,T20,20,2020/21,club,Dubai International Cricket Stadium,Delhi Capitals,Chennai Super Kings,Delhi Capitals,field,Chennai Super Kings,57.0,,win,33.0
1237178,2020,6,Sheikh Zayed Stadium,2020-11-06,Indian Premier League,,male,T20,T20,20,2020/21,club,Sheikh Zayed Stadium,Kolkata Knight Riders,Royal Challengers Bengaluru,Kolkata Knight Riders,field,Kolkata Knight Riders,,6.0,win,531.0
1237180,2020,6,Sheikh Zayed Stadium,2020-11-08,Indian Premier League,,male,T20,T20,20,2020/21,club,Sheikh Zayed Stadium,Delhi Capitals,Delhi Capitals,Kolkata Knight Riders,bat,Delhi Capitals,17.0,,win,73.0
1237181,2020,6,Dubai International Cricket Stadium,2020-11-10,Indian Premier League,,male,T20,T20,20,2020/21,club,Dubai International Cricket Stadium,Delhi Capitals,Delhi Capitals,Chennai Super Kings,bat,Chennai Super Kings,,5.0,win,66.0
1254058,2021,6,"MA Chidambaram Stadium, Chepauk, Chennai",2021-04-09,Indian Premier League,1.0,male,T20,T20,20,2021,club,"MA Chidambaram Stadium, Chepauk, Chennai",Royal Challengers Bengaluru,Chennai Super Kings,Royal Challengers Bengaluru,field,Royal Challengers Bengaluru,,2.0,win,1285.0
1254059,2021,6,"Wankhede Stadium, Mumbai",2021-04-10,Indian Premier League,2.0,male,T20,T20,20,2021,club,"Wankhede Stadium, Mumbai",Delhi Capitals,Chennai Super Kings,Delhi Capitals,field,Delhi Capitals,,7.0,win,13.0
1254060,2021,6,"MA Chidambaram Stadium, Chepauk, Chennai",2021-04-11,Indian Premier League,3.0,male,T20,T20,20,2021,club,"MA Chidambaram Stadium, Chepauk, Chennai",Kolkata Knight Riders,Punjab Kings,Kolkata Knight Riders,field,Punjab Kings,10.0,,win,26.0
1254061,2021,6,"Wankhede Stadium, Mumbai",2021-04-12,Indian Premier League,4.0,male,T20,T20,20,2021,club,"Wankhede Stadium, Mumbai",Rajasthan Royals,Punjab Kings,Rajasthan Royals,field,Punjab Kings,4.0,,win,180.0
1254062,2021,6,"MA Chidambaram Stadium, Chepauk, Chennai",2021-04-13,Indian Premier League,5.0,male,T20,T20,20,2021,club,"MA Chidambaram Stadium, Chepauk, Chennai",Punjab Kings,Chennai Super Kings,Punjab Kings,field,Chennai Super Kings,10.0,,win,163.0
1254063,2021,6,"MA Chidambaram Stadium, Chepauk, Chennai",2021-04-14,Indian Premier League,6.0,male,T20,T20,20,2021,club,"MA Chidambaram Stadium, Chepauk, Chennai",Kolkata Knight Riders,Royal Challengers Bengaluru,Kolkata Knight Riders,field,Royal Challengers Bengaluru,6.0,,win,71.0
1254064,2021,6,"Wankhede Stadium, Mumbai",2021-04-15,Indian Premier League,7.0,male,T20,T20,20,2021,club,"Wankhede Stadium, Mumbai",Rajasthan Royals,Delhi Capitals,Rajasthan Royals,field,Rajasthan Royals,,3.0,win,438.0
1254065,2021,6,"Wankhede Stadium, Mumbai",2021-04-16,Indian Premier League,8.0,male,T20,T20,20,2021,club,"Wankhede Stadium, Mumbai",Chennai Super Kings,Punjab Kings,Chennai Super Kings,field,Chennai Super Kings,,6.0,win,41.0
1254066,2021,6,"MA Chidambaram Stadium, Chepauk, Chennai",2021-04-17,Indian Premier League,9.0,male,T20,T20,20,2021,club,"MA Chidambaram Stadium, Chepauk, Chennai",Chennai Super Kings,Chennai Super Kings,Kolkata Knight Riders,bat,Chennai Super Kings,13.0,,win,29.0
1254067,2021,6,"MA Chidambaram Stadium, Chepauk, Chennai",2021-04-18,Indian Premier League,10.0,male,T20,T20,20,2021,club,"MA Chidambaram Stadium, Chepauk, Chennai",Royal Challengers Bengaluru,Royal Challengers Bengaluru,Punjab Kings,bat,Royal Challengers Bengaluru,38.0,,win,245.0
1254068,2021,6,"Wankhede Stadium, Mumbai",2021-04-18,Indian Premier League,11.0,male,T20,T20,20,2021,club,"Wankhede Stadium, Mumbai",Delhi Capitals,Punjab Kings,Delhi Capitals,field,Delhi Capitals,,6.0,win,13.0
1254069,2021,6,"Wankhede Stadium, Mumbai",2021-04-19,Indian Premier League,12.0,male,T20,T20,20,2021,club,"Wankhede Stadium, Mumbai",Rajasthan Royals,Chennai Super Kings,Rajasthan Royals,field,Chennai Super Kings,45.0,,win,2227.0
1254070,2021,6,"MA Chidambaram Stadium, Chepauk, Chennai",2021-04-20,Indian Premier League,13.0,male,T20,T20,20,2021,club,"MA Chidambaram Stadium, Chepauk, Chennai",Chennai Super Kings,Chennai Super Kings,Delhi Capitals,bat,Delhi Capitals,,6.0,win,185.0
1254071,2021,6,"MA Chidambaram Stadium, Chepauk, Chennai",2021-04-21,Indian Premier League,14.0,male,T20,T20,20,2021,club,"MA Chidambaram Stadium, Chepauk, Chennai",Punjab Kings,Punjab Kings,Kolkata Knight Riders,bat,Kolkata Knight Riders,,9.0,win,2719.0
1254072,2021,6,"Wankhede Stadium, Mumbai",2021-04-21,Indian Premier League,15.0,male,T20,T20,20,2021,club,"Wankhede Stadium, Mumbai",Punjab Kings,Chennai Super Kings,Punjab Kings,field,Chennai Super Kings,18.0,,win,267.0
1254073,2021,6,"Wankhede Stadium, Mumbai",2021-04-22,Indian Premier League,16.0,male,T20,T20,20,2021,club,"Wankhede Stadium, Mumbai",Royal Challengers Bengaluru,Rajasthan Royals,Royal Challengers Bengaluru,field,Royal Challengers Bengaluru,,10.0,win,4071.0
1254074,2021,6,"MA Chidambaram Stadium, Chepauk, Chennai",2021-04-23,Indian Premier League,17.0,male,T20,T20,20,2021,club,"MA Chidambaram Stadium, Chepauk, Chennai",Punjab Kings,Chennai Super Kings,Punjab Kings,field,Punjab Kings,,9.0,win,1409.0
1254075,2021,6,"Wankhede Stadium, Mumbai",2021-04-24,Indian Premier League,18.0,male,T20,T20,20,2021,club,"Wankhede Stadium, Mumbai",Rajasthan Royals,Punjab Kings,Rajasthan Royals,field,Rajasthan Royals,,6.0,win,182.0
1254076,2021,6,"Wankhede Stadium, Mumbai",2021-04-25,Indian Premier League,19.0,male,T20,T20,20,2021,club,"Wankhede Stadium, Mumbai",Chennai Super Kings,Chennai Super Kings,Royal Challengers Bengaluru,bat,Chennai Super Kings,69.0,,win,348.0
1254077,2021,6,"MA Chidambaram Stadium, Chepauk, Chennai",2021-04-25,Indian Premier League,20.0,male,T20,T20,20,2021,club,"MA Chidambaram Stadium, Chepauk, Chennai",Delhi Capitals,Delhi Capitals,Kolkata Knight Riders,bat,Kolkata Knight Riders,,,tie,1849.0
1254078,2021,6,"Narendra Modi Stadium, Ahmedabad",2021-04-26,Indian Premier League,21.0,male,T20,T20,20,2021,club,"Narendra Modi Stadium, Ahmedabad",Punjab Kings,Punjab Kings,Punjab Kings,field,Punjab Kings,,5.0,win,400.0
1254079,2021,6,"Narendra Modi Stadium, Ahmedabad",2021-04-27,Indian Premier League,22.0,male,T20,T20,20,2021,club,"Narendra Modi Stadium, Ahmedabad",Delhi Capitals,Royal Challengers Bengaluru,Delhi Capitals,field,Royal Challengers Bengaluru,1.0,,win,245.0
1254080,2021,6,"Arun Jaitley Stadium, Delhi",2021-04-28,Indian Premier League,23.0,male,T20,T20,20,2021,club,"Arun Jaitley Stadium, Delhi",Kolkata Knight Riders,Kolkata Knight Riders,Chennai Super Kings,bat,Chennai Super Kings,,7.0,win,4119.0
1254081,2021,6,"Arun Jaitley Stadium, Delhi",2021-04-29,Indian Premier League,24.0,male,T20,T20,20,2021,club,"Arun Jaitley Stadium, Delhi",Chennai Super Kings,Rajasthan Royals,Chennai Super Kings,field,Chennai Super Kings,,7.0,win,1421.0
1254082,2021,6,"Narendra Modi Stadium, Ahmedabad",2021-04-29,Indian Premier League,25.0,male,T20,T20,20,2021,club,"Narendra Modi Stadium, Ahmedabad",Delhi Capitals,Punjab Kings,Delhi Capitals,field,Delhi Capitals,,7.0,win,1849.0
1254083,2021,6,"Narendra Modi Stadium, Ahmedabad",2021-04-30,Indian Premier League,26.0,male,T20,T20,20,2021,club,"Narendra Modi Stadium, Ahmedabad",Royal Challengers Bengaluru,Punjab Kings,Royal Challengers Bengaluru,field,Punjab Kings,34.0,,win,3495.0
1254084,2021,6,"Arun Jaitley Stadium, Delhi",2021-05-01,Indian Premier League,27.0,male,T20,T20,20,2021,club,"Arun Jaitley Stadium, Delhi",Chennai Super Kings,Chennai Super Kings,Chennai Super Kings,field,Chennai Super Kings,,4.0,win,29.0
1254085,2021,6,"Arun Jaitley Stadium, Delhi",2021-05-02,Indian Premier League,28.0,male,T20,T20,20,2021,club,"Arun Jaitley Stadium, Delhi",Kolkata Knight Riders,Rajasthan Royals,Kolkata Knight Riders,field,Rajasthan Royals,55.0,,win,24.0
1254086,2021,6,"Narendra Modi Stadium, Ahmedabad",2021-05-02,Indian Premier League,29.0,male,T20,T20,20,2021,club,"Narendra Modi Stadium, Ahmedabad",Delhi Capitals,Punjab Kings,Delhi Capitals,field,Delhi Capitals,,7.0,win,35.0
1254087,2021,6,"Zayed Cricket Stadium, Abu Dhabi",2021-09-20,Indian Premier League,31.0,male,T20,T20,20,2021,club,"Zayed Cricket Stadium, Abu Dhabi",Royal Challengers Bengaluru,Royal Challengers Bengaluru,Punjab Kings,bat,Punjab Kings,,9.0,win,2825.0
1254088,2021,6,"Zayed Cricket Stadium, Abu Dhabi",2021-10-08,Indian Premier League,55.0,male,T20,T20,20,2021,club,"Zayed Cricket Stadium, Abu Dhabi",Chennai Super Kings,Chennai Super Kings,Kolkata Knight Riders,bat,Chennai Super Kings,42.0,,win,347.0
1254089,2021,6,"Zayed Cricket Stadium, Abu Dhabi",2021-10-02,Indian Premier League,47.0,male,T20,T20,20,2021,club,"Zayed Cricket Stadium, Abu Dhabi",Rajasthan Royals,Chennai Super Kings,Rajasthan Royals,field,Rajasthan Royals,,7.0,win,4119.0
1254090,2021,6,Sharjah Cricket Stadium,2021-10-03,Indian Premier League,48.0,male,T20,T20,20,2021,club,Sharjah Cricket Stadium,Royal Challengers Bengaluru,Royal Challengers Bengaluru,Punjab Kings,bat,Royal Challengers Bengaluru,6.0,,win,71.0
1254091,2021,6,Sharjah Cricket Stadium,2021-09-30,Indian Premier League,44.0,male,T20,T20,20,2021,club,Sharjah Cricket Stadium,Chennai Super Kings,Kolkata Knight Riders,Chennai Super Kings,field,Chennai Super Kings,,6.0,win,4664.0
1254092,2021,6,Sharjah Cricket Stadium,2021-09-28,Indian Premier League,41.0,male,T20,T20,20,2021,club,Sharjah Cricket Stadium,Punjab Kings,Delhi Capitals,Punjab Kings,field,Punjab Kings,,3.0,win,65.0
1254093,2021,6,Sharjah Cricket Stadium,2021-10-05,Indian Premier League,51.0,male,T20,T20,20,2021,club,Sharjah Cricket Stadium,Chennai Super Kings,Rajasthan Royals,Chennai Super Kings,field,Chennai Super Kings,,8.0,win,471.0
1254094,2021,6,Dubai International Cricket Stadium,2021-10-07,Indian Premier League,53.0,male,T20,T20,20,2021,club,Dubai International Cricket Stadium,Punjab Kings,Chennai Super Kings,Punjab Kings,field,Punjab Kings,,6.0,win,1409.0
1254095,2021,6,"Zayed Cricket Stadium, Abu Dhabi",2021-10-06,Indian Premier League,52.0,male,T20,T20,20,2021,club,"Zayed Cricket Stadium, Abu Dhabi",Royal Challengers Bengaluru,Kolkata Knight Riders,Royal Challengers Bengaluru,field,Kolkata Knight Riders,4.0,,win,531.0
1254096,2021,6,"Zayed Cricket Stadium, Abu Dhabi",2021-09-23,Indian Premier League,34.0,male,T20,T20,20,2021,club,"Zayed Cricket Stadium, Abu Dhabi",Punjab Kings,Chennai Super Kings,Punjab Kings,field,Punjab Kings,,7.0,win,65.0
1254097,2021,6,"Zayed Cricket Stadium, Abu Dhabi",2021-09-25,Indian Premier League,36.0,male,T20,T20,20,2021,club,"Zayed Cricket Stadium, Abu Dhabi",Rajasthan Royals,Delhi Capitals,Rajasthan Royals,field,Delhi Capitals,33.0,,win,389.0
1254098,2021,6,"Zayed Cricket Stadium, Abu Dhabi",2021-09-26,Indian Premier League,38.0,male,T20,T20,20,2021,club,"Zayed Cricket Stadium, Abu Dhabi",Punjab Kings,Punjab Kings,Chennai Super Kings,bat,Chennai Super Kings,,2.0,win,348.0
1254099,2021,6,"Zayed Cricket Stadium, Abu Dhabi",2021-09-28,Indian Premier League,42.0,male,T20,T20,20,2021,club,"Zayed Cricket Stadium, Abu Dhabi",Chennai Super Kings,Punjab Kings,Chennai Super Kings,field,Chennai Super Kings,,6.0,win,29.0
1254100,2021,6,Dubai International Cricket Stadium,2021-09-27,Indian Premier League,40.0,male,T20,T20,20,2021,club,Dubai International Cricket Stadium,Rajasthan Royals,Rajasthan Royals,Kolkata Knight Riders,bat,Kolkata Knight Riders,,7.0,win,45.0
1254101,2021,6,Dubai International Cricket Stadium,2021-10-08,Indian Premier League,56.0,male,T20,T20,20,2021,club,Dubai International Cricket Stadium,Royal Challengers Bengaluru,Delhi Capitals,Royal Challengers Bengaluru,field,Royal Challengers Bengaluru,,7.0,win,5976.0
1254102,2021,6,Dubai International Cricket Stadium,2021-10-01,Indian Premier League,45.0,male,T20,T20,20,2021,club,Dubai International Cricket Stadium,Punjab Kings,Punjab Kings,Punjab Kings,field,Punjab Kings,,5.0,win,1409.0
1254103,2021,6,Dubai International Cricket Stadium,2021-09-29,Indian Premier League,43.0,male,T20,T20,20,2021,club,Dubai International Cricket Stadium,Royal Challengers Bengaluru,Rajasthan Royals,Royal Challengers Bengaluru,field,Royal Challengers Bengaluru,,7.0,win,10.0
1254104,2021,6,Dubai International Cricket Stadium,2021-09-19,Indian Premier League,30.0,male,T20,T20,20,2021,club,Dubai International Cricket Stadium,Chennai Super Kings,Chennai Super Kings,Chennai Super Kings,bat,Chennai Super Kings,20.0,,win,4119.0
1254105,2021,6,Dubai International Cricket Stadium,2021-09-22,Indian Premier League,33.0,male,T20,T20,20,2021,club,Dubai International Cricket Stadium,Kolkata Knight Riders,Kolkata Knight Riders,Delhi Capitals,bat,Delhi Capitals,,8.0,win,4047.0
1254106,2021,6,Sharjah Cricket Stadium,2021-10-07,Indian Premier League,54.0,male,T20,T20,20,2021,club,Sharjah Cricket Stadium,Rajasthan Royals,Punjab Kings,Rajasthan Royals,field,Punjab Kings,86.0,,win,1581.0
1254107,2021,6,Sharjah Cricket Stadium,2021-09-25,Indian Premier League,37.0,male,T20,T20,20,2021,club,Sharjah Cricket Stadium,Kolkata Knight Riders,Punjab Kings,Kolkata Knight Riders,field,Punjab Kings,5.0,,win,4098.0
1254108,2021,6,Dubai International Cricket Stadium,2021-09-26,Indian Premier League,39.0,male,T20,T20,20,2021,club,Dubai International Cricket Stadium,Chennai Super Kings,Royal Challengers Bengaluru,Chennai Super Kings,field,Royal Challengers Bengaluru,54.0,,win,71.0
1254109,2021,6,Dubai International Cricket Stadium,2021-10-03,Indian Premier League,49.0,male,T20,T20,20,2021,club,Dubai International Cricket Stadium,Kolkata Knight Riders,Kolkata Knight Riders,Punjab Kings,bat,Punjab Kings,,6.0,win,1580.0
1254110,2021,6,Dubai International Cricket Stadium,2021-10-04,Indian Premier League,50.0,male,T20,T20,20,2021,club,Dubai International Cricket Stadium,Delhi Capitals,Chennai Super Kings,Delhi Capitals,field,Delhi Capitals,,3.0,win,70.0
1254111,2021,6,Dubai International Cricket Stadium,2021-09-21,Indian Premier League,32.0,male,T20,T20,20,2021,club,Dubai International Cricket Stadium,Punjab Kings,Rajasthan Royals,Punjab Kings,field,Rajasthan Royals,2.0,,win,4212.0
1254112,2021,6,Sharjah Cricket Stadium,2021-10-02,Indian Premier League,46.0,male,T20,T20,20,2021,club,Sharjah Cricket Stadium,Delhi Capitals,Chennai Super Kings,Delhi Capitals,field,Delhi Capitals,,4.0,win,70.0
1254113,2021,6,Sharjah Cricket Stadium,2021-09-24,Indian Premier League,35.0,male,T20,T20,20,2021,club,Sharjah Cricket Stadium,Chennai Super Kings,Royal Challengers Bengaluru,Chennai Super Kings,field,Chennai Super Kings,,6.0,win,1393.0
1254114,2021,6,Dubai International Cricket Stadium,2021-10-10,Indian Premier League,,male,T20,T20,20,2021,club,Dubai International Cricket Stadium,Chennai Super Kings,Delhi Capitals,Chennai Super Kings,field,Chennai Super Kings,,4.0,win,4119.0
1254115,2021,6,Sharjah Cricket Stadium,2021-10-11,Indian Premier League,,male,T20,T20,20,2021,club,Sharjah Cricket Stadium,Royal Challengers Bengaluru,Royal Challengers Bengaluru,Punjab Kings,bat,Punjab Kings,,4.0,win,65.0
1254116,2021,6,Sharjah Cricket Stadium,2021-10-13,Indian Premier League,,male,T20,T20,20,2021,club,Sharjah Cricket Stadium,Punjab Kings,Delhi Capitals,Punjab Kings,field,Punjab Kings,,3.0,win,5986.0
1254117,2021,6,Dubai International Cricket Stadium,2021-10-15,Indian Premier League,,male,T20,T20,20,2021,club,Dubai International Cricket Stadium,Punjab Kings,Chennai Super Kings,Punjab Kings,field,Chennai Super Kings,27.0,,win,267.0
1304047,2022,6,"Wankhede Stadium, Mumbai",2022-03-26,Indian Premier League,1.0,male,T20,T20,20,2022,club,"Wankhede Stadium, Mumbai",Punjab Kings,Chennai Super Kings,Punjab Kings,field,Punjab Kings,,6.0,win,318.0
1304048,2022,6,"Brabourne Stadium, Mumbai",2022-03-27,Indian Premier League,2.0,male,T20,T20,20,2022,club,"Brabourne Stadium, Mumbai",Delhi Capitals,Chennai Super Kings,Delhi Capitals,field,Delhi Capitals,,4.0,win,64.0
1304049,2022,6,"Dr DY Patil Sports Academy, Mumbai",2022-03-27,Indian Premier League,3.0,male,T20,T20,20,2022,club,"Dr DY Patil Sports Academy, Mumbai",Punjab Kings,Royal Challengers Bengaluru,Punjab Kings,field,Punjab Kings,,5.0,win,6717.0
1304050,2022,6,"Wankhede Stadium, Mumbai",2022-03-28,Indian Premier League,4.0,male,T20,T20,20,2022,club,"Wankhede Stadium, Mumbai",Gujarat Titans,Lucknow Super Giants,Gujarat Titans,field,Gujarat Titans,,5.0,win,460.0
1304051,2022,6,"Maharashtra Cricket Association Stadium, Pune",2022-03-29,Indian Premier League,5.0,male,T20,T20,20,2022,club,"Maharashtra Cricket Association Stadium, Pune",Kolkata Knight Riders,Rajasthan Royals,Kolkata Knight Riders,field,Rajasthan Royals,61.0,,win,180.0
1304052,2022,6,"Dr DY Patil Sports Academy, Mumbai",2022-03-30,Indian Premier League,6.0,male,T20,T20,20,2022,club,"Dr DY Patil Sports Academy, Mumbai",Royal Challengers Bengaluru,Punjab Kings,Royal Challengers Bengaluru,field,Royal Challengers Bengaluru,,3.0,win,5980.0
1304053,2022,6,"Brabourne Stadium, Mumbai",2022-03-31,Indian Premier League,7.0,male,T20,T20,20,2022,club,"Brabourne Stadium, Mumbai",Lucknow Super Giants,Chennai Super Kings,Lucknow Super Giants,field,Lucknow Super Giants,,6.0,win,1377.0
1304054,2022,6,"Wankhede Stadium, Mumbai",2022-04-01,Indian Premier League,8.0,male,T20,T20,20,2022,club,"Wankhede Stadium, Mumbai",Punjab Kings,Punjab Kings,Punjab Kings,field,Punjab Kings,,6.0,win,318.0
1304055,2022,6,"Dr DY Patil Sports Academy, Mumbai",2022-04-02,Indian Premier League,9.0,male,T20,T20,20,2022,club,"Dr DY Patil Sports Academy, Mumbai",Chennai Super Kings,Rajasthan Royals,Chennai Super Kings,field,Rajasthan Royals,23.0,,win,24.0
1304056,2022,6,"Maharashtra Cricket Association Stadium, Pune",2022-04-02,Indian Premier League,10.0,male,T20,T20,20,2022,club,"Maharashtra Cricket Association Stadium, Pune",Delhi Capitals,Gujarat Titans,Delhi Capitals,field,Gujarat Titans,14.0,,win,361.0
1304057,2022,6,"Brabourne Stadium, Mumbai",2022-04-03,Indian Premier League,11.0,male,T20,T20,20,2022,club,"Brabourne Stadium, Mumbai",Chennai Super Kings,Punjab Kings,Chennai Super Kings,field,Punjab Kings,54.0,,win,3284.0
1304058,2022,6,"Dr DY Patil Sports Academy, Mumbai",2022-04-04,Indian Premier League,12.0,male,T20,T20,20,2022,club,"Dr DY Patil Sports Academy, Mumbai",Kolkata Knight Riders,Lucknow Super Giants,Kolkata Knight Riders,field,Lucknow Super Giants,12.0,,win,1286.0
1304059,2022,6,"Wankhede Stadium, Mumbai",2022-04-05,Indian Premier League,13.0,male,T20,T20,20,2022,club,"Wankhede Stadium, Mumbai",Royal Challengers Bengaluru,Rajasthan Royals,Royal Challengers Bengaluru,field,Royal Challengers Bengaluru,,4.0,win,49.0
1304060,2022,6,"Maharashtra Cricket Association Stadium, Pune",2022-04-06,Indian Premier League,14.0,male,T20,T20,20,2022,club,"Maharashtra Cricket Association Stadium, Pune",Punjab Kings,Chennai Super Kings,Punjab Kings,field,Punjab Kings,,5.0,win,184.0
1304061,2022,6,"Dr DY Patil Sports Academy, Mumbai",2022-04-07,Indian Premier League,15.0,male,T20,T20,20,2022,club,"Dr DY Patil Sports Academy, Mumbai",Lucknow Super Giants,Delhi Capitals,Lucknow Super Giants,field,Lucknow Super Giants,,6.0,win,1421.0
1304062,2022,6,"Brabourne Stadium, Mumbai",2022-04-08,Indian Premier League,16.0,male,T20,T20,20,2022,club,"Brabourne Stadium, Mumbai",Gujarat Titans,Punjab Kings,Gujarat Titans,field,Gujarat Titans,,6.0,win,1580.0
1304063,2022,6,"Dr DY Patil Sports Academy, Mumbai",2022-04-09,Indian Premier League,17.0,male,T20,T20,20,2022,club,"Dr DY Patil Sports Academy, Mumbai",Kolkata Knight Riders,Chennai Super Kings,Kolkata Knight Riders,field,Kolkata Knight Riders,,8.0,win,2349.0
1304064,2022,6,"Maharashtra Cricket Association Stadium, Pune",2022-04-09,Indian Premier League,18.0,male,T20,T20,20,2022,club,"Maharashtra Cricket Association Stadium, Pune",Royal Challengers Bengaluru,Chennai Super Kings,Royal Challengers Bengaluru,field,Royal Challengers Bengaluru,,7.0,win,5935.0
1304065,2022,6,"Brabourne Stadium, Mumbai",2022-04-10,Indian Premier League,19.0,male,T20,T20,20,2022,club,"Brabourne Stadium, Mumbai",Punjab Kings,Delhi Capitals,Punjab Kings,field,Delhi Capitals,44.0,,win,64.0
1304066,2022,6,"Wankhede Stadium, Mumbai",2022-04-10,Indian Premier League,20.0,male,T20,T20,20,2022,club,"Wankhede Stadium, Mumbai",Lucknow Super Giants,Rajasthan Royals,Lucknow Super Giants,field,Rajasthan Royals,3.0,,win,10.0
1304067,2022,6,"Dr DY Patil Sports Academy, Mumbai",2022-04-11,Indian Premier League,21.0,male,T20,T20,20,2022,club,"Dr DY Patil Sports Academy, Mumbai",Kolkata Knight Riders,Gujarat Titans,Kolkata Knight Riders,field,Kolkata Knight Riders,,8.0,win,531.0
1304068,2022,6,"Dr DY Patil Sports Academy, Mumbai",2022-04-12,Indian Premier League,22.0,male,T20,T20,20,2022,club,"Dr DY Patil Sports Academy, Mumbai",Royal Challengers Bengaluru,Chennai Super Kings,Royal Challengers Bengaluru,field,Chennai Super Kings,23.0,,win,2701.0
1304069,2022,6,"Maharashtra Cricket Association Stadium, Pune",2022-04-13,Indian Premier League,23.0,male,T20,T20,20,2022,club,"Maharashtra Cricket Association Stadium, Pune",Chennai Super Kings,Punjab Kings,Chennai Super Kings,field,Punjab Kings,12.0,,win,35.0
1304070,2022,6,"Dr DY Patil Sports Academy, Mumbai",2022-04-14,Indian Premier League,24.0,male,T20,T20,20,2022,club,"Dr DY Patil Sports Academy, Mumbai",Rajasthan Royals,Gujarat Titans,Rajasthan Royals,field,Gujarat Titans,37.0,,win,30.0
1304071,2022,6,"Brabourne Stadium, Mumbai",2022-04-15,Indian Premier League,25.0,male,T20,T20,20,2022,club,"Brabourne Stadium, Mumbai",Kolkata Knight Riders,Punjab Kings,Kolkata Knight Riders,field,Kolkata Knight Riders,,7.0,win,268.0
1304072,2022,6,"Brabourne Stadium, Mumbai",2022-04-16,Indian Premier League,26.0,male,T20,T20,20,2022,club,"Brabourne Stadium, Mumbai",Chennai Super Kings,Lucknow Super Giants,Chennai Super Kings,field,Lucknow Super Giants,18.0,,win,1409.0
1304073,2022,6,"Wankhede Stadium, Mumbai",2022-04-16,Indian Premier League,27.0,male,T20,T20,20,2022,club,"Wankhede Stadium, Mumbai",Delhi Capitals,Royal Challengers Bengaluru,Delhi Capitals,field,Royal Challengers Bengaluru,16.0,,win,49.0
1304074,2022,6,"Dr DY Patil Sports Academy, Mumbai",2022-04-17,Indian Premier League,28.0,male,T20,T20,20,2022,club,"Dr DY Patil Sports Academy, Mumbai",Kolkata Knight Riders,Punjab Kings,Kolkata Knight Riders,field,Kolkata Knight Riders,,7.0,win,6017.0
1304075,2022,6,"Maharashtra Cricket Association Stadium, Pune",2022-04-17,Indian Premier League,29.0,male,T20,T20,20,2022,club,"Maharashtra Cricket Association Stadium, Pune",Gujarat Titans,Chennai Super Kings,Gujarat Titans,field,Gujarat Titans,,3.0,win,72.0
1304076,2022,6,"Brabourne Stadium, Mumbai",2022-04-18,Indian Premier League,30.0,male,T20,T20,20,2022,club,"Brabourne Stadium, Mumbai",Punjab Kings,Rajasthan Royals,Punjab Kings,field,Rajasthan Royals,7.0,,win,10.0
1304077,2022,6,"Dr DY Patil Sports Academy, Mumbai",2022-04-19,Indian Premier League,31.0,male,T20,T20,20,2022,club,"Dr DY Patil Sports Academy, Mumbai",Lucknow Super Giants,Royal Challengers Bengaluru,Lucknow Super Giants,field,Royal Challengers Bengaluru,18.0,,win,267.0
1304078,2022,6,"Brabourne Stadium, Mumbai",2022-04-20,Indian Premier League,32.0,male,T20,T20,20,2022,club,"Brabourne Stadium, Mumbai",Delhi Capitals,Punjab Kings,Delhi Capitals,field,Delhi Capitals,,9.0,win,64.0
1304079,2022,6,"Dr DY Patil Sports Academy, Mumbai",2022-04-21,Indian Premier League,33.0,male,T20,T20,20,2022,club,"Dr DY Patil Sports Academy, Mumbai",Chennai Super Kings,Chennai Super Kings,Chennai Super Kings,field,Chennai Super Kings,,3.0,win,6798.0
1304080,2022,6,"Wankhede Stadium, Mumbai",2022-04-22,Indian Premier League,34.0,male,T20,T20,20,2022,club,"Wankhede Stadium, Mumbai",Delhi Capitals,Rajasthan Royals,Delhi Capitals,field,Rajasthan Royals,15.0,,win,24.0
1304081,2022,6,"Dr DY Patil Sports Academy, Mumbai",2022-04-23,Indian Premier League,35.0,male,T20,T20,20,2022,club,"Dr DY Patil Sports Academy, Mumbai",Gujarat Titans,Gujarat Titans,Punjab Kings,bat,Gujarat Titans,8.0,,win,22.0
1304082,2022,6,"Brabourne Stadium, Mumbai",2022-04-23,Indian Premier League,36.0,male,T20,T20,20,2022,club,"Brabourne Stadium, Mumbai",Kolkata Knight Riders,Royal Challengers Bengaluru,Kolkata Knight Riders,field,Kolkata Knight Riders,,9.0,win,5343.0
1304083,2022,6,"Wankhede Stadium, Mumbai",2022-04-24,Indian Premier League,37.0,male,T20,T20,20,2022,club,"Wankhede Stadium, Mumbai",Chennai Super Kings,Lucknow Super Giants,Chennai Super Kings,field,Lucknow Super Giants,36.0,,win,1409.0
1304084,2022,6,"Wankhede Stadium, Mumbai",2022-04-25,Indian Premier League,38.0,male,T20,T20,20,2022,club,"Wankhede Stadium, Mumbai",Chennai Super Kings,Punjab Kings,Chennai Super Kings,field,Punjab Kings,11.0,,win,13.0
1304085,2022,6,"Maharashtra Cricket Association Stadium, Pune",2022-04-26,Indian Premier League,39.0,male,T20,T20,20,2022,club,"Maharashtra Cricket Association Stadium, Pune",Royal Challengers Bengaluru,Rajasthan Royals,Royal Challengers Bengaluru,field,Rajasthan Royals,29.0,,win,3230.0
1304086,2022,6,"Wankhede Stadium, Mumbai",2022-04-27,Indian Premier League,40.0,male,T20,T20,20,2022,club,"Wankhede Stadium, Mumbai",Gujarat Titans,Kolkata Knight Riders,Gujarat Titans,field,Gujarat Titans,,5.0,win,6017.0
1304087,2022,6,"Wankhede Stadium, Mumbai",2022-04-28,Indian Premier League,41.0,male,T20,T20,20,2022,club,"Wankhede Stadium, Mumbai",Delhi Capitals,Punjab Kings,Delhi Capitals,field,Delhi Capitals,,4.0,win,64.0
1304088,2022,6,"Maharashtra Cricket Association Stadium, Pune",2022-04-29,Indian Premier League,42.0,male,T20,T20,20,2022,club,"Maharashtra Cricket Association Stadium, Pune",Punjab Kings,Lucknow Super Giants,Punjab Kings,field,Lucknow Super Giants,20.0,,win,28.0
1304089,2022,6,"Brabourne Stadium, Mumbai",2022-04-30,Indian Premier League,43.0,male,T20,T20,20,2022,club,"Brabourne Stadium, Mumbai",Royal Challengers Bengaluru,Royal Challengers Bengaluru,Gujarat Titans,bat,Gujarat Titans,,6.0,win,1119.0
1304090,2022,6,"Dr DY Patil Sports Academy, Mumbai",2022-04-30,Indian Premier League,44.0,male,T20,T20,20,2022,club,"Dr DY Patil Sports Academy, Mumbai",Chennai Super Kings,Rajasthan Royals,Chennai Super Kings,field,Chennai Super Kings,,5.0,win,61.0
1304091,2022,6,"Wankhede Stadium, Mumbai",2022-05-01,Indian Premier League,45.0,male,T20,T20,20,2022,club,"Wankhede Stadium, Mumbai",Lucknow Super Giants,Lucknow Super Giants,Delhi Capitals,bat,Lucknow Super Giants,6.0,,win,6730.0
1304092,2022,6,"Maharashtra Cricket Association Stadium, Pune",2022-05-01,Indian Premier League,46.0,male,T20,T20,20,2022,club,"Maharashtra Cricket Association Stadium, Pune",Kolkata Knight Riders,Chennai Super Kings,Kolkata Knight Riders,field,Chennai Super Kings,13.0,,win,4119.0
1304093,2022,6,"Wankhede Stadium, Mumbai",2022-05-02,Indian Premier League,47.0,male,T20,T20,20,2022,club,"Wankhede Stadium, Mumbai",Punjab Kings,Rajasthan Royals,Punjab Kings,field,Punjab Kings,,7.0,win,1436.0
1304094,2022,6,"Dr DY Patil Sports Academy, Mumbai",2022-05-03,Indian Premier League,48.0,male,T20,T20,20,2022,club,"Dr DY Patil Sports Academy, Mumbai",Gujarat Titans,Gujarat Titans,Punjab Kings,bat,Punjab Kings,,8.0,win,590.0
1304095,2022,6,"Maharashtra Cricket Association Stadium, Pune",2022-05-04,Indian Premier League,49.0,male,T20,T20,20,2022,club,"Maharashtra Cricket Association Stadium, Pune",Chennai Super Kings,Royal Challengers Bengaluru,Chennai Super Kings,field,Royal Challengers Bengaluru,13.0,,win,1285.0
1304096,2022,6,"Brabourne Stadium, Mumbai",2022-05-05,Indian Premier League,50.0,male,T20,T20,20,2022,club,"Brabourne Stadium, Mumbai",Kolkata Knight Riders,Delhi Capitals,Kolkata Knight Riders,field,Delhi Capitals,21.0,,win,12.0
1304097,2022,6,"Brabourne Stadium, Mumbai",2022-05-06,Indian Premier League,51.0,male,T20,T20,20,2022,club,"Brabourne Stadium, Mumbai",Gujarat Titans,Chennai Super Kings,Gujarat Titans,field,Chennai Super Kings,5.0,,win,6550.0
1304098,2022,6,"Wankhede Stadium, Mumbai",2022-05-07,Indian Premier League,52.0,male,T20,T20,20,2022,club,"Wankhede Stadium, Mumbai",Punjab Kings,Punjab Kings,Rajasthan Royals,bat,Rajasthan Royals,,6.0,win,4104.0
1304099,2022,6,"Maharashtra Cricket Association Stadium, Pune",2022-05-07,Indian Premier League,53.0,male,T20,T20,20,2022,club,"Maharashtra Cricket Association Stadium, Pune",Punjab Kings,Lucknow Super Giants,Punjab Kings,field,Lucknow Super Giants,75.0,,win,1286.0
1304100,2022,6,"Wankhede Stadium, Mumbai",2022-05-08,Indian Premier League,54.0,male,T20,T20,20,2022,club,"Wankhede Stadium, Mumbai",Royal Challengers Bengaluru,Royal Challengers Bengaluru,Kolkata Knight Riders,bat,Royal Challengers Bengaluru,67.0,,win,5980.0
1304101,2022,6,"Dr DY Patil Sports Academy, Mumbai",2022-05-08,Indian Premier League,55.0,male,T20,T20,20,2022,club,"Dr DY Patil Sports Academy, Mumbai",Delhi Capitals,Chennai Super Kings,Delhi Capitals,field,Chennai Super Kings,91.0,,win,6657.0
1304102,2022,6,"Dr DY Patil Sports Academy, Mumbai",2022-05-09,Indian Premier League,56.0,male,T20,T20,20,2022,club,"Dr DY Patil Sports Academy, Mumbai",Chennai Super Kings,Punjab Kings,Chennai Super Kings,field,Punjab Kings,52.0,,win,33.0
1304103,2022,6,"Maharashtra Cricket Association Stadium, Pune",2022-05-10,Indian Premier League,57.0,male,T20,T20,20,2022,club,"Maharashtra Cricket Association Stadium, Pune",Gujarat Titans,Gujarat Titans,Lucknow Super Giants,bat,Gujarat Titans,62.0,,win,1580.0
1304104,2022,6,"Dr DY Patil Sports Academy, Mumbai",2022-05-11,Indian Premier League,58.0,male,T20,T20,20,2022,club,"Dr DY Patil Sports Academy, Mumbai",Delhi Capitals,Rajasthan Royals,Delhi Capitals,field,Delhi Capitals,,8.0,win,4960.0
1304105,2022,6,"Wankhede Stadium, Mumbai",2022-05-12,Indian Premier League,59.0,male,T20,T20,20,2022,club,"Wankhede Stadium, Mumbai",Chennai Super Kings,Chennai Super Kings,Chennai Super Kings,field,Chennai Super Kings,,5.0,win,4320.0
1304106,2022,6,"Brabourne Stadium, Mumbai",2022-05-13,Indian Premier League,60.0,male,T20,T20,20,2022,club,"Brabourne Stadium, Mumbai",Royal Challengers Bengaluru,Punjab Kings,Royal Challengers Bengaluru,field,Punjab Kings,54.0,,win,2719.0
1304107,2022,6,"Maharashtra Cricket Association Stadium, Pune",2022-05-14,Indian Premier League,61.0,male,T20,T20,20,2022,club,"Maharashtra Cricket Association Stadium, Pune",Punjab Kings,Punjab Kings,Kolkata Knight Riders,bat,Punjab Kings,54.0,,win,1437.0
1304108,2022,6,"Wankhede Stadium, Mumbai",2022-05-15,Indian Premier League,62.0,male,T20,T20,20,2022,club,"Wankhede Stadium, Mumbai",Chennai Super Kings,Chennai Super Kings,Gujarat Titans,bat,Gujarat Titans,,7.0,win,69.0
1304109,2022,6,"Brabourne Stadium, Mumbai",2022-05-15,Indian Premier League,63.0,male,T20,T20,20,2022,club,"Brabourne Stadium, Mumbai",Rajasthan Royals,Rajasthan Royals,Lucknow Super Giants,bat,Rajasthan Royals,24.0,,win,66.0
1304110,2022,6,"Dr DY Patil Sports Academy, Mumbai",2022-05-16,Indian Premier League,64.0,male,T20,T20,20,2022,club,"Dr DY Patil Sports Academy, Mumbai",Punjab Kings,Delhi Capitals,Punjab Kings,field,Delhi Capitals,17.0,,win,360.0
1304111,2022,6,"Wankhede Stadium, Mumbai",2022-05-17,Indian Premier League,65.0,male,T20,T20,20,2022,club,"Wankhede Stadium, Mumbai",Chennai Super Kings,Kolkata Knight Riders,Chennai Super Kings,field,Kolkata Knight Riders,3.0,,win,268.0
1304112,2022,6,"Dr DY Patil Sports Academy, Mumbai",2022-05-18,Indian Premier League,66.0,male,T20,T20,20,2022,club,"Dr DY Patil Sports Academy, Mumbai",Lucknow Super Giants,Lucknow Super Giants,Punjab Kings,bat,Lucknow Super Giants,2.0,,win,1421.0
1304113,2022,6,"Wankhede Stadium, Mumbai",2022-05-19,Indian Premier League,67.0,male,T20,T20,20,2022,club,"Wankhede Stadium, Mumbai",Gujarat Titans,Gujarat Titans,Royal Challengers Bengaluru,bat,Royal Challengers Bengaluru,,8.0,win,332.0
1304114,2022,6,"Brabourne Stadium, Mumbai",2022-05-20,Indian Premier League,68.0,male,T20,T20,20,2022,club,"Brabourne Stadium, Mumbai",Chennai Super Kings,Chennai Super Kings,Rajasthan Royals,bat,Rajasthan Royals,,5.0,win,1416.0
1304115,2022,6,"Wankhede Stadium, Mumbai",2022-05-21,Indian Premier League,69.0,male,T20,T20,20,2022,club,"Wankhede Stadium, Mumbai",Chennai Super Kings,Delhi Capitals,Chennai Super Kings,field,Chennai Super Kings,,5.0,win,33.0
1304116,2022,6,"Wankhede Stadium, Mumbai",2022-05-22,Indian Premier League,70.0,male,T20,T20,20,2022,club,"Wankhede Stadium, Mumbai",Kolkata Knight Riders,Kolkata Knight Riders,Punjab Kings,bat,Punjab Kings,,5.0,win,3495.0
1312197,2022,6,"Eden Gardens, Kolkata",2022-05-24,Indian Premier League,,male,T20,T20,20,2022,club,"Eden Gardens, Kolkata",Gujarat Titans,Rajasthan Royals,Gujarat Titans,field,Gujarat Titans,,7.0,win,72.0
1312198,2022,6,"Eden Gardens, Kolkata",2022-05-25,Indian Premier League,,male,T20,T20,20,2022,club,"Eden Gardens, Kolkata",Lucknow Super Giants,Royal Challengers Bengaluru,Lucknow Super Giants,field,Royal Challengers Bengaluru,14.0,,win,5349.0
1312199,2022,6,"Narendra Modi Stadium, Ahmedabad",2022-05-27,Indian Premier League,,male,T20,T20,20,2022,club,"Narendra Modi Stadium, Ahmedabad",Rajasthan Royals,Royal Challengers Bengaluru,Rajasthan Royals,field,Rajasthan Royals,,7.0,win,24.0
1312200,2022,6,"Narendra Modi Stadium, Ahmedabad",2022-05-29,Indian Premier League,,male,T20,T20,20,2022,club,"Narendra Modi Stadium, Ahmedabad",Rajasthan Royals,Rajasthan Royals,Gujarat Titans,bat,Gujarat Titans,,7.0,win,30.0
1359475,2023,6,"Narendra Modi Stadium, Ahmedabad",2023-03-31,Indian Premier League,1.0,male,T20,T20,20,2023,club,"Narendra Modi Stadium, Ahmedabad",Gujarat Titans,Chennai Super Kings,Gujarat Titans,field,Gujarat Titans,,5.0,win,22.0
1359476,2023,6,"Punjab Cricket Association IS Bindra Stadium, Mohali, Chandigarh",2023-04-01,Indian Premier League,2.0,male,T20,T20,20,2023,club,"Punjab Cricket Association IS Bindra Stadium, Mohali, Chandigarh",Punjab Kings,Punjab Kings,Punjab Kings,field,Punjab Kings,7.0,,win,3388.0
1359477,2023,6,"Bharat Ratna Shri Atal Bihari Vajpayee Ekana Cricket Stadium, Lucknow",2023-04-01,Indian Premier League,3.0,male,T20,T20,20,2023,club,"Bharat Ratna Shri Atal Bihari Vajpayee Ekana Cricket Stadium, Lucknow",Delhi Capitals,Lucknow Super Giants,Delhi Capitals,field,Lucknow Super Giants,50.0,,win,1396.0
1359478,2023,6,"Rajiv Gandhi International Stadium, Uppal, Hyderabad",2023-04-02,Indian Premier League,4.0,male,T20,T20,20,2023,club,"Rajiv Gandhi International Stadium, Uppal, Hyderabad",Kolkata Knight Riders,Rajasthan Royals,Kolkata Knight Riders,field,Rajasthan Royals,72.0,,win,24.0
1359479,2023,6,"M Chinnaswamy Stadium, Bengaluru",2023-04-02,Indian Premier League,5.0,male,T20,T20,20,2023,club,"M Chinnaswamy Stadium, Bengaluru",Royal Challengers Bengaluru,Chennai Super Kings,Royal Challengers Bengaluru,field,Royal Challengers Bengaluru,,8.0,win,267.0
1359480,2023,6,"MA Chidambaram Stadium, Chepauk, Chennai",2023-04-03,Indian Premier League,6.0,male,T20,T20,20,2023,club,"MA Chidambaram Stadium, Chepauk, Chennai",Lucknow Super Giants,Chennai Super Kings,Lucknow Super Giants,field,Chennai Super Kings,12.0,,win,2227.0
1359481,2023,6,"Arun Jaitley Stadium, Delhi",2023-04-04,Indian Premier League,7.0,male,T20,T20,20,2023,club,"Arun Jaitley Stadium, Delhi",Gujarat Titans,Delhi Capitals,Gujarat Titans,field,Gujarat Titans,,6.0,win,6999.0
1359482,2023,6,"Barsapara Cricket Stadium, Guwahati",2023-04-05,Indian Premier League,8.0,male,T20,T20,20,2023,club,"Barsapara Cricket Stadium, Guwahati",Rajasthan Royals,Punjab Kings,Rajasthan Royals,field,Punjab Kings,5.0,,win,6245.0
1359483,2023,6,"Eden Gardens, Kolkata",2023-04-06,Indian Premier League,9.0,male,T20,T20,20,2023,club,"Eden Gardens, Kolkata",Royal Challengers Bengaluru,Punjab Kings,Royal Challengers Bengaluru,field,Punjab Kings,81.0,,win,360.0
1359484,2023,6,"Bharat Ratna Shri Atal Bihari Vajpayee Ekana Cricket Stadium, Lucknow",2023-04-07,Indian Premier League,10.0,male,T20,T20,20,2023,club,"Bharat Ratna Shri Atal Bihari Vajpayee Ekana Cricket Stadium, Lucknow",Kolkata Knight Riders,Kolkata Knight Riders,Lucknow Super Giants,bat,Lucknow Super Giants,,5.0,win,28.0
1359485,2023,6,"Barsapara Cricket Stadium, Guwahati",2023-04-08,Indian Premier League,11.0,male,T20,T20,20,2023,club,"Barsapara Cricket Stadium, Guwahati",Delhi Capitals,Rajasthan Royals,Delhi Capitals,field,Rajasthan Royals,57.0,,win,4104.0
1359486,2023,6,"Wankhede Stadium, Mumbai",2023-04-08,Indian Premier League,12.0,male,T20,T20,20,2023,club,"Wankhede Stadium, Mumbai",Chennai Super Kings,Chennai Super Kings,Chennai Super Kings,field,Chennai Super Kings,,7.0,win,348.0
1359487,2023,6,"Narendra Modi Stadium, Ahmedabad",2023-04-09,Indian Premier League,13.0,male,T20,T20,20,2023,club,"Narendra Modi Stadium, Ahmedabad",Gujarat Titans,Gujarat Titans,Punjab Kings,bat,Punjab Kings,,3.0,win,1436.0
1359488,2023,6,"Rajiv Gandhi International Stadium, Uppal, Hyderabad",2023-04-09,Indian Premier League,14.0,male,T20,T20,20,2023,club,"Rajiv Gandhi International Stadium, Uppal, Hyderabad",Kolkata Knight Riders,Punjab Kings,Kolkata Knight Riders,field,Kolkata Knight Riders,,8.0,win,13.0
1359489,2023,6,"M Chinnaswamy Stadium, Bengaluru",2023-04-10,Indian Premier League,15.0,male,T20,T20,20,2023,club,"M Chinnaswamy Stadium, Bengaluru",Lucknow Super Giants,Royal Challengers Bengaluru,Lucknow Super Giants,field,Lucknow Super Giants,,1.0,win,2766.0
1359490,2023,6,"Arun Jaitley Stadium, Delhi",2023-04-11,Indian Premier League,16.0,male,T20,T20,20,2023,club,"Arun Jaitley Stadium, Delhi",Chennai Super Kings,Delhi Capitals,Chennai Super Kings,field,Chennai Super Kings,,6.0,win,25.0
1359491,2023,6,"MA Chidambaram Stadium, Chepauk, Chennai",2023-04-12,Indian Premier League,17.0,male,T20,T20,20,2023,club,"MA Chidambaram Stadium, Chepauk, Chennai",Chennai Super Kings,Rajasthan Royals,Chennai Super Kings,field,Rajasthan Royals,3.0,,win,1416.0
1359492,2023,6,"Punjab Cricket Association IS Bindra Stadium, Mohali, Chandigarh",2023-04-13,Indian Premier League,18.0,male,T20,T20,20,2023,club,"Punjab Cricket Association IS Bindra Stadium, Mohali, Chandigarh",Gujarat Titans,Punjab Kings,Gujarat Titans,field,Gujarat Titans,,6.0,win,75.0
1359493,2023,6,"Eden Gardens, Kolkata",2023-04-14,Indian Premier League,19.0,male,T20,T20,20,2023,club,"Eden Gardens, Kolkata",Punjab Kings,Kolkata Knight Riders,Punjab Kings,field,Kolkata Knight Riders,23.0,,win,8372.0
1359494,2023,6,"M Chinnaswamy Stadium, Bengaluru",2023-04-15,Indian Premier League,20.0,male,T20,T20,20,2023,club,"M Chinnaswamy Stadium, Bengaluru",Delhi Capitals,Royal Challengers Bengaluru,Delhi Capitals,field,Royal Challengers Bengaluru,23.0,,win,332.0
1359495,2023,6,"Bharat Ratna Shri Atal Bihari Vajpayee Ekana Cricket Stadium, Lucknow",2023-04-15,Indian Premier League,21.0,male,T20,T20,20,2023,club,"Bharat Ratna Shri Atal Bihari Vajpayee Ekana Cricket Stadium, Lucknow",Punjab Kings,Lucknow Super Giants,Punjab Kings,field,Punjab Kings,,2.0,win,8312.0
1359496,2023,6,"Wankhede Stadium, Mumbai",2023-04-16,Indian Premier League,22.0,male,T20,T20,20,2023,club,"Wankhede Stadium, Mumbai",Chennai Super Kings,Punjab Kings,Chennai Super Kings,field,Chennai Super Kings,,5.0,win,5986.0
1359497,2023,6,"Narendra Modi Stadium, Ahmedabad",2023-04-16,Indian Premier League,23.0,male,T20,T20,20,2023,club,"Narendra Modi Stadium, Ahmedabad",Rajasthan Royals,Gujarat Titans,Rajasthan Royals,field,Rajasthan Royals,,3.0,win,2700.0
1359498,2023,6,"M Chinnaswamy Stadium, Bengaluru",2023-04-17,Indian Premier League,24.0,male,T20,T20,20,2023,club,"M Chinnaswamy Stadium, Bengaluru",Royal Challengers Bengaluru,Chennai Super Kings,Royal Challengers Bengaluru,field,Chennai Super Kings,8.0,,win,6657.0
1359499,2023,6,"Rajiv Gandhi International Stadium, Uppal, Hyderabad",2023-04-18,Indian Premier League,25.0,male,T20,T20,20,2023,club,"Rajiv Gandhi International Stadium, Uppal, Hyderabad",Kolkata Knight Riders,Chennai Super Kings,Kolkata Knight Riders,field,Chennai Super Kings,14.0,,win,8383.0
1359500,2023,6,"Sawai Mansingh Stadium, Jaipur",2023-04-19,Indian Premier League,26.0,male,T20,T20,20,2023,club,"Sawai Mansingh Stadium, Jaipur",Rajasthan Royals,Lucknow Super Giants,Rajasthan Royals,field,Lucknow Super Giants,10.0,,win,73.0
1359501,2023,6,"Punjab Cricket Association IS Bindra Stadium, Mohali, Chandigarh",2023-04-20,Indian Premier League,27.0,male,T20,T20,20,2023,club,"Punjab Cricket Association IS Bindra Stadium, Mohali, Chandigarh",Punjab Kings,Royal Challengers Bengaluru,Punjab Kings,field,Royal Challengers Bengaluru,24.0,,win,538.0
1359502,2023,6,"Arun Jaitley Stadium, Delhi",2023-04-20,Indian Premier League,28.0,male,T20,T20,20,2023,club,"Arun Jaitley Stadium, Delhi",Delhi Capitals,Punjab Kings,Delhi Capitals,field,Delhi Capitals,,4.0,win,308.0
1359503,2023,6,"MA Chidambaram Stadium, Chepauk, Chennai",2023-04-21,Indian Premier League,29.0,male,T20,T20,20,2023,club,"MA Chidambaram Stadium, Chepauk, Chennai",Chennai Super Kings,Kolkata Knight Riders,Chennai Super Kings,field,Chennai Super Kings,,7.0,win,348.0
1359504,2023,6,"Bharat Ratna Shri Atal Bihari Vajpayee Ekana Cricket Stadium, Lucknow",2023-04-22,Indian Premier League,30.0,male,T20,T20,20,2023,club,"Bharat Ratna Shri Atal Bihari Vajpayee Ekana Cricket Stadium, Lucknow",Gujarat Titans,Gujarat Titans,Lucknow Super Giants,bat,Gujarat Titans,7.0,,win,75.0
1359505,2023,6,"Wankhede Stadium, Mumbai",2023-04-22,Indian Premier League,31.0,male,T20,T20,20,2023,club,"Wankhede Stadium, Mumbai",Chennai Super Kings,Punjab Kings,Chennai Super Kings,field,Punjab Kings,13.0,,win,2768.0
1359506,2023,6,"M Chinnaswamy Stadium, Bengaluru",2023-04-23,Indian Premier League,32.0,male,T20,T20,20,2023,club,"M Chinnaswamy Stadium, Bengaluru",Rajasthan Royals,Royal Challengers Bengaluru,Rajasthan Royals,field,Royal Challengers Bengaluru,7.0,,win,71.0
1359507,2023,6,"Eden Gardens, Kolkata",2023-04-23,Indian Premier League,33.0,male,T20,T20,20,2023,club,"Eden Gardens, Kolkata",Punjab Kings,Chennai Super Kings,Punjab Kings,field,Chennai Super Kings,49.0,,win,34.0
1359508,2023,6,"Rajiv Gandhi International Stadium, Uppal, Hyderabad",2023-04-24,Indian Premier League,34.0,male,T20,T20,20,2023,club,"Rajiv Gandhi International Stadium, Uppal, Hyderabad",Delhi Capitals,Delhi Capitals,Kolkata Knight Riders,bat,Delhi Capitals,7.0,,win,70.0
1359509,2023,6,"Narendra Modi Stadium, Ahmedabad",2023-04-25,Indian Premier League,35.0,male,T20,T20,20,2023,club,"Narendra Modi Stadium, Ahmedabad",Chennai Super Kings,Gujarat Titans,Chennai Super Kings,field,Gujarat Titans,55.0,,win,6739.0
1359510,2023,6,"M Chinnaswamy Stadium, Bengaluru",2023-04-26,Indian Premier League,36.0,male,T20,T20,20,2023,club,"M Chinnaswamy Stadium, Bengaluru",Royal Challengers Bengaluru,Punjab Kings,Royal Challengers Bengaluru,field,Punjab Kings,21.0,,win,2825.0
1359511,2023,6,"Sawai Mansingh Stadium, Jaipur",2023-04-27,Indian Premier League,37.0,male,T20,T20,20,2023,club,"Sawai Mansingh Stadium, Jaipur",Rajasthan Royals,Rajasthan Royals,Chennai Super Kings,bat,Rajasthan Royals,32.0,,win,4104.0
1359512,2023,6,"Punjab Cricket Association IS Bindra Stadium, Mohali, Chandigarh",2023-04-28,Indian Premier League,38.0,male,T20,T20,20,2023,club,"Punjab Cricket Association IS Bindra Stadium, Mohali, Chandigarh",Punjab Kings,Lucknow Super Giants,Punjab Kings,field,Lucknow Super Giants,56.0,,win,73.0
1359513,2023,6,"Eden Gardens, Kolkata",2023-04-29,Indian Premier League,39.0,male,T20,T20,20,2023,club,"Eden Gardens, Kolkata",Gujarat Titans,Punjab Kings,Gujarat Titans,field,Gujarat Titans,,7.0,win,8305.0
1359514,2023,6,"Arun Jaitley Stadium, Delhi",2023-04-29,Indian Premier League,40.0,male,T20,T20,20,2023,club,"Arun Jaitley Stadium, Delhi",Kolkata Knight Riders,Kolkata Knight Riders,Delhi Capitals,bat,Kolkata Knight Riders,9.0,,win,4960.0
1359515,2023,6,"MA Chidambaram Stadium, Chepauk, Chennai",2023-04-30,Indian Premier League,41.0,male,T20,T20,20,2023,club,"MA Chidambaram Stadium, Chepauk, Chennai",Chennai Super Kings,Chennai Super Kings,Punjab Kings,bat,Punjab Kings,,4.0,win,6657.0
1359516,2023,6,"Wankhede Stadium, Mumbai",2023-04-30,Indian Premier League,42.0,male,T20,T20,20,2023,club,"Wankhede Stadium, Mumbai",Rajasthan Royals,Rajasthan Royals,Chennai Super Kings,bat,Chennai Super Kings,,6.0,win,4104.0
1359517,2023,6,"Bharat Ratna Shri Atal Bihari Vajpayee Ekana Cricket Stadium, Lucknow",2023-05-01,Indian Premier League,43.0,male,T20,T20,20,2023,club,"Bharat Ratna Shri Atal Bihari Vajpayee Ekana Cricket Stadium, Lucknow",Royal Challengers Bengaluru,Royal Challengers Bengaluru,Lucknow Super Giants,bat,Royal Challengers Bengaluru,18.0,,win,267.0
1359518,2023,6,"Narendra Modi Stadium, Ahmedabad",2023-05-02,Indian Premier League,44.0,male,T20,T20,20,2023,club,"Narendra Modi Stadium, Ahmedabad",Delhi Capitals,Delhi Capitals,Gujarat Titans,bat,Delhi Capitals,5.0,,win,460.0
1359519,2023,6,"Bharat Ratna Shri Atal Bihari Vajpayee Ekana Cricket Stadium, Lucknow",2023-05-03,Indian Premier League,45.0,male,T20,T20,20,2023,club,"Bharat Ratna Shri Atal Bihari Vajpayee Ekana Cricket Stadium, Lucknow",Chennai Super Kings,Lucknow Super Giants,Chennai Super Kings,field,Chennai Super Kings,,,no result,
1359520,2023,6,"Punjab Cricket Association IS Bindra Stadium, Mohali, Chandigarh",2023-05-03,Indian Premier League,46.0,male,T20,T20,20,2023,club,"Punjab Cricket Association IS Bindra Stadium, Mohali, Chandigarh",Chennai Super Kings,Punjab Kings,Chennai Super Kings,field,Chennai Super Kings,,6.0,win,347.0
1359521,2023,6,"Rajiv Gandhi International Stadium, Uppal, Hyderabad",2023-05-04,Indian Premier League,47.0,male,T20,T20,20,2023,club,"Rajiv Gandhi International Stadium, Uppal, Hyderabad",Punjab Kings,Punjab Kings,Kolkata Knight Riders,bat,Punjab Kings,5.0,,win,2825.0
1359522,2023,6,"Sawai Mansingh Stadium, Jaipur",2023-05-05,Indian Premier League,48.0,male,T20,T20,20,2023,club,"Sawai Mansingh Stadium, Jaipur",Rajasthan Royals,Rajasthan Royals,Gujarat Titans,bat,Gujarat Titans,,9.0,win,22.0
1359523,2023,6,"MA Chidambaram Stadium, Chepauk, Chennai",2023-05-06,Indian Premier League,49.0,male,T20,T20,20,2023,club,"MA Chidambaram Stadium, Chepauk, Chennai",Chennai Super Kings,Chennai Super Kings,Chennai Super Kings,field,Chennai Super Kings,,6.0,win,8007.0
1359524,2023,6,"Arun Jaitley Stadium, Delhi",2023-05-06,Indian Premier League,50.0,male,T20,T20,20,2023,club,"Arun Jaitley Stadium, Delhi",Royal Challengers Bengaluru,Royal Challengers Bengaluru,Delhi Capitals,bat,Delhi Capitals,,7.0,win,8945.0
1359525,2023,6,"Narendra Modi Stadium, Ahmedabad",2023-05-07,Indian Premier League,51.0,male,T20,T20,20,2023,club,"Narendra Modi Stadium, Ahmedabad",Lucknow Super Giants,Gujarat Titans,Lucknow Super Giants,field,Gujarat Titans,56.0,,win,1580.0
1359526,2023,6,"Sawai Mansingh Stadium, Jaipur",2023-05-07,Indian Premier League,52.0,male,T20,T20,20,2023,club,"Sawai Mansingh Stadium, Jaipur",Rajasthan Royals,Rajasthan Royals,Kolkata Knight Riders,bat,Kolkata Knight Riders,,4.0,win,6033.0
1359527,2023,6,"Eden Gardens, Kolkata",2023-05-08,Indian Premier League,53.0,male,T20,T20,20,2023,club,"Eden Gardens, Kolkata",Punjab Kings,Punjab Kings,Punjab Kings,bat,Punjab Kings,,5.0,win,1437.0
1359528,2023,6,"Wankhede Stadium, Mumbai",2023-05-09,Indian Premier League,54.0,male,T20,T20,20,2023,club,"Wankhede Stadium, Mumbai",Chennai Super Kings,Royal Challengers Bengaluru,Chennai Super Kings,field,Chennai Super Kings,,6.0,win,61.0
1359529,2023,6,"MA Chidambaram Stadium, Chepauk, Chennai",2023-05-10,Indian Premier League,55.0,male,T20,T20,20,2023,club,"MA Chidambaram Stadium, Chepauk, Chennai",Chennai Super Kings,Chennai Super Kings,Delhi Capitals,bat,Chennai Super Kings,27.0,,win,348.0
1359530,2023,6,"Eden Gardens, Kolkata",2023-05-11,Indian Premier League,56.0,male,T20,T20,20,2023,club,"Eden Gardens, Kolkata",Rajasthan Royals,Punjab Kings,Rajasthan Royals,field,Rajasthan Royals,,9.0,win,4104.0
1359531,2023,6,"Wankhede Stadium, Mumbai",2023-05-12,Indian Premier League,57.0,male,T20,T20,20,2023,club,"Wankhede Stadium, Mumbai",Gujarat Titans,Chennai Super Kings,Gujarat Titans,field,Chennai Super Kings,27.0,,win,61.0
1359532,2023,6,"Rajiv Gandhi International Stadium, Uppal, Hyderabad",2023-05-13,Indian Premier League,58.0,male,T20,T20,20,2023,club,"Rajiv Gandhi International Stadium, Uppal, Hyderabad",Kolkata Knight Riders,Kolkata Knight Riders,Lucknow Super Giants,bat,Lucknow Super Giants,,7.0,win,8191.0
1359533,2023,6,"Arun Jaitley Stadium, Delhi",2023-05-13,Indian Premier League,59.0,male,T20,T20,20,2023,club,"Arun Jaitley Stadium, Delhi",Delhi Capitals,Punjab Kings,Delhi Capitals,field,Punjab Kings,31.0,,win,3747.0
1359534,2023,6,"Sawai Mansingh Stadium, Jaipur",2023-05-14,Indian Premier League,60.0,male,T20,T20,20,2023,club,"Sawai Mansingh Stadium, Jaipur",Royal Challengers Bengaluru,Royal Challengers Bengaluru,Rajasthan Royals,bat,Royal Challengers Bengaluru,112.0,,win,8626.0
1359535,2023,6,"MA Chidambaram Stadium, Chepauk, Chennai",2023-05-14,Indian Premier League,61.0,male,T20,T20,20,2023,club,"MA Chidambaram Stadium, Chepauk, Chennai",Chennai Super Kings,Chennai Super Kings,Punjab Kings,bat,Punjab Kings,,6.0,win,1436.0
1359536,2023,6,"Narendra Modi Stadium, Ahmedabad",2023-05-15,Indian Premier League,62.0,male,T20,T20,20,2023,club,"Narendra Modi Stadium, Ahmedabad",Kolkata Knight Riders,Gujarat Titans,Kolkata Knight Riders,field,Gujarat Titans,34.0,,win,1580.0
1359537,2023,6,"Bharat Ratna Shri Atal Bihari Vajpayee Ekana Cricket Stadium, Lucknow",2023-05-16,Indian Premier League,63.0,male,T20,T20,20,2023,club,"Bharat Ratna Shri Atal Bihari Vajpayee Ekana Cricket Stadium, Lucknow",Chennai Super Kings,Lucknow Super Giants,Chennai Super Kings,field,Lucknow Super Giants,5.0,,win,73.0
1359538,2023,6,"Himachal Pradesh Cricket Association Stadium, Dharamsala",2023-05-17,Indian Premier League,64.0,male,T20,T20,20,2023,club,"Himachal Pradesh Cricket Association Stadium, Dharamsala",Punjab Kings,Delhi Capitals,Punjab Kings,field,Delhi Capitals,15.0,,win,8349.0
1359539,2023,6,"Rajiv Gandhi International Stadium, Uppal, Hyderabad",2023-05-18,Indian Premier League,65.0,male,T20,T20,20,2023,club,"Rajiv Gandhi International Stadium, Uppal, Hyderabad",Royal Challengers Bengaluru,Kolkata Knight Riders,Royal Challengers Bengaluru,field,Royal Challengers Bengaluru,,8.0,win,332.0
1359540,2023,6,"Himachal Pradesh Cricket Association Stadium, Dharamsala",2023-05-19,Indian Premier League,66.0,male,T20,T20,20,2023,club,"Himachal Pradesh Cricket Association Stadium, Dharamsala",Rajasthan Royals,Punjab Kings,Rajasthan Royals,field,Rajasthan Royals,,4.0,win,4071.0
1359541,2023,6,"Arun Jaitley Stadium, Delhi",2023-05-20,Indian Premier League,67.0,male,T20,T20,20,2023,club,"Arun Jaitley Stadium, Delhi",Chennai Super Kings,Chennai Super Kings,Delhi Capitals,bat,Chennai Super Kings,77.0,,win,4119.0
1359542,2023,6,"Eden Gardens, Kolkata",2023-05-20,Indian Premier League,68.0,male,T20,T20,20,2023,club,"Eden Gardens, Kolkata",Punjab Kings,Lucknow Super Giants,Punjab Kings,field,Lucknow Super Giants,1.0,,win,2766.0
1359543,2023,6,"Wankhede Stadium, Mumbai",2023-05-21,Indian Premier League,69.0,male,T20,T20,20,2023,club,"Wankhede Stadium, Mumbai",Chennai Super Kings,Kolkata Knight Riders,Chennai Super Kings,field,Chennai Super Kings,,8.0,win,8383.0
1359544,2023,6,"M Chinnaswamy Stadium, Bengaluru",2023-05-21,Indian Premier League,70.0,male,T20,T20,20,2023,club,"M Chinnaswamy Stadium, Bengaluru",Gujarat Titans,Royal Challengers Bengaluru,Gujarat Titans,field,Gujarat Titans,,6.0,win,1580.0
1370350,2023,6,"MA Chidambaram Stadium, Chepauk, Chennai",2023-05-23,Indian Premier League,,male,T20,T20,20,2023,club,"MA Chidambaram Stadium, Chepauk, Chennai",Gujarat Titans,Chennai Super Kings,Gujarat Titans,field,Chennai Super Kings,15.0,,win,4119.0
1370351,2023,6,"MA Chidambaram Stadium, Chepauk, Chennai",2023-05-24,Indian Premier League,,male,T20,T20,20,2023,club,"MA Chidambaram Stadium, Chepauk, Chennai",Chennai Super Kings,Chennai Super Kings,Lucknow Super Giants,bat,Chennai Super Kings,81.0,,win,9371.0
1370352,2023,6,"Narendra Modi Stadium, Ahmedabad",2023-05-26,Indian Premier League,,male,T20,T20,20,2023,club,"Narendra Modi Stadium, Ahmedabad",Chennai Super Kings,Gujarat Titans,Chennai Super Kings,field,Gujarat Titans,62.0,,win,1580.0
1370353,2023,6,"Narendra Modi Stadium, Ahmedabad",2023-05-29,Indian Premier League,,male,T20,T20,20,2023,club,"Narendra Modi Stadium, Ahmedabad",Chennai Super Kings,Gujarat Titans,Chennai Super Kings,field,Chennai Super Kings,,5.0,win,6657.0
1422119,2024,6,"MA Chidambaram Stadium, Chepauk, Chennai",2024-03-22,Indian Premier League,1.0,male,T20,T20,20,2024,club,"MA Chidambaram Stadium, Chepauk, Chennai",Royal Challengers Bengaluru,Royal Challengers Bengaluru,Chennai Super Kings,bat,Chennai Super Kings,,6.0,win,297.0
1422120,2024,6,"Maharaja Yadavindra Singh International Cricket Stadium, Mullanpur",2024-03-23,Indian Premier League,2.0,male,T20,T20,20,2024,club,"Maharaja Yadavindra Singh International Cricket Stadium, Mullanpur",Punjab Kings,Delhi Capitals,Punjab Kings,field,Punjab Kings,,4.0,win,2768.0
1422121,2024,6,"Eden Gardens, Kolkata",2024-03-23,Indian Premier League,3.0,male,T20,T20,20,2024,club,"Eden Gardens, Kolkata",Kolkata Knight Riders,Punjab Kings,Kolkata Knight Riders,field,Punjab Kings,4.0,,win,1437.0
1422122,2024,6,"Sawai Mansingh Stadium, Jaipur",2024-03-24,Indian Premier League,4.0,male,T20,T20,20,2024,club,"Sawai Mansingh Stadium, Jaipur",Rajasthan Royals,Rajasthan Royals,Lucknow Super Giants,bat,Rajasthan Royals,20.0,,win,180.0
1422123,2024,6,"Narendra Modi Stadium, Ahmedabad",2024-03-24,Indian Premier League,5.0,male,T20,T20,20,2024,club,"Narendra Modi Stadium, Ahmedabad",Chennai Super Kings,Gujarat Titans,Chennai Super Kings,field,Gujarat Titans,6.0,,win,6999.0
1422124,2024,6,"M Chinnaswamy Stadium, Bengaluru",2024-03-25,Indian Premier League,6.0,male,T20,T20,20,2024,club,"M Chinnaswamy Stadium, Bengaluru",Royal Challengers Bengaluru,Punjab Kings,Royal Challengers Bengaluru,field,Royal Challengers Bengaluru,,4.0,win,332.0
1422125,2024,6,"MA Chidambaram Stadium, Chepauk, Chennai",2024-03-26,Indian Premier League,7.0,male,T20,T20,20,2024,club,"MA Chidambaram Stadium, Chepauk, Chennai",Gujarat Titans,Chennai Super Kings,Gujarat Titans,field,Chennai Super Kings,63.0,,win,2701.0
1422126,2024,6,"Rajiv Gandhi International Stadium, Uppal, Hyderabad",2024-03-27,Indian Premier League,8.0,male,T20,T20,20,2024,club,"Rajiv Gandhi International Stadium, Uppal, Hyderabad",Chennai Super Kings,Kolkata Knight Riders,Chennai Super Kings,field,Kolkata Knight Riders,31.0,,win,2349.0
1422127,2024,6,"Sawai Mansingh Stadium, Jaipur",2024-03-28,Indian Premier League,9.0,male,T20,T20,20,2024,club,"Sawai Mansingh Stadium, Jaipur",Delhi Capitals,Rajasthan Royals,Delhi Capitals,field,Rajasthan Royals,12.0,,win,3230.0
1422128,2024,6,"M Chinnaswamy Stadium, Bengaluru",2024-03-29,Indian Premier League,10.0,male,T20,T20,20,2024,club,"M Chinnaswamy Stadium, Bengaluru",Punjab Kings,Royal Challengers Bengaluru,Punjab Kings,field,Punjab Kings,,7.0,win,65.0
1422129,2024,6,"Bharat Ratna Shri Atal Bihari Vajpayee Ekana Cricket Stadium, Lucknow",2024-03-30,Indian Premier League,11.0,male,T20,T20,20,2024,club,"Bharat Ratna Shri Atal Bihari Vajpayee Ekana Cricket Stadium, Lucknow",Lucknow Super Giants,Lucknow Super Giants,Punjab Kings,bat,Lucknow Super Giants,21.0,,win,10302.0
1422130,2024,6,"Narendra Modi Stadium, Ahmedabad",2024-03-31,Indian Premier League,12.0,male,T20,T20,20,2024,club,"Narendra Modi Stadium, Ahmedabad",Kolkata Knight Riders,Kolkata Knight Riders,Gujarat Titans,bat,Gujarat Titans,,7.0,win,75.0
1422131,2024,6,"Dr. Y.S. Rajasekhara Reddy ACA-VDCA Cricket Stadium, Visakhapatnam",2024-03-31,Indian Premier League,13.0,male,T20,T20,20,2024,club,"Dr. Y.S. Rajasekhara Reddy ACA-VDCA Cricket Stadium, Visakhapatnam",Delhi Capitals,Delhi Capitals,Chennai Super Kings,bat,Delhi Capitals,20.0,,win,2662.0
1422132,2024,6,"Wankhede Stadium, Mumbai",2024-04-01,Indian Premier League,14.0,male,T20,T20,20,2024,club,"Wankhede Stadium, Mumbai",Rajasthan Royals,Chennai Super Kings,Rajasthan Royals,field,Rajasthan Royals,,6.0,win,66.0
1422133,2024,6,"M Chinnaswamy Stadium, Bengaluru",2024-04-02,Indian Premier League,15.0,male,T20,T20,20,2024,club,"M Chinnaswamy Stadium, Bengaluru",Royal Challengers Bengaluru,Lucknow Super Giants,Royal Challengers Bengaluru,field,Lucknow Super Giants,28.0,,win,10302.0
1422134,2024,6,"Dr. Y.S. Rajasekhara Reddy ACA-VDCA Cricket Stadium, Visakhapatnam",2024-04-03,Indian Premier League,16.0,male,T20,T20,20,2024,club,"Dr. Y.S. Rajasekhara Reddy ACA-VDCA Cricket Stadium, Visakhapatnam",Punjab Kings,Punjab Kings,Delhi Capitals,bat,Punjab Kings,106.0,,win,65.0
1422135,2024,6,"Narendra Modi Stadium, Ahmedabad",2024-04-04,Indian Premier League,17.0,male,T20,T20,20,2024,club,"Narendra Modi Stadium, Ahmedabad",Punjab Kings,Gujarat Titans,Punjab Kings,field,Punjab Kings,,3.0,win,7024.0
1422136,2024,6,"Rajiv Gandhi International Stadium, Uppal, Hyderabad",2024-04-05,Indian Premier League,18.0,male,T20,T20,20,2024,club,"Rajiv Gandhi International Stadium, Uppal, Hyderabad",Kolkata Knight Riders,Chennai Super Kings,Kolkata Knight Riders,field,Kolkata Knight Riders,,6.0,win,2349.0
1422137,2024,6,"Sawai Mansingh Stadium, Jaipur",2024-04-06,Indian Premier League,19.0,male,T20,T20,20,2024,club,"Sawai Mansingh Stadium, Jaipur",Rajasthan Royals,Royal Challengers Bengaluru,Rajasthan Royals,field,Rajasthan Royals,,6.0,win,24.0
1422138,2024,6,"Wankhede Stadium, Mumbai",2024-04-07,Indian Premier League,20.0,male,T20,T20,20,2024,club,"Wankhede Stadium, Mumbai",Delhi Capitals,Chennai Super Kings,Delhi Capitals,field,Chennai Super Kings,29.0,,win,6761.0
1422139,2024,6,"Bharat Ratna Shri Atal Bihari Vajpayee Ekana Cricket Stadium, Lucknow",2024-04-07,Indian Premier League,21.0,male,T20,T20,20,2024,club,"Bharat Ratna Shri Atal Bihari Vajpayee Ekana Cricket Stadium, Lucknow",Lucknow Super Giants,Lucknow Super Giants,Gujarat Titans,bat,Lucknow Super Giants,33.0,,win,8425.0
1426260,2024,6,"MA Chidambaram Stadium, Chepauk, Chennai",2024-04-08,Indian Premier League,22.0,male,T20,T20,20,2024,club,"MA Chidambaram Stadium, Chepauk, Chennai",Chennai Super Kings,Punjab Kings,Chennai Super Kings,field,Chennai Super Kings,,7.0,win,348.0
1426261,2024,6,"Maharaja Yadavindra Singh International Cricket Stadium, Mullanpur",2024-04-09,Indian Premier League,23.0,male,T20,T20,20,2024,club,"Maharaja Yadavindra Singh International Cricket Stadium, Mullanpur",Punjab Kings,Kolkata Knight Riders,Punjab Kings,field,Kolkata Knight Riders,2.0,,win,9824.0
1426262,2024,6,"Sawai Mansingh Stadium, Jaipur",2024-04-10,Indian Premier League,24.0,male,T20,T20,20,2024,club,"Sawai Mansingh Stadium, Jaipur",Gujarat Titans,Rajasthan Royals,Gujarat Titans,field,Gujarat Titans,,3.0,win,22.0
1426263,2024,6,"Wankhede Stadium, Mumbai",2024-04-11,Indian Premier League,25.0,male,T20,T20,20,2024,club,"Wankhede Stadium, Mumbai",Chennai Super Kings,Royal Challengers Bengaluru,Chennai Super Kings,field,Chennai Super Kings,,7.0,win,33.0
1426264,2024,6,"Bharat Ratna Shri Atal Bihari Vajpayee Ekana Cricket Stadium, Lucknow",2024-04-12,Indian Premier League,26.0,male,T20,T20,20,2024,club,"Bharat Ratna Shri Atal Bihari Vajpayee Ekana Cricket Stadium, Lucknow",Lucknow Super Giants,Lucknow Super Giants,Delhi Capitals,bat,Delhi Capitals,,6.0,win,64.0
1426265,2024,6,"Maharaja Yadavindra Singh International Cricket Stadium, Mullanpur",2024-04-13,Indian Premier League,27.0,male,T20,T20,20,2024,club,"Maharaja Yadavindra Singh International Cricket Stadium, Mullanpur",Rajasthan Royals,Punjab Kings,Rajasthan Royals,field,Rajasthan Royals,,3.0,win,2700.0
1426266,2024,6,"Eden Gardens, Kolkata",2024-04-14,Indian Premier League,28.0,male,T20,T20,20,2024,club,"Eden Gardens, Kolkata",Punjab Kings,Lucknow Super Giants,Punjab Kings,field,Punjab Kings,,8.0,win,8945.0
1426267,2024,6,"Wankhede Stadium, Mumbai",2024-04-14,Indian Premier League,29.0,male,T20,T20,20,2024,club,"Wankhede Stadium, Mumbai",Chennai Super Kings,Chennai Super Kings,Chennai Super Kings,field,Chennai Super Kings,20.0,,win,8007.0
1426268,2024,6,"M Chinnaswamy Stadium, Bengaluru",2024-04-15,Indian Premier League,30.0,male,T20,T20,20,2024,club,"M Chinnaswamy Stadium, Bengaluru",Royal Challengers Bengaluru,Kolkata Knight Riders,Royal Challengers Bengaluru,field,Kolkata Knight Riders,25.0,,win,3.0
1426269,2024,6,"Eden Gardens, Kolkata",2024-04-16,Indian Premier League,31.0,male,T20,T20,20,2024,club,"Eden Gardens, Kolkata",Rajasthan Royals,Punjab Kings,Rajasthan Royals,field,Rajasthan Royals,,2.0,win,24.0
1426270,2024,6,"Narendra Modi Stadium, Ahmedabad",2024-04-17,Indian Premier League,32.0,male,T20,T20,20,2024,club,"Narendra Modi Stadium, Ahmedabad",Delhi Capitals,Gujarat Titans,Delhi Capitals,field,Delhi Capitals,,6.0,win,181.0
1426271,2024,6,"Maharaja Yadavindra Singh International Cricket Stadium, Mullanpur",2024-04-18,Indian Premier League,33.0,male,T20,T20,20,2024,club,"Maharaja Yadavindra Singh International Cricket Stadium, Mullanpur",Punjab Kings,Chennai Super Kings,Punjab Kings,field,Chennai Super Kings,9.0,,win,33.0
1426272,2024,6,"Bharat Ratna Shri Atal Bihari Vajpayee Ekana Cricket Stadium, Lucknow",2024-04-19,Indian Premier League,34.0,male,T20,T20,20,2024,club,"Bharat Ratna Shri Atal Bihari Vajpayee Ekana Cricket Stadium, Lucknow",Lucknow Super Giants,Chennai Super Kings,Lucknow Super Giants,field,Lucknow Super Giants,,8.0,win,1409.0
1426273,2024,6,"Arun Jaitley Stadium, Delhi",2024-04-20,Indian Premier League,35.0,male,T20,T20,20,2024,club,"Arun Jaitley Stadium, Delhi",Delhi Capitals,Kolkata Knight Riders,Delhi Capitals,field,Kolkata Knight Riders,67.0,,win,3.0
1426274,2024,6,"Eden Gardens, Kolkata",2024-04-21,Indian Premier League,36.0,male,T20,T20,20,2024,club,"Eden Gardens, Kolkata",Royal Challengers Bengaluru,Punjab Kings,Royal Challengers Bengaluru,field,Punjab Kings,1.0,,win,1437.0
1426275,2024,6,"Maharaja Yadavindra Singh International Cricket Stadium, Mullanpur",2024-04-21,Indian Premier League,37.0,male,T20,T20,20,2024,club,"Maharaja Yadavindra Singh International Cricket Stadium, Mullanpur",Punjab Kings,Punjab Kings,Gujarat Titans,bat,Gujarat Titans,,3.0,win,7895.0
1426276,2024,6,"Sawai Mansingh Stadium, Jaipur",2024-04-22,Indian Premier League,38.0,male,T20,T20,20,2024,club,"Sawai Mansingh Stadium, Jaipur",Chennai Super Kings,Chennai Super Kings,Rajasthan Royals,bat,Rajasthan Royals,,9.0,win,76.0
1426277,2024,6,"MA Chidambaram Stadium, Chepauk, Chennai",2024-04-23,Indian Premier League,39.0,male,T20,T20,20,2024,club,"MA Chidambaram Stadium, Chepauk, Chennai",Lucknow Super Giants,Chennai Super Kings,Lucknow Super Giants,field,Lucknow Super Giants,,6.0,win,73.0
1426278,2024,6,"Arun Jaitley Stadium, Delhi",2024-04-24,Indian Premier League,40.0,male,T20,T20,20,2024,club,"Arun Jaitley Stadium, Delhi",Gujarat Titans,Delhi Capitals,Gujarat Titans,field,Delhi Capitals,4.0,,win,181.0
1426279,2024,6,"Rajiv Gandhi International Stadium, Uppal, Hyderabad",2024-04-25,Indian Premier League,41.0,male,T20,T20,20,2024,club,"Rajiv Gandhi International Stadium, Uppal, Hyderabad",Royal Challengers Bengaluru,Royal Challengers Bengaluru,Kolkata Knight Riders,bat,Royal Challengers Bengaluru,35.0,,win,5349.0
1426280,2024,6,"Eden Gardens, Kolkata",2024-04-26,Indian Premier League,42.0,male,T20,T20,20,2024,club,"Eden Gardens, Kolkata",Punjab Kings,Punjab Kings,Punjab Kings,field,Punjab Kings,,8.0,win,2719.0
1426281,2024,6,"Arun Jaitley Stadium, Delhi",2024-04-27,Indian Premier League,43.0,male,T20,T20,20,2024,club,"Arun Jaitley Stadium, Delhi",Chennai Super Kings,Delhi Capitals,Chennai Super Kings,field,Delhi Capitals,10.0,,win,10667.0
1426282,2024,6,"Bharat Ratna Shri Atal Bihari Vajpayee Ekana Cricket Stadium, Lucknow",2024-04-27,Indian Premier League,44.0,male,T20,T20,20,2024,club,"Bharat Ratna Shri Atal Bihari Vajpayee Ekana Cricket Stadium, Lucknow",Rajasthan Royals,Lucknow Super Giants,Rajasthan Royals,field,Rajasthan Royals,,7.0,win,180.0
1426283,2024,6,"Narendra Modi Stadium, Ahmedabad",2024-04-28,Indian Premier League,45.0,male,T20,T20,20,2024,club,"Narendra Modi Stadium, Ahmedabad",Royal Challengers Bengaluru,Gujarat Titans,Royal Challengers Bengaluru,field,Royal Challengers Bengaluru,,9.0,win,10630.0
1426284,2024,6,"MA Chidambaram Stadium, Chepauk, Chennai",2024-04-28,Indian Premier League,46.0,male,T20,T20,20,2024,club,"MA Chidambaram Stadium, Chepauk, Chennai",Kolkata Knight Riders,Chennai Super Kings,Kolkata Knight Riders,field,Chennai Super Kings,78.0,,win,4119.0
1426285,2024,6,"Eden Gardens, Kolkata",2024-04-29,Indian Premier League,47.0,male,T20,T20,20,2024,club,"Eden Gardens, Kolkata",Delhi Capitals,Delhi Capitals,Punjab Kings,bat,Punjab Kings,,7.0,win,2825.0
1426286,2024,6,"Bharat Ratna Shri Atal Bihari Vajpayee Ekana Cricket Stadium, Lucknow",2024-04-30,Indian Premier League,48.0,male,T20,T20,20,2024,club,"Bharat Ratna Shri Atal Bihari Vajpayee Ekana Cricket Stadium, Lucknow",Lucknow Super Giants,Chennai Super Kings,Lucknow Super Giants,field,Lucknow Super Giants,,4.0,win,73.0
1426287,2024,6,"MA Chidambaram Stadium, Chepauk, Chennai",2024-05-01,Indian Premier League,49.0,male,T20,T20,20,2024,club,"MA Chidambaram Stadium, Chepauk, Chennai",Punjab Kings,Chennai Super Kings,Punjab Kings,field,Punjab Kings,,7.0,win,3495.0
1426288,2024,6,"Rajiv Gandhi International Stadium, Uppal, Hyderabad",2024-05-02,Indian Premier League,50.0,male,T20,T20,20,2024,club,"Rajiv Gandhi International Stadium, Uppal, Hyderabad",Kolkata Knight Riders,Kolkata Knight Riders,Rajasthan Royals,bat,Kolkata Knight Riders,1.0,,win,20.0
1426289,2024,6,"Wankhede Stadium, Mumbai",2024-05-03,Indian Premier League,51.0,male,T20,T20,20,2024,club,"Wankhede Stadium, Mumbai",Chennai Super Kings,Punjab Kings,Chennai Super Kings,field,Punjab Kings,24.0,,win,5986.0
1426290,2024,6,"M Chinnaswamy Stadium, Bengaluru",2024-05-04,Indian Premier League,52.0,male,T20,T20,20,2024,club,"M Chinnaswamy Stadium, Bengaluru",Royal Challengers Bengaluru,Gujarat Titans,Royal Challengers Bengaluru,field,Royal Challengers Bengaluru,,4.0,win,538.0
1426291,2024,6,"Himachal Pradesh Cricket Association Stadium, Dharamsala",2024-05-05,Indian Premier League,53.0,male,T20,T20,20,2024,club,"Himachal Pradesh Cricket Association Stadium, Dharamsala",Punjab Kings,Chennai Super Kings,Punjab Kings,field,Chennai Super Kings,28.0,,win,348.0
1426292,2024,6,"Bharat Ratna Shri Atal Bihari Vajpayee Ekana Cricket Stadium, Lucknow",2024-05-05,Indian Premier League,54.0,male,T20,T20,20,2024,club,"Bharat Ratna Shri Atal Bihari Vajpayee Ekana Cricket Stadium, Lucknow",Lucknow Super Giants,Punjab Kings,Lucknow Super Giants,field,Punjab Kings,98.0,,win,65.0
1426293,2024,6,"Wankhede Stadium, Mumbai",2024-05-06,Indian Premier League,55.0,male,T20,T20,20,2024,club,"Wankhede Stadium, Mumbai",Chennai Super Kings,Kolkata Knight Riders,Chennai Super Kings,field,Chennai Super Kings,,7.0,win,61.0
1426294,2024,6,"Arun Jaitley Stadium, Delhi",2024-05-07,Indian Premier League,56.0,male,T20,T20,20,2024,club,"Arun Jaitley Stadium, Delhi",Rajasthan Royals,Delhi Capitals,Rajasthan Royals,field,Delhi Capitals,20.0,,win,64.0
1426295,2024,6,"Rajiv Gandhi International Stadium, Uppal, Hyderabad",2024-05-08,Indian Premier League,57.0,male,T20,T20,20,2024,club,"Rajiv Gandhi International Stadium, Uppal, Hyderabad",Lucknow Super Giants,Lucknow Super Giants,Kolkata Knight Riders,bat,Kolkata Knight Riders,,10.0,win,3.0
1426296,2024,6,"Himachal Pradesh Cricket Association Stadium, Dharamsala",2024-05-09,Indian Premier League,58.0,male,T20,T20,20,2024,club,"Himachal Pradesh Cricket Association Stadium, Dharamsala",Punjab Kings,Royal Challengers Bengaluru,Punjab Kings,field,Royal Challengers Bengaluru,60.0,,win,332.0
1426297,2024,6,"Narendra Modi Stadium, Ahmedabad",2024-05-10,Indian Premier League,59.0,male,T20,T20,20,2024,club,"Narendra Modi Stadium, Ahmedabad",Chennai Super Kings,Gujarat Titans,Chennai Super Kings,field,Gujarat Titans,35.0,,win,1580.0
1426298,2024,6,"Eden Gardens, Kolkata",2024-05-11,Indian Premier League,60.0,male,T20,T20,20,2024,club,"Eden Gardens, Kolkata",Chennai Super Kings,Punjab Kings,Chennai Super Kings,field,Punjab Kings,18.0,,win,2825.0
1426299,2024,6,"MA Chidambaram Stadium, Chepauk, Chennai",2024-05-12,Indian Premier League,61.0,male,T20,T20,20,2024,club,"MA Chidambaram Stadium, Chepauk, Chennai",Rajasthan Royals,Rajasthan Royals,Chennai Super Kings,bat,Chennai Super Kings,,5.0,win,7652.0
1426300,2024,6,"M Chinnaswamy Stadium, Bengaluru",2024-05-12,Indian Premier League,62.0,male,T20,T20,20,2024,club,"M Chinnaswamy Stadium, Bengaluru",Delhi Capitals,Royal Challengers Bengaluru,Delhi Capitals,field,Royal Challengers Bengaluru,47.0,,win,8383.0
1426302,2024,6,"Arun Jaitley Stadium, Delhi",2024-05-14,Indian Premier League,64.0,male,T20,T20,20,2024,club,"Arun Jaitley Stadium, Delhi",Lucknow Super Giants,Delhi Capitals,Lucknow Super Giants,field,Delhi Capitals,19.0,,win,308.0
1426303,2024,6,"Barsapara Cricket Stadium, Guwahati",2024-05-15,Indian Premier League,65.0,male,T20,T20,20,2024,club,"Barsapara Cricket Stadium, Guwahati",Rajasthan Royals,Rajasthan Royals,Punjab Kings,bat,Punjab Kings,,5.0,win,2768.0
1426305,2024,6,"Wankhede Stadium, Mumbai",2024-05-17,Indian Premier League,67.0,male,T20,T20,20,2024,club,"Wankhede Stadium, Mumbai",Chennai Super Kings,Lucknow Super Giants,Chennai Super Kings,field,Lucknow Super Giants,18.0,,win,2766.0
1426306,2024,6,"M Chinnaswamy Stadium, Bengaluru",2024-05-18,Indian Premier League,68.0,male,T20,T20,20,2024,club,"M Chinnaswamy Stadium, Bengaluru",Chennai Super Kings,Royal Challengers Bengaluru,Chennai Super Kings,field,Royal Challengers Bengaluru,27.0,,win,267.0
1426307,2024,6,"Rajiv Gandhi International Stadium, Uppal, Hyderabad",2024-05-19,Indian Premier League,69.0,male,T20,T20,20,2024,club,"Rajiv Gandhi International Stadium, Uppal, Hyderabad",Punjab Kings,Punjab Kings,Kolkata Knight Riders,bat,Kolkata Knight Riders,,4.0,win,2349.0
1426309,2024,6,"Narendra Modi Stadium, Ahmedabad",2024-05-21,Indian Premier League,,male,T20,T20,20,2024,club,"Narendra Modi Stadium, Ahmedabad",Kolkata Knight Riders,Kolkata Knight Riders,Punjab Kings,bat,Punjab Kings,,8.0,win,10109.0
1426310,2024,6,"Narendra Modi Stadium, Ahmedabad",2024-05-22,Indian Premier League,,male,T20,T20,20,2024,club,"Narendra Modi Stadium, Ahmedabad",Rajasthan Royals,Royal Challengers Bengaluru,Rajasthan Royals,field,Rajasthan Royals,,4.0,win,1416.0
1426311,2024,6,"MA Chidambaram Stadium, Chepauk, Chennai",2024-05-24,Indian Premier League,,male,T20,T20,20,2024,club,"MA Chidambaram Stadium, Chepauk, Chennai",Rajasthan Royals,Kolkata Knight Riders,Rajasthan Royals,field,Kolkata Knight Riders,36.0,,win,4310.0
1426312,2024,6,"MA Chidambaram Stadium, Chepauk, Chennai",2024-05-26,Indian Premier League,,male,T20,T20,20,2024,club,"MA Chidambaram Stadium, Chepauk, Chennai",Kolkata Knight Riders,Kolkata Knight Riders,Punjab Kings,bat,Punjab Kings,,8.0,win,10109.0
1473438,2025,6,"Eden Gardens, Kolkata",2025-03-22,Indian Premier League,1.0,male,T20,T20,20,2025,club,"Eden Gardens, Kolkata",Royal Challengers Bengaluru,Punjab Kings,Royal Challengers Bengaluru,field,Royal Challengers Bengaluru,,7.0,win,28.0
1473439,2025,6,"Rajiv Gandhi International Stadium, Uppal, Hyderabad",2025-03-23,Indian Premier League,2.0,male,T20,T20,20,2025,club,"Rajiv Gandhi International Stadium, Uppal, Hyderabad",Rajasthan Royals,Kolkata Knight Riders,Rajasthan Royals,field,Kolkata Knight Riders,44.0,,win,347.0
1473440,2025,6,"MA Chidambaram Stadium, Chepauk, Chennai",2025-03-23,Indian Premier League,3.0,male,T20,T20,20,2025,club,"MA Chidambaram Stadium, Chepauk, Chennai",Chennai Super Kings,Chennai Super Kings,Chennai Super Kings,field,Chennai Super Kings,,4.0,win,8809.0
1473441,2025,6,"Dr. Y.S. Rajasekhara Reddy ACA-VDCA Cricket Stadium, Visakhapatnam",2025-03-24,Indian Premier League,4.0,male,T20,T20,20,2025,club,"Dr. Y.S. Rajasekhara Reddy ACA-VDCA Cricket Stadium, Visakhapatnam",Delhi Capitals,Lucknow Super Giants,Delhi Capitals,field,Delhi Capitals,,1.0,win,10456.0
1473442,2025,6,"Narendra Modi Stadium, Ahmedabad",2025-03-25,Indian Premier League,5.0,male,T20,T20,20,2025,club,"Narendra Modi Stadium, Ahmedabad",Gujarat Titans,Punjab Kings,Gujarat Titans,field,Punjab Kings,11.0,,win,389.0
1473443,2025,6,"Barsapara Cricket Stadium, Guwahati",2025-03-26,Indian Premier League,6.0,male,T20,T20,20,2025,club,"Barsapara Cricket Stadium, Guwahati",Punjab Kings,Rajasthan Royals,Punjab Kings,field,Punjab Kings,,8.0,win,1421.0
1473444,2025,6,"Rajiv Gandhi International Stadium, Uppal, Hyderabad",2025-03-27,Indian Premier League,7.0,male,T20,T20,20,2025,club,"Rajiv Gandhi International Stadium, Uppal, Hyderabad",Lucknow Super Giants,Kolkata Knight Riders,Lucknow Super Giants,field,Lucknow Super Giants,,5.0,win,360.0
1473445,2025,6,"MA Chidambaram Stadium, Chepauk, Chennai",2025-03-28,Indian Premier League,8.0,male,T20,T20,20,2025,club,"MA Chidambaram Stadium, Chepauk, Chennai",Chennai Super Kings,Royal Challengers Bengaluru,Chennai Super Kings,field,Royal Challengers Bengaluru,50.0,,win,5349.0
335983,2008,6,"Punjab Cricket Association Stadium, Mohali",2008-04-19,Indian Premier League,2.0,male,T20,T20,20,2008,club,"Punjab Cricket Association Stadium, Mohali",Chennai Super Kings,Punjab Kings,Chennai Super Kings,bat,Chennai Super Kings,33.0,,win,11943.0
335984,2008,6,Feroz Shah Kotla,2008-04-19,Indian Premier League,3.0,male,T20,T20,20,2008,club,Feroz Shah Kotla,Rajasthan Royals,Delhi Capitals,Rajasthan Royals,bat,Delhi Capitals,,9.0,win,11982.0
335985,2008,6,Wankhede Stadium,2008-04-20,Indian Premier League,5.0,male,T20,T20,20,2008,club,Wankhede Stadium,Chennai Super Kings,Chennai Super Kings,Royal Challengers Bengaluru,bat,Royal Challengers Bengaluru,,5.0,win,11935.0
335986,2008,6,Eden Gardens,2008-04-20,Indian Premier League,4.0,male,T20,T20,20,2008,club,Eden Gardens,Kolkata Knight Riders,Punjab Kings,Kolkata Knight Riders,bat,Punjab Kings,,5.0,win,11922.0
335987,2008,6,Sawai Mansingh Stadium,2008-04-21,Indian Premier League,6.0,male,T20,T20,20,2008,club,Sawai Mansingh Stadium,Punjab Kings,Rajasthan Royals,Punjab Kings,bat,Rajasthan Royals,,6.0,win,5.0
335988,2008,6,"Rajiv Gandhi International Stadium, Uppal",2008-04-22,Indian Premier League,7.0,male,T20,T20,20,2008,club,"Rajiv Gandhi International Stadium, Uppal",Kolkata Knight Riders,Kolkata Knight Riders,Delhi Capitals,bat,Delhi Capitals,,9.0,win,11975.0
335989,2008,6,"MA Chidambaram Stadium, Chepauk",2008-04-23,Indian Premier League,8.0,male,T20,T20,20,2008,club,"MA Chidambaram Stadium, Chepauk",Chennai Super Kings,Chennai Super Kings,Chennai Super Kings,field,Chennai Super Kings,6.0,,win,11942.0
335990,2008,6,"Rajiv Gandhi International Stadium, Uppal",2008-04-24,Indian Premier League,9.0,male,T20,T20,20,2008,club,"Rajiv Gandhi International Stadium, Uppal",Rajasthan Royals,Kolkata Knight Riders,Rajasthan Royals,field,Rajasthan Royals,,3.0,win,60.0
335991,2008,6,"Punjab Cricket Association Stadium, Mohali",2008-04-25,Indian Premier League,10.0,male,T20,T20,20,2008,club,"Punjab Cricket Association Stadium, Mohali",Chennai Super Kings,Punjab Kings,Chennai Super Kings,field,Punjab Kings,66.0,,win,11954.0
335992,2008,6,M Chinnaswamy Stadium,2008-04-26,Indian Premier League,12.0,male,T20,T20,20,2008,club,M Chinnaswamy Stadium,Rajasthan Royals,Royal Challengers Bengaluru,Rajasthan Royals,field,Rajasthan Royals,,7.0,win,5.0
335993,2008,6,"MA Chidambaram Stadium, Chepauk",2008-04-26,Indian Premier League,11.0,male,T20,T20,20,2008,club,"MA Chidambaram Stadium, Chepauk",Punjab Kings,Chennai Super Kings,Punjab Kings,bat,Chennai Super Kings,,9.0,win,11946.0
335994,2008,6,Dr DY Patil Sports Academy,2008-04-27,Indian Premier League,14.0,male,T20,T20,20,2008,club,Dr DY Patil Sports Academy,Kolkata Knight Riders,Chennai Super Kings,Kolkata Knight Riders,field,Kolkata Knight Riders,,10.0,win,12007.0
335995,2008,6,"Punjab Cricket Association Stadium, Mohali",2008-04-27,Indian Premier League,13.0,male,T20,T20,20,2008,club,"Punjab Cricket Association Stadium, Mohali",Delhi Capitals,Punjab Kings,Delhi Capitals,bat,Punjab Kings,,4.0,win,11956.0
335996,2008,6,M Chinnaswamy Stadium,2008-04-28,Indian Premier League,15.0,male,T20,T20,20,2008,club,M Chinnaswamy Stadium,Chennai Super Kings,Royal Challengers Bengaluru,Chennai Super Kings,bat,Chennai Super Kings,13.0,,win,38.0
335997,2008,6,Eden Gardens,2008-04-29,Indian Premier League,16.0,male,T20,T20,20,2008,club,Eden Gardens,Punjab Kings,Punjab Kings,Chennai Super Kings,bat,Chennai Super Kings,,7.0,win,11986.0
335998,2008,6,Feroz Shah Kotla,2008-04-30,Indian Premier League,17.0,male,T20,T20,20,2008,club,Feroz Shah Kotla,Royal Challengers Bengaluru,Delhi Capitals,Royal Challengers Bengaluru,field,Delhi Capitals,10.0,,win,11984.0
335999,2008,6,"Rajiv Gandhi International Stadium, Uppal",2008-05-01,Indian Premier League,19.0,male,T20,T20,20,2008,club,"Rajiv Gandhi International Stadium, Uppal",Punjab Kings,Kolkata Knight Riders,Punjab Kings,field,Punjab Kings,,7.0,win,541.0
336000,2008,6,Sawai Mansingh Stadium,2008-05-01,Indian Premier League,18.0,male,T20,T20,20,2008,club,Sawai Mansingh Stadium,Rajasthan Royals,Rajasthan Royals,Punjab Kings,bat,Rajasthan Royals,45.0,,win,12327.0
336001,2008,6,"MA Chidambaram Stadium, Chepauk",2008-05-02,Indian Premier League,20.0,male,T20,T20,20,2008,club,"MA Chidambaram Stadium, Chepauk",Chennai Super Kings,Chennai Super Kings,Delhi Capitals,bat,Delhi Capitals,,8.0,win,11975.0
336002,2008,6,"Rajiv Gandhi International Stadium, Uppal",2008-05-25,Indian Premier League,51.0,male,T20,T20,20,2008,club,"Rajiv Gandhi International Stadium, Uppal",Kolkata Knight Riders,Kolkata Knight Riders,Royal Challengers Bengaluru,bat,Royal Challengers Bengaluru,,5.0,win,1242.0
336003,2008,6,"Punjab Cricket Association Stadium, Mohali",2008-05-03,Indian Premier League,22.0,male,T20,T20,20,2008,club,"Punjab Cricket Association Stadium, Mohali",Punjab Kings,Punjab Kings,Punjab Kings,bat,Punjab Kings,9.0,,win,811.0
336004,2008,6,Dr DY Patil Sports Academy,2008-05-04,Indian Premier League,23.0,male,T20,T20,20,2008,club,Dr DY Patil Sports Academy,Delhi Capitals,Chennai Super Kings,Delhi Capitals,field,Chennai Super Kings,29.0,,win,11991.0
336005,2008,6,Sawai Mansingh Stadium,2008-05-04,Indian Premier League,24.0,male,T20,T20,20,2008,club,Sawai Mansingh Stadium,Chennai Super Kings,Rajasthan Royals,Chennai Super Kings,bat,Rajasthan Royals,,8.0,win,12147.0
336006,2008,6,M Chinnaswamy Stadium,2008-05-05,Indian Premier League,25.0,male,T20,T20,20,2008,club,M Chinnaswamy Stadium,Punjab Kings,Royal Challengers Bengaluru,Punjab Kings,field,Punjab Kings,,6.0,win,11962.0
336007,2008,6,"MA Chidambaram Stadium, Chepauk",2008-05-06,Indian Premier League,26.0,male,T20,T20,20,2008,club,"MA Chidambaram Stadium, Chepauk",Kolkata Knight Riders,Chennai Super Kings,Kolkata Knight Riders,field,Kolkata Knight Riders,,7.0,win,12007.0
336008,2008,6,Dr DY Patil Sports Academy,2008-05-07,Indian Premier League,27.0,male,T20,T20,20,2008,club,Dr DY Patil Sports Academy,Chennai Super Kings,Chennai Super Kings,Rajasthan Royals,field,Chennai Super Kings,,7.0,win,21.0
336009,2008,6,Feroz Shah Kotla,2008-05-08,Indian Premier League,28.0,male,T20,T20,20,2008,club,Feroz Shah Kotla,Chennai Super Kings,Delhi Capitals,Chennai Super Kings,field,Chennai Super Kings,,4.0,win,38.0
336010,2008,6,Eden Gardens,2008-05-08,Indian Premier League,29.0,male,T20,T20,20,2008,club,Eden Gardens,Punjab Kings,Punjab Kings,Royal Challengers Bengaluru,bat,Punjab Kings,5.0,,win,11919.0
336011,2008,6,Sawai Mansingh Stadium,2008-05-09,Indian Premier League,30.0,male,T20,T20,20,2008,club,Sawai Mansingh Stadium,Rajasthan Royals,Rajasthan Royals,Kolkata Knight Riders,field,Rajasthan Royals,,8.0,win,60.0
336012,2008,6,M Chinnaswamy Stadium,2008-05-28,Indian Premier League,55.0,male,T20,T20,20,2008,club,M Chinnaswamy Stadium,Chennai Super Kings,Royal Challengers Bengaluru,Chennai Super Kings,field,Chennai Super Kings,,9.0,win,12269.0
336013,2008,6,"MA Chidambaram Stadium, Chepauk",2008-05-10,Indian Premier League,31.0,male,T20,T20,20,2008,club,"MA Chidambaram Stadium, Chepauk",Punjab Kings,Chennai Super Kings,Punjab Kings,field,Chennai Super Kings,18.0,,win,12523.0
336014,2008,6,"Rajiv Gandhi International Stadium, Uppal",2008-05-11,Indian Premier League,32.0,male,T20,T20,20,2008,club,"Rajiv Gandhi International Stadium, Uppal",Punjab Kings,Kolkata Knight Riders,Punjab Kings,bat,Punjab Kings,23.0,,win,11919.0
336015,2008,6,Sawai Mansingh Stadium,2008-05-11,Indian Premier League,33.0,male,T20,T20,20,2008,club,Sawai Mansingh Stadium,Rajasthan Royals,Rajasthan Royals,Delhi Capitals,field,Rajasthan Royals,,3.0,win,5.0
336016,2008,6,"Punjab Cricket Association Stadium, Mohali",2008-05-12,Indian Premier League,34.0,male,T20,T20,20,2008,club,"Punjab Cricket Association Stadium, Mohali",Royal Challengers Bengaluru,Punjab Kings,Royal Challengers Bengaluru,bat,Punjab Kings,,9.0,win,541.0
336017,2008,6,Eden Gardens,2008-05-13,Indian Premier League,35.0,male,T20,T20,20,2008,club,Eden Gardens,Punjab Kings,Punjab Kings,Delhi Capitals,bat,Punjab Kings,23.0,,win,12710.0
336018,2008,6,Wankhede Stadium,2008-05-14,Indian Premier League,36.0,male,T20,T20,20,2008,club,Wankhede Stadium,Chennai Super Kings,Chennai Super Kings,Chennai Super Kings,field,Chennai Super Kings,,9.0,win,11986.0
336019,2008,6,"Punjab Cricket Association Stadium, Mohali",2008-05-28,Indian Premier League,56.0,male,T20,T20,20,2008,club,"Punjab Cricket Association Stadium, Mohali",Rajasthan Royals,Punjab Kings,Rajasthan Royals,field,Punjab Kings,41.0,,win,541.0
336020,2008,6,Feroz Shah Kotla,2008-05-15,Indian Premier League,37.0,male,T20,T20,20,2008,club,Feroz Shah Kotla,Kolkata Knight Riders,Delhi Capitals,Kolkata Knight Riders,field,Delhi Capitals,12.0,,win,185.0
336021,2008,6,Wankhede Stadium,2008-05-16,Indian Premier League,38.0,male,T20,T20,20,2008,club,Wankhede Stadium,Chennai Super Kings,Chennai Super Kings,Punjab Kings,field,Chennai Super Kings,,8.0,win,11991.0
336022,2008,6,Feroz Shah Kotla,2008-05-17,Indian Premier League,40.0,male,T20,T20,20,2008,club,Feroz Shah Kotla,Delhi Capitals,Delhi Capitals,Punjab Kings,bat,Punjab Kings,6.0,,win,12032.0
336023,2008,6,Sawai Mansingh Stadium,2008-05-17,Indian Premier League,39.0,male,T20,T20,20,2008,club,Sawai Mansingh Stadium,Royal Challengers Bengaluru,Rajasthan Royals,Royal Challengers Bengaluru,field,Rajasthan Royals,65.0,,win,12107.0
336024,2008,6,"Rajiv Gandhi International Stadium, Uppal",2008-05-18,Indian Premier League,42.0,male,T20,T20,20,2008,club,"Rajiv Gandhi International Stadium, Uppal",Kolkata Knight Riders,Kolkata Knight Riders,Chennai Super Kings,field,Chennai Super Kings,25.0,,win,1393.0
336025,2008,6,Eden Gardens,2008-05-18,Indian Premier League,41.0,male,T20,T20,20,2008,club,Eden Gardens,Punjab Kings,Punjab Kings,Chennai Super Kings,bat,Chennai Super Kings,3.0,,win,12345.0
336026,2008,6,M Chinnaswamy Stadium,2008-05-19,Indian Premier League,43.0,male,T20,T20,20,2008,club,M Chinnaswamy Stadium,Delhi Capitals,Royal Challengers Bengaluru,Delhi Capitals,field,Delhi Capitals,,5.0,win,2295.0
336027,2008,6,Eden Gardens,2008-05-20,Indian Premier League,44.0,male,T20,T20,20,2008,club,Eden Gardens,Rajasthan Royals,Punjab Kings,Rajasthan Royals,field,Rajasthan Royals,,6.0,win,60.0
336028,2008,6,Wankhede Stadium,2008-05-21,Indian Premier League,45.0,male,T20,T20,20,2008,club,Wankhede Stadium,Chennai Super Kings,Chennai Super Kings,Punjab Kings,field,Punjab Kings,1.0,,win,541.0
336029,2008,6,"MA Chidambaram Stadium, Chepauk",2008-05-21,Indian Premier League,46.0,male,T20,T20,20,2008,club,"MA Chidambaram Stadium, Chepauk",Royal Challengers Bengaluru,Chennai Super Kings,Royal Challengers Bengaluru,bat,Royal Challengers Bengaluru,14.0,,win,12160.0
336031,2008,6,"Punjab Cricket Association Stadium, Mohali",2008-05-23,Indian Premier League,48.0,male,T20,T20,20,2008,club,"Punjab Cricket Association Stadium, Mohali",Punjab Kings,Punjab Kings,Kolkata Knight Riders,field,Punjab Kings,,6.0,win,541.0
336032,2008,6,Feroz Shah Kotla,2008-05-24,Indian Premier League,50.0,male,T20,T20,20,2008,club,Feroz Shah Kotla,Delhi Capitals,Delhi Capitals,Chennai Super Kings,field,Delhi Capitals,,5.0,win,49.0
336033,2008,6,"MA Chidambaram Stadium, Chepauk",2008-05-24,Indian Premier League,49.0,male,T20,T20,20,2008,club,"MA Chidambaram Stadium, Chepauk",Rajasthan Royals,Chennai Super Kings,Rajasthan Royals,bat,Rajasthan Royals,10.0,,win,12234.0
336034,2008,6,M Chinnaswamy Stadium,2008-05-03,Indian Premier League,21.0,male,T20,T20,20,2008,club,M Chinnaswamy Stadium,Kolkata Knight Riders,Royal Challengers Bengaluru,Kolkata Knight Riders,field,Royal Challengers Bengaluru,3.0,,win,52.0
336035,2008,6,Eden Gardens,2008-05-25,Indian Premier League,52.0,male,T20,T20,20,2008,club,Eden Gardens,Punjab Kings,Punjab Kings,Punjab Kings,bat,Punjab Kings,,3.0,win,12323.0
336036,2008,6,Sawai Mansingh Stadium,2008-05-26,Indian Premier League,53.0,male,T20,T20,20,2008,club,Sawai Mansingh Stadium,Rajasthan Royals,Rajasthan Royals,Chennai Super Kings,field,Rajasthan Royals,,5.0,win,12147.0
336037,2008,6,"Rajiv Gandhi International Stadium, Uppal",2008-05-27,Indian Premier League,54.0,male,T20,T20,20,2008,club,"Rajiv Gandhi International Stadium, Uppal",Kolkata Knight Riders,Kolkata Knight Riders,Chennai Super Kings,bat,Chennai Super Kings,,7.0,win,47.0
336038,2008,6,Wankhede Stadium,2008-05-30,Indian Premier League,,male,T20,T20,20,2008,club,Wankhede Stadium,Delhi Capitals,Delhi Capitals,Rajasthan Royals,field,Rajasthan Royals,105.0,,win,5.0
336039,2008,6,Wankhede Stadium,2008-05-31,Indian Premier League,,male,T20,T20,20,2008,club,Wankhede Stadium,Punjab Kings,Chennai Super Kings,Punjab Kings,bat,Chennai Super Kings,,9.0,win,12345.0
336040,2008,6,Dr DY Patil Sports Academy,2008-06-01,Indian Premier League,,male,T20,T20,20,2008,club,Dr DY Patil Sports Academy,Rajasthan Royals,Chennai Super Kings,Rajasthan Royals,field,Rajasthan Royals,,3.0,win,60.0
392181,2009,6,Newlands,2009-04-18,Indian Premier League,1.0,male,T20,T20,20,2009,club,Newlands,Chennai Super Kings,Chennai Super Kings,Chennai Super Kings,field,Chennai Super Kings,19.0,,win,12580.0
392182,2009,6,Newlands,2009-04-18,Indian Premier League,2.0,male,T20,T20,20,2009,club,Newlands,Royal Challengers Bengaluru,Royal Challengers Bengaluru,Rajasthan Royals,bat,Royal Challengers Bengaluru,75.0,,win,11930.0
392183,2009,6,Newlands,2009-04-19,Indian Premier League,3.0,male,T20,T20,20,2009,club,Newlands,Delhi Capitals,Delhi Capitals,Punjab Kings,field,Delhi Capitals,,10.0,win,11981.0
392184,2009,6,Newlands,2009-04-19,Indian Premier League,4.0,male,T20,T20,20,2009,club,Newlands,Punjab Kings,Kolkata Knight Riders,Punjab Kings,bat,Kolkata Knight Riders,,8.0,win,12016.0
392185,2009,6,St George's Park,2009-04-20,Indian Premier League,5.0,male,T20,T20,20,2009,club,St George's Park,Chennai Super Kings,Royal Challengers Bengaluru,Chennai Super Kings,bat,Chennai Super Kings,92.0,,win,11951.0
392186,2009,6,Kingsmead,2009-04-21,Indian Premier League,6.0,male,T20,T20,20,2009,club,Kingsmead,Punjab Kings,Punjab Kings,Punjab Kings,field,Punjab Kings,11.0,,win,1.0
392188,2009,6,Newlands,2009-04-22,Indian Premier League,8.0,male,T20,T20,20,2009,club,Newlands,Kolkata Knight Riders,Royal Challengers Bengaluru,Kolkata Knight Riders,bat,Kolkata Knight Riders,24.0,,win,12007.0
392189,2009,6,Kingsmead,2009-04-23,Indian Premier League,9.0,male,T20,T20,20,2009,club,Kingsmead,Delhi Capitals,Chennai Super Kings,Delhi Capitals,bat,Delhi Capitals,9.0,,win,245.0
392190,2009,6,Newlands,2009-04-23,Indian Premier League,10.0,male,T20,T20,20,2009,club,Newlands,Punjab Kings,Punjab Kings,Rajasthan Royals,field,Rajasthan Royals,,,tie,60.0
392191,2009,6,Kingsmead,2009-04-24,Indian Premier League,11.0,male,T20,T20,20,2009,club,Kingsmead,Royal Challengers Bengaluru,Royal Challengers Bengaluru,Punjab Kings,bat,Punjab Kings,,7.0,win,13250.0
392192,2009,6,Kingsmead,2009-04-25,Indian Premier League,12.0,male,T20,T20,20,2009,club,Kingsmead,Kolkata Knight Riders,Kolkata Knight Riders,Chennai Super Kings,bat,Kolkata Knight Riders,12.0,,win,12017.0
392194,2009,6,St George's Park,2009-04-26,Indian Premier League,14.0,male,T20,T20,20,2009,club,St George's Park,Royal Challengers Bengaluru,Royal Challengers Bengaluru,Delhi Capitals,bat,Delhi Capitals,,6.0,win,12650.0
392195,2009,6,Newlands,2009-04-26,Indian Premier League,15.0,male,T20,T20,20,2009,club,Newlands,Punjab Kings,Punjab Kings,Rajasthan Royals,bat,Punjab Kings,27.0,,win,11954.0
392196,2009,6,Kingsmead,2009-04-27,Indian Premier League,16.0,male,T20,T20,20,2009,club,Kingsmead,Kolkata Knight Riders,Chennai Super Kings,Kolkata Knight Riders,field,Kolkata Knight Riders,,6.0,win,12295.0
392197,2009,6,St George's Park,2009-04-27,Indian Premier League,17.0,male,T20,T20,20,2009,club,St George's Park,Chennai Super Kings,Punjab Kings,Chennai Super Kings,bat,Chennai Super Kings,92.0,,win,12580.0
392198,2009,6,SuperSport Park,2009-04-28,Indian Premier League,18.0,male,T20,T20,20,2009,club,SuperSport Park,Delhi Capitals,Delhi Capitals,Rajasthan Royals,bat,Rajasthan Royals,,5.0,win,60.0
392199,2009,6,Kingsmead,2009-04-29,Indian Premier League,19.0,male,T20,T20,20,2009,club,Kingsmead,Punjab Kings,Royal Challengers Bengaluru,Punjab Kings,bat,Royal Challengers Bengaluru,,5.0,win,11935.0
392200,2009,6,Kingsmead,2009-04-29,Indian Premier League,20.0,male,T20,T20,20,2009,club,Kingsmead,Punjab Kings,Punjab Kings,Chennai Super Kings,bat,Punjab Kings,3.0,,win,11954.0
392201,2009,6,SuperSport Park,2009-04-30,Indian Premier League,21.0,male,T20,T20,20,2009,club,SuperSport Park,Delhi Capitals,Kolkata Knight Riders,Delhi Capitals,field,Delhi Capitals,,6.0,win,13245.0
392202,2009,6,SuperSport Park,2009-04-30,Indian Premier League,22.0,male,T20,T20,20,2009,club,SuperSport Park,Rajasthan Royals,Chennai Super Kings,Rajasthan Royals,field,Chennai Super Kings,38.0,,win,47.0
392203,2009,6,Buffalo Park,2009-05-01,Indian Premier League,23.0,male,T20,T20,20,2009,club,Buffalo Park,Chennai Super Kings,Punjab Kings,Chennai Super Kings,bat,Chennai Super Kings,9.0,,win,1964.0
392204,2009,6,Kingsmead,2009-05-01,Indian Premier League,24.0,male,T20,T20,20,2009,club,Kingsmead,Royal Challengers Bengaluru,Royal Challengers Bengaluru,Punjab Kings,bat,Royal Challengers Bengaluru,8.0,,win,15.0
392205,2009,6,St George's Park,2009-05-02,Indian Premier League,25.0,male,T20,T20,20,2009,club,St George's Park,Kolkata Knight Riders,Kolkata Knight Riders,Rajasthan Royals,bat,Rajasthan Royals,,3.0,win,60.0
392206,2009,6,New Wanderers Stadium,2009-05-02,Indian Premier League,26.0,male,T20,T20,20,2009,club,New Wanderers Stadium,Delhi Capitals,Chennai Super Kings,Delhi Capitals,field,Chennai Super Kings,18.0,,win,53.0
392207,2009,6,St George's Park,2009-05-03,Indian Premier League,27.0,male,T20,T20,20,2009,club,St George's Park,Punjab Kings,Punjab Kings,Punjab Kings,bat,Punjab Kings,,6.0,win,12032.0
392208,2009,6,New Wanderers Stadium,2009-05-03,Indian Premier League,28.0,male,T20,T20,20,2009,club,New Wanderers Stadium,Chennai Super Kings,Royal Challengers Bengaluru,Chennai Super Kings,bat,Royal Challengers Bengaluru,,9.0,win,11933.0
392209,2009,6,Buffalo Park,2009-05-04,Indian Premier League,29.0,male,T20,T20,20,2009,club,Buffalo Park,Chennai Super Kings,Chennai Super Kings,Kolkata Knight Riders,bat,Chennai Super Kings,78.0,,win,38.0
392210,2009,6,Kingsmead,2009-05-05,Indian Premier League,30.0,male,T20,T20,20,2009,club,Kingsmead,Punjab Kings,Punjab Kings,Rajasthan Royals,field,Rajasthan Royals,78.0,,win,12107.0
392211,2009,6,Kingsmead,2009-05-05,Indian Premier League,31.0,male,T20,T20,20,2009,club,Kingsmead,Punjab Kings,Delhi Capitals,Punjab Kings,bat,Delhi Capitals,,9.0,win,56.0
392212,2009,6,SuperSport Park,2009-05-06,Indian Premier League,32.0,male,T20,T20,20,2009,club,SuperSport Park,Kolkata Knight Riders,Kolkata Knight Riders,Chennai Super Kings,bat,Kolkata Knight Riders,19.0,,win,25.0
392213,2009,6,SuperSport Park,2009-05-07,Indian Premier League,33.0,male,T20,T20,20,2009,club,SuperSport Park,Rajasthan Royals,Royal Challengers Bengaluru,Rajasthan Royals,field,Rajasthan Royals,,7.0,win,13810.0
392214,2009,6,SuperSport Park,2009-05-07,Indian Premier League,34.0,male,T20,T20,20,2009,club,SuperSport Park,Chennai Super Kings,Chennai Super Kings,Punjab Kings,bat,Chennai Super Kings,12.0,,win,11942.0
392215,2009,6,Buffalo Park,2009-05-08,Indian Premier League,35.0,male,T20,T20,20,2009,club,Buffalo Park,Chennai Super Kings,Delhi Capitals,Chennai Super Kings,bat,Delhi Capitals,,7.0,win,21.0
392216,2009,6,De Beers Diamond Oval,2009-05-09,Indian Premier League,36.0,male,T20,T20,20,2009,club,De Beers Diamond Oval,Punjab Kings,Kolkata Knight Riders,Punjab Kings,field,Punjab Kings,,3.0,win,12032.0
392217,2009,6,De Beers Diamond Oval,2009-05-09,Indian Premier League,37.0,male,T20,T20,20,2009,club,De Beers Diamond Oval,Rajasthan Royals,Chennai Super Kings,Rajasthan Royals,bat,Chennai Super Kings,,7.0,win,11947.0
392218,2009,6,St George's Park,2009-05-10,Indian Premier League,38.0,male,T20,T20,20,2009,club,St George's Park,Chennai Super Kings,Royal Challengers Bengaluru,Chennai Super Kings,bat,Chennai Super Kings,16.0,,win,1964.0
392219,2009,6,New Wanderers Stadium,2009-05-10,Indian Premier League,39.0,male,T20,T20,20,2009,club,New Wanderers Stadium,Delhi Capitals,Delhi Capitals,Punjab Kings,field,Delhi Capitals,,7.0,win,185.0
392220,2009,6,De Beers Diamond Oval,2009-05-11,Indian Premier League,40.0,male,T20,T20,20,2009,club,De Beers Diamond Oval,Kolkata Knight Riders,Kolkata Knight Riders,Rajasthan Royals,bat,Kolkata Knight Riders,53.0,,win,50.0
392221,2009,6,SuperSport Park,2009-05-12,Indian Premier League,41.0,male,T20,T20,20,2009,club,SuperSport Park,Royal Challengers Bengaluru,Royal Challengers Bengaluru,Punjab Kings,field,Royal Challengers Bengaluru,,6.0,win,11998.0
392222,2009,6,SuperSport Park,2009-05-12,Indian Premier League,42.0,male,T20,T20,20,2009,club,SuperSport Park,Punjab Kings,Punjab Kings,Chennai Super Kings,bat,Chennai Super Kings,,8.0,win,228.0
392223,2009,6,Kingsmead,2009-05-13,Indian Premier League,43.0,male,T20,T20,20,2009,club,Kingsmead,Kolkata Knight Riders,Kolkata Knight Riders,Delhi Capitals,field,Delhi Capitals,12.0,,win,40.0
392224,2009,6,Kingsmead,2009-05-14,Indian Premier League,44.0,male,T20,T20,20,2009,club,Kingsmead,Chennai Super Kings,Royal Challengers Bengaluru,Chennai Super Kings,bat,Royal Challengers Bengaluru,,2.0,win,11998.0
392225,2009,6,Kingsmead,2009-05-14,Indian Premier League,45.0,male,T20,T20,20,2009,club,Kingsmead,Rajasthan Royals,Chennai Super Kings,Rajasthan Royals,bat,Rajasthan Royals,2.0,,win,11971.0
392226,2009,6,OUTsurance Oval,2009-05-15,Indian Premier League,46.0,male,T20,T20,20,2009,club,OUTsurance Oval,Punjab Kings,Delhi Capitals,Punjab Kings,field,Punjab Kings,,6.0,win,11959.0
392227,2009,6,St George's Park,2009-05-16,Indian Premier League,47.0,male,T20,T20,20,2009,club,St George's Park,Chennai Super Kings,Chennai Super Kings,Chennai Super Kings,bat,Chennai Super Kings,,7.0,win,11942.0
392228,2009,6,New Wanderers Stadium,2009-05-16,Indian Premier League,48.0,male,T20,T20,20,2009,club,New Wanderers Stadium,Kolkata Knight Riders,Kolkata Knight Riders,Punjab Kings,field,Kolkata Knight Riders,,6.0,win,25.0
392229,2009,6,New Wanderers Stadium,2009-05-17,Indian Premier League,49.0,male,T20,T20,20,2009,club,New Wanderers Stadium,Kolkata Knight Riders,Kolkata Knight Riders,Punjab Kings,field,Punjab Kings,1.0,,win,15.0
392230,2009,6,OUTsurance Oval,2009-05-17,Indian Premier League,50.0,male,T20,T20,20,2009,club,OUTsurance Oval,Delhi Capitals,Delhi Capitals,Rajasthan Royals,bat,Delhi Capitals,14.0,,win,245.0
392231,2009,6,SuperSport Park,2009-05-18,Indian Premier League,51.0,male,T20,T20,20,2009,club,SuperSport Park,Chennai Super Kings,Chennai Super Kings,Punjab Kings,bat,Punjab Kings,,7.0,win,12318.0
392232,2009,6,New Wanderers Stadium,2009-05-19,Indian Premier League,52.0,male,T20,T20,20,2009,club,New Wanderers Stadium,Delhi Capitals,Royal Challengers Bengaluru,Delhi Capitals,bat,Royal Challengers Bengaluru,,7.0,win,11933.0
392233,2009,6,Kingsmead,2009-05-20,Indian Premier League,53.0,male,T20,T20,20,2009,club,Kingsmead,Punjab Kings,Punjab Kings,Rajasthan Royals,field,Punjab Kings,,4.0,win,11924.0
392234,2009,6,Kingsmead,2009-05-20,Indian Premier League,54.0,male,T20,T20,20,2009,club,Kingsmead,Chennai Super Kings,Chennai Super Kings,Punjab Kings,bat,Chennai Super Kings,24.0,,win,11951.0
392235,2009,6,SuperSport Park,2009-05-21,Indian Premier League,55.0,male,T20,T20,20,2009,club,SuperSport Park,Delhi Capitals,Delhi Capitals,Chennai Super Kings,field,Delhi Capitals,,4.0,win,11975.0
392236,2009,6,SuperSport Park,2009-05-21,Indian Premier League,56.0,male,T20,T20,20,2009,club,SuperSport Park,Royal Challengers Bengaluru,Royal Challengers Bengaluru,Kolkata Knight Riders,bat,Royal Challengers Bengaluru,12.0,,win,59.0
392237,2009,6,SuperSport Park,2009-05-22,Indian Premier League,,male,T20,T20,20,2009,club,SuperSport Park,Kolkata Knight Riders,Delhi Capitals,Kolkata Knight Riders,field,Kolkata Knight Riders,,6.0,win,12007.0
392238,2009,6,New Wanderers Stadium,2009-05-23,Indian Premier League,,male,T20,T20,20,2009,club,New Wanderers Stadium,Royal Challengers Bengaluru,Royal Challengers Bengaluru,Chennai Super Kings,field,Royal Challengers Bengaluru,,6.0,win,59.0
392239,2009,6,New Wanderers Stadium,2009-05-24,Indian Premier League,,male,T20,T20,20,2009,club,New Wanderers Stadium,Royal Challengers Bengaluru,Royal Challengers Bengaluru,Kolkata Knight Riders,field,Kolkata Knight Riders,6.0,,win,12160.0
419106,2010,6,Dr DY Patil Sports Academy,2010-03-12,Indian Premier League,1.0,male,T20,T20,20,2010,club,Dr DY Patil Sports Academy,Kolkata Knight Riders,Kolkata Knight Riders,Punjab Kings,field,Punjab Kings,11.0,,win,457.0
419107,2010,6,Brabourne Stadium,2010-03-13,Indian Premier League,2.0,male,T20,T20,20,2010,club,Brabourne Stadium,Chennai Super Kings,Chennai Super Kings,Rajasthan Royals,bat,Chennai Super Kings,4.0,,win,60.0
419108,2010,6,"Punjab Cricket Association Stadium, Mohali",2010-03-13,Indian Premier League,3.0,male,T20,T20,20,2010,club,"Punjab Cricket Association Stadium, Mohali",Delhi Capitals,Punjab Kings,Delhi Capitals,field,Delhi Capitals,,5.0,win,56.0
419109,2010,6,Eden Gardens,2010-03-14,Indian Premier League,4.0,male,T20,T20,20,2010,club,Eden Gardens,Punjab Kings,Punjab Kings,Royal Challengers Bengaluru,field,Punjab Kings,,7.0,win,39.0
419110,2010,6,"MA Chidambaram Stadium, Chepauk",2010-03-14,Indian Premier League,5.0,male,T20,T20,20,2010,club,"MA Chidambaram Stadium, Chepauk",Kolkata Knight Riders,Chennai Super Kings,Kolkata Knight Riders,bat,Kolkata Knight Riders,31.0,,win,12015.0
419111,2010,6,"Sardar Patel Stadium, Motera",2010-03-15,Indian Premier League,6.0,male,T20,T20,20,2010,club,"Sardar Patel Stadium, Motera",Delhi Capitals,Rajasthan Royals,Delhi Capitals,field,Delhi Capitals,,6.0,win,11975.0
419112,2010,6,M Chinnaswamy Stadium,2010-03-16,Indian Premier League,7.0,male,T20,T20,20,2010,club,M Chinnaswamy Stadium,Punjab Kings,Royal Challengers Bengaluru,Punjab Kings,bat,Royal Challengers Bengaluru,,8.0,win,11933.0
419113,2010,6,Eden Gardens,2010-03-16,Indian Premier League,8.0,male,T20,T20,20,2010,club,Eden Gardens,Chennai Super Kings,Punjab Kings,Chennai Super Kings,bat,Chennai Super Kings,55.0,,win,38.0
419114,2010,6,Feroz Shah Kotla,2010-03-17,Indian Premier League,9.0,male,T20,T20,20,2010,club,Feroz Shah Kotla,Delhi Capitals,Delhi Capitals,Chennai Super Kings,field,Chennai Super Kings,98.0,,win,12580.0
419115,2010,6,M Chinnaswamy Stadium,2010-03-18,Indian Premier League,10.0,male,T20,T20,20,2010,club,M Chinnaswamy Stadium,Royal Challengers Bengaluru,Royal Challengers Bengaluru,Rajasthan Royals,field,Royal Challengers Bengaluru,,10.0,win,11933.0
419116,2010,6,Feroz Shah Kotla,2010-03-19,Indian Premier League,11.0,male,T20,T20,20,2010,club,Feroz Shah Kotla,Delhi Capitals,Delhi Capitals,Chennai Super Kings,bat,Chennai Super Kings,,5.0,win,11942.0
419117,2010,6,Barabati Stadium,2010-03-19,Indian Premier League,12.0,male,T20,T20,20,2010,club,Barabati Stadium,Punjab Kings,Kolkata Knight Riders,Punjab Kings,field,Kolkata Knight Riders,6.0,,win,12010.0
419118,2010,6,"Sardar Patel Stadium, Motera",2010-03-20,Indian Premier League,13.0,male,T20,T20,20,2010,club,"Sardar Patel Stadium, Motera",Rajasthan Royals,Rajasthan Royals,Punjab Kings,bat,Rajasthan Royals,34.0,,win,14485.0
419119,2010,6,Brabourne Stadium,2010-03-20,Indian Premier League,14.0,male,T20,T20,20,2010,club,Brabourne Stadium,Chennai Super Kings,Chennai Super Kings,Royal Challengers Bengaluru,bat,Royal Challengers Bengaluru,,7.0,win,11933.0
419120,2010,6,Barabati Stadium,2010-03-21,Indian Premier League,15.0,male,T20,T20,20,2010,club,Barabati Stadium,Kolkata Knight Riders,Kolkata Knight Riders,Delhi Capitals,bat,Kolkata Knight Riders,10.0,,win,12010.0
419121,2010,6,"MA Chidambaram Stadium, Chepauk",2010-03-21,Indian Premier League,16.0,male,T20,T20,20,2010,club,"MA Chidambaram Stadium, Chepauk",Chennai Super Kings,Chennai Super Kings,Punjab Kings,field,Punjab Kings,,,tie,14798.0
419122,2010,6,Brabourne Stadium,2010-03-22,Indian Premier League,17.0,male,T20,T20,20,2010,club,Brabourne Stadium,Punjab Kings,Chennai Super Kings,Punjab Kings,bat,Chennai Super Kings,,7.0,win,12580.0
419123,2010,6,M Chinnaswamy Stadium,2010-03-23,Indian Premier League,18.0,male,T20,T20,20,2010,club,M Chinnaswamy Stadium,Chennai Super Kings,Royal Challengers Bengaluru,Chennai Super Kings,field,Royal Challengers Bengaluru,36.0,,win,58.0
419124,2010,6,"Punjab Cricket Association Stadium, Mohali",2010-03-24,Indian Premier League,19.0,male,T20,T20,20,2010,club,"Punjab Cricket Association Stadium, Mohali",Punjab Kings,Punjab Kings,Rajasthan Royals,field,Rajasthan Royals,31.0,,win,14729.0
419125,2010,6,"Brabourne Stadium, Mumbai",2010-03-25,Indian Premier League,21.0,male,T20,T20,20,2010,club,"Brabourne Stadium, Mumbai",Chennai Super Kings,Chennai Super Kings,Chennai Super Kings,field,Chennai Super Kings,,5.0,win,12580.0
419126,2010,6,"Sardar Patel Stadium, Motera",2010-03-26,Indian Premier League,22.0,male,T20,T20,20,2010,club,"Sardar Patel Stadium, Motera",Kolkata Knight Riders,Rajasthan Royals,Kolkata Knight Riders,bat,Rajasthan Royals,,8.0,win,60.0
419127,2010,6,"Punjab Cricket Association Stadium, Mohali",2010-03-27,Indian Premier League,23.0,male,T20,T20,20,2010,club,"Punjab Cricket Association Stadium, Mohali",Punjab Kings,Punjab Kings,Punjab Kings,bat,Punjab Kings,39.0,,win,39.0
419128,2010,6,M Chinnaswamy Stadium,2010-03-25,Indian Premier League,20.0,male,T20,T20,20,2010,club,M Chinnaswamy Stadium,Royal Challengers Bengaluru,Royal Challengers Bengaluru,Delhi Capitals,field,Delhi Capitals,17.0,,win,4.0
419129,2010,6,"Sardar Patel Stadium, Motera",2010-03-28,Indian Premier League,24.0,male,T20,T20,20,2010,club,"Sardar Patel Stadium, Motera",Rajasthan Royals,Rajasthan Royals,Chennai Super Kings,bat,Rajasthan Royals,17.0,,win,18.0
419130,2010,6,Dr DY Patil Sports Academy,2010-03-28,Indian Premier League,25.0,male,T20,T20,20,2010,club,Dr DY Patil Sports Academy,Kolkata Knight Riders,Kolkata Knight Riders,Chennai Super Kings,field,Chennai Super Kings,41.0,,win,228.0
419131,2010,6,Feroz Shah Kotla,2010-03-29,Indian Premier League,26.0,male,T20,T20,20,2010,club,Feroz Shah Kotla,Delhi Capitals,Delhi Capitals,Punjab Kings,bat,Delhi Capitals,40.0,,win,12.0
419132,2010,6,Brabourne Stadium,2010-03-30,Indian Premier League,27.0,male,T20,T20,20,2010,club,Brabourne Stadium,Chennai Super Kings,Chennai Super Kings,Punjab Kings,field,Chennai Super Kings,,4.0,win,230.0
419133,2010,6,"MA Chidambaram Stadium, Chepauk",2010-03-31,Indian Premier League,28.0,male,T20,T20,20,2010,club,"MA Chidambaram Stadium, Chepauk",Royal Challengers Bengaluru,Chennai Super Kings,Royal Challengers Bengaluru,bat,Chennai Super Kings,,5.0,win,1630.0
419134,2010,6,Feroz Shah Kotla,2010-03-31,Indian Premier League,29.0,male,T20,T20,20,2010,club,Feroz Shah Kotla,Delhi Capitals,Delhi Capitals,Rajasthan Royals,bat,Delhi Capitals,67.0,,win,49.0
419135,2010,6,Eden Gardens,2010-04-01,Indian Premier League,30.0,male,T20,T20,20,2010,club,Eden Gardens,Punjab Kings,Punjab Kings,Kolkata Knight Riders,bat,Punjab Kings,24.0,,win,11919.0
419136,2010,6,"Punjab Cricket Association Stadium, Mohali",2010-04-02,Indian Premier League,31.0,male,T20,T20,20,2010,club,"Punjab Cricket Association Stadium, Mohali",Punjab Kings,Punjab Kings,Royal Challengers Bengaluru,bat,Royal Challengers Bengaluru,,6.0,win,13231.0
419137,2010,6,"MA Chidambaram Stadium, Chepauk",2010-04-03,Indian Premier League,32.0,male,T20,T20,20,2010,club,"MA Chidambaram Stadium, Chepauk",Chennai Super Kings,Chennai Super Kings,Rajasthan Royals,bat,Chennai Super Kings,23.0,,win,1630.0
419138,2010,6,Brabourne Stadium,2010-04-03,Indian Premier League,33.0,male,T20,T20,20,2010,club,Brabourne Stadium,Chennai Super Kings,Chennai Super Kings,Kolkata Knight Riders,bat,Chennai Super Kings,63.0,,win,27.0
419139,2010,6,Eden Gardens,2010-04-04,Indian Premier League,34.0,male,T20,T20,20,2010,club,Eden Gardens,Punjab Kings,Punjab Kings,Punjab Kings,bat,Punjab Kings,,8.0,win,12032.0
419140,2010,6,Feroz Shah Kotla,2010-04-04,Indian Premier League,35.0,male,T20,T20,20,2010,club,Feroz Shah Kotla,Delhi Capitals,Delhi Capitals,Royal Challengers Bengaluru,bat,Delhi Capitals,37.0,,win,15003.0
419141,2010,6,"Vidarbha Cricket Association Stadium, Jamtha",2010-04-05,Indian Premier League,36.0,male,T20,T20,20,2010,club,"Vidarbha Cricket Association Stadium, Jamtha",Rajasthan Royals,Kolkata Knight Riders,Rajasthan Royals,bat,Rajasthan Royals,2.0,,win,11971.0
419142,2010,6,"MA Chidambaram Stadium, Chepauk",2010-04-06,Indian Premier League,37.0,male,T20,T20,20,2010,club,"MA Chidambaram Stadium, Chepauk",Chennai Super Kings,Chennai Super Kings,Chennai Super Kings,bat,Chennai Super Kings,24.0,,win,47.0
419143,2010,6,Sawai Mansingh Stadium,2010-04-07,Indian Premier League,38.0,male,T20,T20,20,2010,club,Sawai Mansingh Stadium,Punjab Kings,Rajasthan Royals,Punjab Kings,bat,Rajasthan Royals,,9.0,win,14648.0
419144,2010,6,Eden Gardens,2010-04-07,Indian Premier League,39.0,male,T20,T20,20,2010,club,Eden Gardens,Punjab Kings,Punjab Kings,Delhi Capitals,bat,Punjab Kings,14.0,,win,11919.0
419145,2010,6,M Chinnaswamy Stadium,2010-04-08,Indian Premier League,40.0,male,T20,T20,20,2010,club,M Chinnaswamy Stadium,Kolkata Knight Riders,Royal Challengers Bengaluru,Kolkata Knight Riders,field,Kolkata Knight Riders,,7.0,win,13595.0
419146,2010,6,"Punjab Cricket Association Stadium, Mohali",2010-04-09,Indian Premier League,41.0,male,T20,T20,20,2010,club,"Punjab Cricket Association Stadium, Mohali",Chennai Super Kings,Punjab Kings,Chennai Super Kings,bat,Punjab Kings,,6.0,win,11954.0
419147,2010,6,"Vidarbha Cricket Association Stadium, Jamtha",2010-04-10,Indian Premier League,42.0,male,T20,T20,20,2010,club,"Vidarbha Cricket Association Stadium, Jamtha",Chennai Super Kings,Kolkata Knight Riders,Chennai Super Kings,bat,Kolkata Knight Riders,,6.0,win,13785.0
419148,2010,6,M Chinnaswamy Stadium,2010-04-10,Indian Premier League,43.0,male,T20,T20,20,2010,club,M Chinnaswamy Stadium,Royal Challengers Bengaluru,Royal Challengers Bengaluru,Punjab Kings,field,Royal Challengers Bengaluru,,7.0,win,1242.0
419149,2010,6,Feroz Shah Kotla,2010-04-11,Indian Premier League,44.0,male,T20,T20,20,2010,club,Feroz Shah Kotla,Delhi Capitals,Delhi Capitals,Punjab Kings,bat,Punjab Kings,,7.0,win,63.0
419150,2010,6,Sawai Mansingh Stadium,2010-04-11,Indian Premier League,45.0,male,T20,T20,20,2010,club,Sawai Mansingh Stadium,Rajasthan Royals,Rajasthan Royals,Chennai Super Kings,field,Chennai Super Kings,37.0,,win,12580.0
419151,2010,6,"Vidarbha Cricket Association Stadium, Jamtha",2010-04-12,Indian Premier League,46.0,male,T20,T20,20,2010,club,"Vidarbha Cricket Association Stadium, Jamtha",Royal Challengers Bengaluru,Kolkata Knight Riders,Royal Challengers Bengaluru,field,Kolkata Knight Riders,13.0,,win,13267.0
419152,2010,6,Brabourne Stadium,2010-04-13,Indian Premier League,47.0,male,T20,T20,20,2010,club,Brabourne Stadium,Chennai Super Kings,Chennai Super Kings,Delhi Capitals,bat,Chennai Super Kings,39.0,,win,29.0
419153,2010,6,"MA Chidambaram Stadium, Chepauk",2010-04-13,Indian Premier League,48.0,male,T20,T20,20,2010,club,"MA Chidambaram Stadium, Chepauk",Punjab Kings,Chennai Super Kings,Punjab Kings,bat,Chennai Super Kings,,9.0,win,1416.0
419154,2010,6,Sawai Mansingh Stadium,2010-04-14,Indian Premier League,49.0,male,T20,T20,20,2010,club,Sawai Mansingh Stadium,Rajasthan Royals,Rajasthan Royals,Royal Challengers Bengaluru,bat,Royal Challengers Bengaluru,,5.0,win,13231.0
419155,2010,6,"MA Chidambaram Stadium, Chepauk",2010-04-15,Indian Premier League,50.0,male,T20,T20,20,2010,club,"MA Chidambaram Stadium, Chepauk",Chennai Super Kings,Chennai Super Kings,Delhi Capitals,bat,Delhi Capitals,,6.0,win,56.0
419156,2010,6,Himachal Pradesh Cricket Association Stadium,2010-04-16,Indian Premier League,51.0,male,T20,T20,20,2010,club,Himachal Pradesh Cricket Association Stadium,Kolkata Knight Riders,Punjab Kings,Kolkata Knight Riders,field,Kolkata Knight Riders,,5.0,win,25.0
419157,2010,6,M Chinnaswamy Stadium,2010-04-17,Indian Premier League,52.0,male,T20,T20,20,2010,club,M Chinnaswamy Stadium,Royal Challengers Bengaluru,Royal Challengers Bengaluru,Chennai Super Kings,field,Chennai Super Kings,57.0,,win,14478.0
419158,2010,6,Eden Gardens,2010-04-17,Indian Premier League,53.0,male,T20,T20,20,2010,club,Eden Gardens,Rajasthan Royals,Punjab Kings,Rajasthan Royals,bat,Punjab Kings,,8.0,win,438.0
419159,2010,6,Himachal Pradesh Cricket Association Stadium,2010-04-18,Indian Premier League,54.0,male,T20,T20,20,2010,club,Himachal Pradesh Cricket Association Stadium,Chennai Super Kings,Punjab Kings,Chennai Super Kings,field,Chennai Super Kings,,6.0,win,38.0
419160,2010,6,Feroz Shah Kotla,2010-04-18,Indian Premier League,55.0,male,T20,T20,20,2010,club,Feroz Shah Kotla,Kolkata Knight Riders,Delhi Capitals,Kolkata Knight Riders,bat,Kolkata Knight Riders,11.0,,win,12010.0
419161,2010,6,Eden Gardens,2010-04-19,Indian Premier League,56.0,male,T20,T20,20,2010,club,Eden Gardens,Chennai Super Kings,Punjab Kings,Chennai Super Kings,bat,Punjab Kings,,9.0,win,11928.0
419162,2010,6,Dr DY Patil Sports Academy,2010-04-21,Indian Premier League,,male,T20,T20,20,2010,club,Dr DY Patil Sports Academy,Chennai Super Kings,Royal Challengers Bengaluru,Chennai Super Kings,bat,Chennai Super Kings,35.0,,win,29.0
419163,2010,6,Dr DY Patil Sports Academy,2010-04-22,Indian Premier League,,male,T20,T20,20,2010,club,Dr DY Patil Sports Academy,Chennai Super Kings,Chennai Super Kings,Kolkata Knight Riders,bat,Chennai Super Kings,38.0,,win,15140.0
419164,2010,6,Dr DY Patil Sports Academy,2010-04-24,Indian Premier League,,male,T20,T20,20,2010,club,Dr DY Patil Sports Academy,Kolkata Knight Riders,Royal Challengers Bengaluru,Kolkata Knight Riders,bat,Royal Challengers Bengaluru,,9.0,win,12160.0
419165,2010,6,Dr DY Patil Sports Academy,2010-04-25,Indian Premier League,,male,T20,T20,20,2010,club,Dr DY Patil Sports Academy,Chennai Super Kings,Chennai Super Kings,Chennai Super Kings,bat,Chennai Super Kings,22.0,,win,47.0
501198,2011,6,"MA Chidambaram Stadium, Chepauk",2011-04-08,Indian Premier League,1.0,male,T20,T20,20,2011,club,"MA Chidambaram Stadium, Chepauk",Chennai Super Kings,Chennai Super Kings,Punjab Kings,bat,Chennai Super Kings,2.0,,win,12471.0
501199,2011,6,"Rajiv Gandhi International Stadium, Uppal",2011-04-09,Indian Premier League,2.0,male,T20,T20,20,2011,club,"Rajiv Gandhi International Stadium, Uppal",Rajasthan Royals,Kolkata Knight Riders,Rajasthan Royals,field,Rajasthan Royals,,8.0,win,11972.0
501200,2011,6,Nehru Stadium,2011-04-09,Indian Premier League,3.0,male,T20,T20,20,2011,club,Nehru Stadium,Kochi Tuskers Kerala,Kochi Tuskers Kerala,Royal Challengers Bengaluru,bat,Royal Challengers Bengaluru,,6.0,win,245.0
501201,2011,6,Feroz Shah Kotla,2011-04-10,Indian Premier League,4.0,male,T20,T20,20,2011,club,Feroz Shah Kotla,Delhi Capitals,Delhi Capitals,Chennai Super Kings,bat,Chennai Super Kings,,8.0,win,230.0
501202,2011,6,Dr DY Patil Sports Academy,2011-04-10,Indian Premier League,5.0,male,T20,T20,20,2011,club,Dr DY Patil Sports Academy,Punjab Kings,Pune Warriors India,Punjab Kings,bat,Pune Warriors India,,7.0,win,15150.0
501203,2011,6,Eden Gardens,2011-04-11,Indian Premier League,6.0,male,T20,T20,20,2011,club,Eden Gardens,Punjab Kings,Punjab Kings,Kolkata Knight Riders,bat,Punjab Kings,9.0,,win,11933.0
501204,2011,6,Sawai Mansingh Stadium,2011-04-12,Indian Premier League,7.0,male,T20,T20,20,2011,club,Sawai Mansingh Stadium,Delhi Capitals,Rajasthan Royals,Delhi Capitals,bat,Rajasthan Royals,,6.0,win,11971.0
501205,2011,6,M Chinnaswamy Stadium,2011-04-12,Indian Premier League,8.0,male,T20,T20,20,2011,club,M Chinnaswamy Stadium,Chennai Super Kings,Royal Challengers Bengaluru,Chennai Super Kings,field,Chennai Super Kings,,9.0,win,12580.0
501206,2011,6,"Punjab Cricket Association Stadium, Mohali",2011-04-13,Indian Premier League,9.0,male,T20,T20,20,2011,club,"Punjab Cricket Association Stadium, Mohali",Punjab Kings,Punjab Kings,Chennai Super Kings,field,Punjab Kings,,6.0,win,13383.0
501207,2011,6,Dr DY Patil Sports Academy,2011-04-13,Indian Premier League,10.0,male,T20,T20,20,2011,club,Dr DY Patil Sports Academy,Kochi Tuskers Kerala,Pune Warriors India,Kochi Tuskers Kerala,bat,Pune Warriors India,,4.0,win,14757.0
501208,2011,6,"Rajiv Gandhi International Stadium, Uppal",2011-04-14,Indian Premier League,11.0,male,T20,T20,20,2011,club,"Rajiv Gandhi International Stadium, Uppal",Royal Challengers Bengaluru,Kolkata Knight Riders,Royal Challengers Bengaluru,field,Kolkata Knight Riders,33.0,,win,3451.0
501209,2011,6,Sawai Mansingh Stadium,2011-04-15,Indian Premier League,12.0,male,T20,T20,20,2011,club,Sawai Mansingh Stadium,Punjab Kings,Rajasthan Royals,Punjab Kings,field,Punjab Kings,,9.0,win,56.0
501210,2011,6,Wankhede Stadium,2011-04-15,Indian Premier League,13.0,male,T20,T20,20,2011,club,Wankhede Stadium,Kochi Tuskers Kerala,Chennai Super Kings,Kochi Tuskers Kerala,field,Kochi Tuskers Kerala,,8.0,win,46.0
501211,2011,6,"MA Chidambaram Stadium, Chepauk",2011-04-16,Indian Premier League,14.0,male,T20,T20,20,2011,club,"MA Chidambaram Stadium, Chepauk",Chennai Super Kings,Chennai Super Kings,Royal Challengers Bengaluru,bat,Chennai Super Kings,21.0,,win,11943.0
501212,2011,6,"Rajiv Gandhi International Stadium, Uppal",2011-04-16,Indian Premier League,15.0,male,T20,T20,20,2011,club,"Rajiv Gandhi International Stadium, Uppal",Punjab Kings,Kolkata Knight Riders,Punjab Kings,field,Punjab Kings,,8.0,win,13383.0
501213,2011,6,Dr DY Patil Sports Academy,2011-04-17,Indian Premier League,16.0,male,T20,T20,20,2011,club,Dr DY Patil Sports Academy,Delhi Capitals,Pune Warriors India,Delhi Capitals,field,Delhi Capitals,,3.0,win,15.0
501214,2011,6,Eden Gardens,2011-04-17,Indian Premier League,17.0,male,T20,T20,20,2011,club,Eden Gardens,Punjab Kings,Punjab Kings,Rajasthan Royals,field,Punjab Kings,,8.0,win,12523.0
501215,2011,6,Nehru Stadium,2011-04-18,Indian Premier League,18.0,male,T20,T20,20,2011,club,Nehru Stadium,Kochi Tuskers Kerala,Kochi Tuskers Kerala,Chennai Super Kings,field,Kochi Tuskers Kerala,,7.0,win,46.0
501216,2011,6,Feroz Shah Kotla,2011-04-19,Indian Premier League,19.0,male,T20,T20,20,2011,club,Feroz Shah Kotla,Kolkata Knight Riders,Delhi Capitals,Kolkata Knight Riders,bat,Kolkata Knight Riders,16.0,,win,12035.0
501218,2011,6,Wankhede Stadium,2011-04-20,Indian Premier League,21.0,male,T20,T20,20,2011,club,Wankhede Stadium,Pune Warriors India,Chennai Super Kings,Pune Warriors India,bat,Chennai Super Kings,,7.0,win,418.0
501219,2011,6,Eden Gardens,2011-04-20,Indian Premier League,22.0,male,T20,T20,20,2011,club,Eden Gardens,Punjab Kings,Punjab Kings,Kochi Tuskers Kerala,field,Kochi Tuskers Kerala,6.0,,win,12032.0
501220,2011,6,"Punjab Cricket Association Stadium, Mohali",2011-04-21,Indian Premier League,23.0,male,T20,T20,20,2011,club,"Punjab Cricket Association Stadium, Mohali",Rajasthan Royals,Punjab Kings,Rajasthan Royals,field,Punjab Kings,48.0,,win,541.0
501221,2011,6,Wankhede Stadium,2011-04-22,Indian Premier League,25.0,male,T20,T20,20,2011,club,Wankhede Stadium,Chennai Super Kings,Chennai Super Kings,Chennai Super Kings,field,Chennai Super Kings,8.0,,win,228.0
501222,2011,6,Eden Gardens,2011-04-22,Indian Premier League,24.0,male,T20,T20,20,2011,club,Eden Gardens,Royal Challengers Bengaluru,Punjab Kings,Royal Challengers Bengaluru,field,Royal Challengers Bengaluru,,9.0,win,1.0
501223,2011,6,Feroz Shah Kotla,2011-04-23,Indian Premier League,26.0,male,T20,T20,20,2011,club,Feroz Shah Kotla,Punjab Kings,Delhi Capitals,Punjab Kings,field,Delhi Capitals,29.0,,win,12.0
501224,2011,6,"Rajiv Gandhi International Stadium, Uppal",2011-04-24,Indian Premier League,27.0,male,T20,T20,20,2011,club,"Rajiv Gandhi International Stadium, Uppal",Kolkata Knight Riders,Kolkata Knight Riders,Chennai Super Kings,field,Chennai Super Kings,37.0,,win,230.0
501225,2011,6,Sawai Mansingh Stadium,2011-04-24,Indian Premier League,28.0,male,T20,T20,20,2011,club,Sawai Mansingh Stadium,Rajasthan Royals,Rajasthan Royals,Kochi Tuskers Kerala,field,Rajasthan Royals,,8.0,win,11971.0
501226,2011,6,"MA Chidambaram Stadium, Chepauk",2011-04-25,Indian Premier League,29.0,male,T20,T20,20,2011,club,"MA Chidambaram Stadium, Chepauk",Pune Warriors India,Chennai Super Kings,Pune Warriors India,field,Chennai Super Kings,25.0,,win,11943.0
501227,2011,6,Feroz Shah Kotla,2011-04-26,Indian Premier League,30.0,male,T20,T20,20,2011,club,Feroz Shah Kotla,Royal Challengers Bengaluru,Delhi Capitals,Royal Challengers Bengaluru,field,Royal Challengers Bengaluru,,3.0,win,332.0
501228,2011,6,Dr DY Patil Sports Academy,2011-04-27,Indian Premier League,31.0,male,T20,T20,20,2011,club,Dr DY Patil Sports Academy,Pune Warriors India,Pune Warriors India,Chennai Super Kings,bat,Chennai Super Kings,,8.0,win,15140.0
501229,2011,6,Nehru Stadium,2011-04-27,Indian Premier League,32.0,male,T20,T20,20,2011,club,Nehru Stadium,Kochi Tuskers Kerala,Kochi Tuskers Kerala,Kolkata Knight Riders,field,Kolkata Knight Riders,55.0,,win,308.0
501230,2011,6,Feroz Shah Kotla,2011-04-28,Indian Premier League,33.0,male,T20,T20,20,2011,club,Feroz Shah Kotla,Delhi Capitals,Delhi Capitals,Punjab Kings,field,Punjab Kings,17.0,,win,39.0
501231,2011,6,Sawai Mansingh Stadium,2011-04-29,Indian Premier League,34.0,male,T20,T20,20,2011,club,Sawai Mansingh Stadium,Rajasthan Royals,Rajasthan Royals,Chennai Super Kings,field,Rajasthan Royals,,7.0,win,14136.0
501232,2011,6,M Chinnaswamy Stadium,2011-04-29,Indian Premier League,35.0,male,T20,T20,20,2011,club,M Chinnaswamy Stadium,Pune Warriors India,Royal Challengers Bengaluru,Pune Warriors India,field,Royal Challengers Bengaluru,26.0,,win,332.0
501233,2011,6,Nehru Stadium,2011-04-30,Indian Premier League,36.0,male,T20,T20,20,2011,club,Nehru Stadium,Delhi Capitals,Kochi Tuskers Kerala,Delhi Capitals,bat,Delhi Capitals,38.0,,win,11975.0
501234,2011,6,Eden Gardens,2011-04-30,Indian Premier League,37.0,male,T20,T20,20,2011,club,Eden Gardens,Punjab Kings,Punjab Kings,Punjab Kings,field,Punjab Kings,,8.0,win,173.0
501235,2011,6,Sawai Mansingh Stadium,2011-05-01,Indian Premier League,38.0,male,T20,T20,20,2011,club,Sawai Mansingh Stadium,Rajasthan Royals,Rajasthan Royals,Pune Warriors India,field,Rajasthan Royals,,6.0,win,11998.0
501236,2011,6,"MA Chidambaram Stadium, Chepauk",2011-05-01,Indian Premier League,39.0,male,T20,T20,20,2011,club,"MA Chidambaram Stadium, Chepauk",Chennai Super Kings,Chennai Super Kings,Kolkata Knight Riders,bat,Chennai Super Kings,19.0,,win,12234.0
501237,2011,6,Wankhede Stadium,2011-05-02,Indian Premier League,40.0,male,T20,T20,20,2011,club,Wankhede Stadium,Punjab Kings,Chennai Super Kings,Punjab Kings,field,Chennai Super Kings,23.0,,win,29.0
501238,2011,6,Feroz Shah Kotla,2011-05-02,Indian Premier League,41.0,male,T20,T20,20,2011,club,Feroz Shah Kotla,Kochi Tuskers Kerala,Delhi Capitals,Kochi Tuskers Kerala,field,Kochi Tuskers Kerala,,7.0,win,16648.0
501239,2011,6,"Rajiv Gandhi International Stadium, Uppal",2011-05-03,Indian Premier League,42.0,male,T20,T20,20,2011,club,"Rajiv Gandhi International Stadium, Uppal",Kolkata Knight Riders,Kolkata Knight Riders,Punjab Kings,field,Punjab Kings,20.0,,win,60.0
501240,2011,6,"MA Chidambaram Stadium, Chepauk",2011-05-04,Indian Premier League,43.0,male,T20,T20,20,2011,club,"MA Chidambaram Stadium, Chepauk",Rajasthan Royals,Chennai Super Kings,Rajasthan Royals,bat,Chennai Super Kings,,8.0,win,11943.0
501241,2011,6,Dr DY Patil Sports Academy,2011-05-04,Indian Premier League,44.0,male,T20,T20,20,2011,club,Dr DY Patil Sports Academy,Pune Warriors India,Pune Warriors India,Chennai Super Kings,field,Chennai Super Kings,21.0,,win,14765.0
501242,2011,6,Nehru Stadium,2011-05-05,Indian Premier League,45.0,male,T20,T20,20,2011,club,Nehru Stadium,Punjab Kings,Kochi Tuskers Kerala,Punjab Kings,field,Kochi Tuskers Kerala,17.0,,win,12318.0
501243,2011,6,"Rajiv Gandhi International Stadium, Uppal",2011-05-05,Indian Premier League,46.0,male,T20,T20,20,2011,club,"Rajiv Gandhi International Stadium, Uppal",Delhi Capitals,Kolkata Knight Riders,Delhi Capitals,field,Delhi Capitals,,4.0,win,11975.0
501244,2011,6,M Chinnaswamy Stadium,2011-05-06,Indian Premier League,47.0,male,T20,T20,20,2011,club,M Chinnaswamy Stadium,Punjab Kings,Royal Challengers Bengaluru,Punjab Kings,field,Royal Challengers Bengaluru,85.0,,win,1.0
501245,2011,6,Eden Gardens,2011-05-07,Indian Premier League,48.0,male,T20,T20,20,2011,club,Eden Gardens,Chennai Super Kings,Punjab Kings,Chennai Super Kings,bat,Punjab Kings,10.0,,win,173.0
501246,2011,6,Wankhede Stadium,2011-05-07,Indian Premier League,49.0,male,T20,T20,20,2011,club,Wankhede Stadium,Delhi Capitals,Chennai Super Kings,Delhi Capitals,field,Chennai Super Kings,32.0,,win,27.0
501247,2011,6,M Chinnaswamy Stadium,2011-05-08,Indian Premier League,50.0,male,T20,T20,20,2011,club,M Chinnaswamy Stadium,Kochi Tuskers Kerala,Royal Challengers Bengaluru,Kochi Tuskers Kerala,bat,Royal Challengers Bengaluru,,9.0,win,1.0
501248,2011,6,"Punjab Cricket Association Stadium, Mohali",2011-05-08,Indian Premier League,51.0,male,T20,T20,20,2011,club,"Punjab Cricket Association Stadium, Mohali",Punjab Kings,Punjab Kings,Pune Warriors India,bat,Pune Warriors India,,5.0,win,14765.0
501249,2011,6,Sawai Mansingh Stadium,2011-05-09,Indian Premier League,52.0,male,T20,T20,20,2011,club,Sawai Mansingh Stadium,Rajasthan Royals,Rajasthan Royals,Chennai Super Kings,field,Chennai Super Kings,63.0,,win,1630.0
501250,2011,6,"Rajiv Gandhi International Stadium, Uppal",2011-05-10,Indian Premier League,53.0,male,T20,T20,20,2011,club,"Rajiv Gandhi International Stadium, Uppal",Kolkata Knight Riders,Kolkata Knight Riders,Pune Warriors India,bat,Pune Warriors India,,6.0,win,4960.0
501251,2011,6,"Punjab Cricket Association Stadium, Mohali",2011-05-10,Indian Premier League,54.0,male,T20,T20,20,2011,club,"Punjab Cricket Association Stadium, Mohali",Chennai Super Kings,Punjab Kings,Chennai Super Kings,field,Punjab Kings,76.0,,win,15867.0
501252,2011,6,Sawai Mansingh Stadium,2011-05-11,Indian Premier League,55.0,male,T20,T20,20,2011,club,Sawai Mansingh Stadium,Royal Challengers Bengaluru,Rajasthan Royals,Royal Challengers Bengaluru,field,Royal Challengers Bengaluru,,9.0,win,8.0
501253,2011,6,"MA Chidambaram Stadium, Chepauk",2011-05-12,Indian Premier League,56.0,male,T20,T20,20,2011,club,"MA Chidambaram Stadium, Chepauk",Chennai Super Kings,Chennai Super Kings,Delhi Capitals,bat,Chennai Super Kings,18.0,,win,38.0
501254,2011,6,Holkar Cricket Stadium,2011-05-13,Indian Premier League,57.0,male,T20,T20,20,2011,club,Holkar Cricket Stadium,Punjab Kings,Kochi Tuskers Kerala,Punjab Kings,field,Punjab Kings,,6.0,win,49.0
501255,2011,6,M Chinnaswamy Stadium,2011-05-14,Indian Premier League,58.0,male,T20,T20,20,2011,club,M Chinnaswamy Stadium,Royal Challengers Bengaluru,Royal Challengers Bengaluru,Punjab Kings,field,Royal Challengers Bengaluru,,4.0,win,1.0
501256,2011,6,Wankhede Stadium,2011-05-14,Indian Premier League,59.0,male,T20,T20,20,2011,club,Wankhede Stadium,Kolkata Knight Riders,Chennai Super Kings,Kolkata Knight Riders,bat,Kolkata Knight Riders,10.0,,win,185.0
501257,2011,6,Himachal Pradesh Cricket Association Stadium,2011-05-15,Indian Premier League,60.0,male,T20,T20,20,2011,club,Himachal Pradesh Cricket Association Stadium,Delhi Capitals,Punjab Kings,Delhi Capitals,field,Punjab Kings,29.0,,win,63.0
501258,2011,6,Holkar Cricket Stadium,2011-05-15,Indian Premier League,61.0,male,T20,T20,20,2011,club,Holkar Cricket Stadium,Kochi Tuskers Kerala,Kochi Tuskers Kerala,Rajasthan Royals,field,Kochi Tuskers Kerala,,8.0,win,12318.0
501259,2011,6,Dr DY Patil Sports Academy,2011-05-16,Indian Premier League,62.0,male,T20,T20,20,2011,club,Dr DY Patil Sports Academy,Kolkata Knight Riders,Pune Warriors India,Kolkata Knight Riders,field,Kolkata Knight Riders,,6.0,win,185.0
501260,2011,6,Himachal Pradesh Cricket Association Stadium,2011-05-17,Indian Premier League,63.0,male,T20,T20,20,2011,club,Himachal Pradesh Cricket Association Stadium,Punjab Kings,Punjab Kings,Royal Challengers Bengaluru,bat,Punjab Kings,111.0,,win,12007.0
501261,2011,6,"MA Chidambaram Stadium, Chepauk",2011-05-18,Indian Premier League,64.0,male,T20,T20,20,2011,club,"MA Chidambaram Stadium, Chepauk",Chennai Super Kings,Chennai Super Kings,Kochi Tuskers Kerala,bat,Chennai Super Kings,11.0,,win,69.0
501262,2011,6,Dr DY Patil Sports Academy,2011-05-19,Indian Premier League,65.0,male,T20,T20,20,2011,club,Dr DY Patil Sports Academy,Punjab Kings,Pune Warriors India,Punjab Kings,field,Punjab Kings,,7.0,win,60.0
501263,2011,6,Wankhede Stadium,2011-05-20,Indian Premier League,66.0,male,T20,T20,20,2011,club,Wankhede Stadium,Chennai Super Kings,Chennai Super Kings,Rajasthan Royals,bat,Rajasthan Royals,,10.0,win,5.0
501264,2011,6,Himachal Pradesh Cricket Association Stadium,2011-05-21,Indian Premier League,67.0,male,T20,T20,20,2011,club,Himachal Pradesh Cricket Association Stadium,Punjab Kings,Punjab Kings,Kolkata Knight Riders,field,Kolkata Knight Riders,82.0,,win,13.0
501265,2011,6,Feroz Shah Kotla,2011-05-21,Indian Premier League,68.0,male,T20,T20,20,2011,club,Feroz Shah Kotla,Delhi Capitals,Delhi Capitals,Pune Warriors India,bat,Pune Warriors India,,,no result,
501266,2011,6,M Chinnaswamy Stadium,2011-05-22,Indian Premier League,69.0,male,T20,T20,20,2011,club,M Chinnaswamy Stadium,Royal Challengers Bengaluru,Royal Challengers Bengaluru,Chennai Super Kings,field,Royal Challengers Bengaluru,,8.0,win,1.0
501267,2011,6,Eden Gardens,2011-05-22,Indian Premier League,70.0,male,T20,T20,20,2011,club,Eden Gardens,Chennai Super Kings,Punjab Kings,Chennai Super Kings,field,Chennai Super Kings,,5.0,win,15851.0
501268,2011,6,Wankhede Stadium,2011-05-24,Indian Premier League,,male,T20,T20,20,2011,club,Wankhede Stadium,Chennai Super Kings,Royal Challengers Bengaluru,Chennai Super Kings,field,Chennai Super Kings,,6.0,win,47.0
501269,2011,6,Wankhede Stadium,2011-05-25,Indian Premier League,,male,T20,T20,20,2011,club,Wankhede Stadium,Chennai Super Kings,Chennai Super Kings,Punjab Kings,field,Chennai Super Kings,,4.0,win,418.0
501270,2011,6,"MA Chidambaram Stadium, Chepauk",2011-05-27,Indian Premier League,,male,T20,T20,20,2011,club,"MA Chidambaram Stadium, Chepauk",Chennai Super Kings,Royal Challengers Bengaluru,Chennai Super Kings,field,Royal Challengers Bengaluru,43.0,,win,1.0
501271,2011,6,"MA Chidambaram Stadium, Chepauk",2011-05-28,Indian Premier League,,male,T20,T20,20,2011,club,"MA Chidambaram Stadium, Chepauk",Chennai Super Kings,Chennai Super Kings,Royal Challengers Bengaluru,bat,Chennai Super Kings,58.0,,win,1630.0
548306,2012,6,"MA Chidambaram Stadium, Chepauk",2012-04-04,Indian Premier League,1.0,male,T20,T20,20,2012,club,"MA Chidambaram Stadium, Chepauk",Chennai Super Kings,Chennai Super Kings,Chennai Super Kings,field,Chennai Super Kings,,8.0,win,34272.0
548307,2012,6,Eden Gardens,2012-04-05,Indian Premier League,2.0,male,T20,T20,20,2012,club,Eden Gardens,Delhi Capitals,Punjab Kings,Delhi Capitals,field,Delhi Capitals,,8.0,win,811.0
548308,2012,6,Wankhede Stadium,2012-04-06,Indian Premier League,3.0,male,T20,T20,20,2012,club,Wankhede Stadium,Chennai Super Kings,Chennai Super Kings,Pune Warriors India,field,Pune Warriors India,28.0,,win,36.0
548309,2012,6,Sawai Mansingh Stadium,2012-04-06,Indian Premier League,4.0,male,T20,T20,20,2012,club,Sawai Mansingh Stadium,Punjab Kings,Rajasthan Royals,Punjab Kings,field,Rajasthan Royals,31.0,,win,34.0
548310,2012,6,M Chinnaswamy Stadium,2012-04-07,Indian Premier League,5.0,male,T20,T20,20,2012,club,M Chinnaswamy Stadium,Delhi Capitals,Royal Challengers Bengaluru,Delhi Capitals,field,Royal Challengers Bengaluru,20.0,,win,245.0
548311,2012,6,Dr. Y.S. Rajasekhara Reddy ACA-VDCA Cricket Stadium,2012-04-07,Indian Premier League,6.0,male,T20,T20,20,2012,club,Dr. Y.S. Rajasekhara Reddy ACA-VDCA Cricket Stadium,Kolkata Knight Riders,Kolkata Knight Riders,Chennai Super Kings,field,Chennai Super Kings,74.0,,win,348.0
548312,2012,6,Sawai Mansingh Stadium,2012-04-08,Indian Premier League,7.0,male,T20,T20,20,2012,club,Sawai Mansingh Stadium,Punjab Kings,Rajasthan Royals,Punjab Kings,field,Rajasthan Royals,22.0,,win,12318.0
548313,2012,6,Subrata Roy Sahara Stadium,2012-04-08,Indian Premier League,8.0,male,T20,T20,20,2012,club,Subrata Roy Sahara Stadium,Pune Warriors India,Pune Warriors India,Punjab Kings,bat,Pune Warriors India,22.0,,win,963.0
548314,2012,6,Dr. Y.S. Rajasekhara Reddy ACA-VDCA Cricket Stadium,2012-04-09,Indian Premier League,9.0,male,T20,T20,20,2012,club,Dr. Y.S. Rajasekhara Reddy ACA-VDCA Cricket Stadium,Kolkata Knight Riders,Kolkata Knight Riders,Chennai Super Kings,bat,Chennai Super Kings,,5.0,win,25.0
548315,2012,6,M Chinnaswamy Stadium,2012-04-10,Indian Premier League,10.0,male,T20,T20,20,2012,club,M Chinnaswamy Stadium,Royal Challengers Bengaluru,Royal Challengers Bengaluru,Punjab Kings,field,Punjab Kings,42.0,,win,12523.0
548316,2012,6,Feroz Shah Kotla,2012-04-10,Indian Premier League,11.0,male,T20,T20,20,2012,club,Feroz Shah Kotla,Delhi Capitals,Delhi Capitals,Chennai Super Kings,field,Delhi Capitals,,8.0,win,13863.0
548317,2012,6,Wankhede Stadium,2012-04-11,Indian Premier League,12.0,male,T20,T20,20,2012,club,Wankhede Stadium,Rajasthan Royals,Chennai Super Kings,Rajasthan Royals,field,Chennai Super Kings,27.0,,win,29.0
548318,2012,6,"MA Chidambaram Stadium, Chepauk",2012-04-12,Indian Premier League,13.0,male,T20,T20,20,2012,club,"MA Chidambaram Stadium, Chepauk",Royal Challengers Bengaluru,Chennai Super Kings,Royal Challengers Bengaluru,bat,Chennai Super Kings,,5.0,win,267.0
548319,2012,6,"Punjab Cricket Association Stadium, Mohali",2012-04-12,Indian Premier League,14.0,male,T20,T20,20,2012,club,"Punjab Cricket Association Stadium, Mohali",Punjab Kings,Punjab Kings,Pune Warriors India,field,Punjab Kings,,7.0,win,12661.0
548320,2012,6,Eden Gardens,2012-04-13,Indian Premier League,15.0,male,T20,T20,20,2012,club,Eden Gardens,Rajasthan Royals,Punjab Kings,Rajasthan Royals,bat,Punjab Kings,,5.0,win,579.0
548321,2012,6,Feroz Shah Kotla,2012-04-19,Indian Premier League,23.0,male,T20,T20,20,2012,club,Feroz Shah Kotla,Kolkata Knight Riders,Delhi Capitals,Kolkata Knight Riders,bat,Delhi Capitals,,5.0,win,13231.0
548322,2012,6,Subrata Roy Sahara Stadium,2012-04-14,Indian Premier League,16.0,male,T20,T20,20,2012,club,Subrata Roy Sahara Stadium,Chennai Super Kings,Pune Warriors India,Chennai Super Kings,bat,Pune Warriors India,,7.0,win,13228.0
548323,2012,6,Eden Gardens,2012-04-15,Indian Premier League,17.0,male,T20,T20,20,2012,club,Eden Gardens,Punjab Kings,Punjab Kings,Punjab Kings,field,Punjab Kings,2.0,,win,65.0
548324,2012,6,M Chinnaswamy Stadium,2012-04-15,Indian Premier League,18.0,male,T20,T20,20,2012,club,M Chinnaswamy Stadium,Rajasthan Royals,Royal Challengers Bengaluru,Rajasthan Royals,bat,Rajasthan Royals,59.0,,win,34.0
548325,2012,6,Wankhede Stadium,2012-04-16,Indian Premier League,19.0,male,T20,T20,20,2012,club,Wankhede Stadium,Delhi Capitals,Chennai Super Kings,Delhi Capitals,field,Delhi Capitals,,7.0,win,186.0
548326,2012,6,Sawai Mansingh Stadium,2012-04-17,Indian Premier League,20.0,male,T20,T20,20,2012,club,Sawai Mansingh Stadium,Kolkata Knight Riders,Rajasthan Royals,Kolkata Knight Riders,bat,Rajasthan Royals,,5.0,win,12318.0
548327,2012,6,M Chinnaswamy Stadium,2012-04-17,Indian Premier League,21.0,male,T20,T20,20,2012,club,M Chinnaswamy Stadium,Pune Warriors India,Royal Challengers Bengaluru,Pune Warriors India,bat,Royal Challengers Bengaluru,,6.0,win,1.0
548328,2012,6,"Punjab Cricket Association Stadium, Mohali",2012-04-18,Indian Premier League,22.0,male,T20,T20,20,2012,club,"Punjab Cricket Association Stadium, Mohali",Punjab Kings,Punjab Kings,Punjab Kings,bat,Punjab Kings,,8.0,win,56.0
548329,2012,6,"Rajiv Gandhi International Stadium, Uppal",2012-05-10,Indian Premier League,55.0,male,T20,T20,20,2012,club,"Rajiv Gandhi International Stadium, Uppal",Kolkata Knight Riders,Kolkata Knight Riders,Delhi Capitals,bat,Delhi Capitals,,9.0,win,12.0
548330,2012,6,"MA Chidambaram Stadium, Chepauk",2012-04-19,Indian Premier League,24.0,male,T20,T20,20,2012,club,"MA Chidambaram Stadium, Chepauk",Pune Warriors India,Chennai Super Kings,Pune Warriors India,field,Chennai Super Kings,13.0,,win,16414.0
548331,2012,6,"Punjab Cricket Association Stadium, Mohali",2012-04-20,Indian Premier League,25.0,male,T20,T20,20,2012,club,"Punjab Cricket Association Stadium, Mohali",Royal Challengers Bengaluru,Punjab Kings,Royal Challengers Bengaluru,field,Royal Challengers Bengaluru,,5.0,win,1.0
548332,2012,6,"MA Chidambaram Stadium, Chepauk",2012-04-21,Indian Premier League,26.0,male,T20,T20,20,2012,club,"MA Chidambaram Stadium, Chepauk",Rajasthan Royals,Chennai Super Kings,Rajasthan Royals,bat,Chennai Super Kings,,7.0,win,267.0
548333,2012,6,Feroz Shah Kotla,2012-04-21,Indian Premier League,27.0,male,T20,T20,20,2012,club,Feroz Shah Kotla,Delhi Capitals,Delhi Capitals,Pune Warriors India,field,Pune Warriors India,20.0,,win,11919.0
548334,2012,6,Wankhede Stadium,2012-04-22,Indian Premier League,28.0,male,T20,T20,20,2012,club,Wankhede Stadium,Chennai Super Kings,Chennai Super Kings,Punjab Kings,bat,Punjab Kings,,6.0,win,541.0
548335,2012,6,Barabati Stadium,2012-04-22,Indian Premier League,29.0,male,T20,T20,20,2012,club,Barabati Stadium,Punjab Kings,Kolkata Knight Riders,Punjab Kings,field,Punjab Kings,,5.0,win,11959.0
548336,2012,6,Sawai Mansingh Stadium,2012-04-23,Indian Premier League,30.0,male,T20,T20,20,2012,club,Sawai Mansingh Stadium,Rajasthan Royals,Rajasthan Royals,Royal Challengers Bengaluru,field,Royal Challengers Bengaluru,46.0,,win,245.0
548337,2012,6,Subrata Roy Sahara Stadium,2012-04-24,Indian Premier League,31.0,male,T20,T20,20,2012,club,Subrata Roy Sahara Stadium,Pune Warriors India,Pune Warriors India,Delhi Capitals,bat,Delhi Capitals,,8.0,win,11975.0
548339,2012,6,"Punjab Cricket Association Stadium, Mohali",2012-04-25,Indian Premier League,33.0,male,T20,T20,20,2012,club,"Punjab Cricket Association Stadium, Mohali",Punjab Kings,Punjab Kings,Chennai Super Kings,bat,Chennai Super Kings,,4.0,win,27.0
548341,2012,6,Subrata Roy Sahara Stadium,2012-04-26,Indian Premier League,35.0,male,T20,T20,20,2012,club,Subrata Roy Sahara Stadium,Kolkata Knight Riders,Pune Warriors India,Kolkata Knight Riders,bat,Kolkata Knight Riders,18.0,,win,11934.0
548342,2012,6,Feroz Shah Kotla,2012-04-27,Indian Premier League,36.0,male,T20,T20,20,2012,club,Feroz Shah Kotla,Chennai Super Kings,Delhi Capitals,Chennai Super Kings,field,Delhi Capitals,37.0,,win,11975.0
548343,2012,6,"MA Chidambaram Stadium, Chepauk",2012-04-28,Indian Premier League,37.0,male,T20,T20,20,2012,club,"MA Chidambaram Stadium, Chepauk",Punjab Kings,Chennai Super Kings,Punjab Kings,bat,Punjab Kings,7.0,,win,2.0
548344,2012,6,Eden Gardens,2012-04-28,Indian Premier League,38.0,male,T20,T20,20,2012,club,Eden Gardens,Punjab Kings,Punjab Kings,Royal Challengers Bengaluru,bat,Punjab Kings,47.0,,win,56.0
548345,2012,6,Feroz Shah Kotla,2012-04-29,Indian Premier League,39.0,male,T20,T20,20,2012,club,Feroz Shah Kotla,Delhi Capitals,Delhi Capitals,Rajasthan Royals,bat,Delhi Capitals,1.0,,win,11975.0
548346,2012,6,Wankhede Stadium,2012-04-29,Indian Premier League,40.0,male,T20,T20,20,2012,club,Wankhede Stadium,Chennai Super Kings,Chennai Super Kings,Kolkata Knight Riders,field,Chennai Super Kings,,5.0,win,3451.0
548347,2012,6,"MA Chidambaram Stadium, Chepauk",2012-04-30,Indian Premier League,41.0,male,T20,T20,20,2012,club,"MA Chidambaram Stadium, Chepauk",Chennai Super Kings,Chennai Super Kings,Punjab Kings,bat,Punjab Kings,,5.0,win,56.0
548348,2012,6,Barabati Stadium,2012-05-01,Indian Premier League,42.0,male,T20,T20,20,2012,club,Barabati Stadium,Kolkata Knight Riders,Kolkata Knight Riders,Pune Warriors India,bat,Kolkata Knight Riders,13.0,,win,11954.0
548349,2012,6,Sawai Mansingh Stadium,2012-05-01,Indian Premier League,43.0,male,T20,T20,20,2012,club,Sawai Mansingh Stadium,Rajasthan Royals,Rajasthan Royals,Delhi Capitals,bat,Delhi Capitals,,6.0,win,172.0
548350,2012,6,M Chinnaswamy Stadium,2012-05-02,Indian Premier League,44.0,male,T20,T20,20,2012,club,M Chinnaswamy Stadium,Punjab Kings,Royal Challengers Bengaluru,Punjab Kings,field,Punjab Kings,,4.0,win,34817.0
548351,2012,6,Subrata Roy Sahara Stadium,2012-05-03,Indian Premier League,45.0,male,T20,T20,20,2012,club,Subrata Roy Sahara Stadium,Chennai Super Kings,Pune Warriors India,Chennai Super Kings,bat,Chennai Super Kings,1.0,,win,230.0
548352,2012,6,"MA Chidambaram Stadium, Chepauk",2012-05-04,Indian Premier League,46.0,male,T20,T20,20,2012,club,"MA Chidambaram Stadium, Chepauk",Chennai Super Kings,Chennai Super Kings,Kolkata Knight Riders,bat,Chennai Super Kings,10.0,,win,47.0
548353,2012,6,Eden Gardens,2012-05-05,Indian Premier League,47.0,male,T20,T20,20,2012,club,Eden Gardens,Punjab Kings,Punjab Kings,Pune Warriors India,bat,Punjab Kings,7.0,,win,65.0
548354,2012,6,"Punjab Cricket Association Stadium, Mohali",2012-05-05,Indian Premier League,48.0,male,T20,T20,20,2012,club,"Punjab Cricket Association Stadium, Mohali",Rajasthan Royals,Punjab Kings,Rajasthan Royals,bat,Rajasthan Royals,43.0,,win,5.0
548355,2012,6,Wankhede Stadium,2012-05-06,Indian Premier League,49.0,male,T20,T20,20,2012,club,Wankhede Stadium,Chennai Super Kings,Chennai Super Kings,Chennai Super Kings,field,Chennai Super Kings,,2.0,win,50.0
548356,2012,6,M Chinnaswamy Stadium,2012-05-06,Indian Premier League,50.0,male,T20,T20,20,2012,club,M Chinnaswamy Stadium,Royal Challengers Bengaluru,Royal Challengers Bengaluru,Kolkata Knight Riders,field,Royal Challengers Bengaluru,,5.0,win,245.0
548357,2012,6,Feroz Shah Kotla,2012-05-07,Indian Premier League,51.0,male,T20,T20,20,2012,club,Feroz Shah Kotla,Delhi Capitals,Delhi Capitals,Punjab Kings,bat,Punjab Kings,,6.0,win,11933.0
548358,2012,6,Subrata Roy Sahara Stadium,2012-05-08,Indian Premier League,52.0,male,T20,T20,20,2012,club,Subrata Roy Sahara Stadium,Pune Warriors India,Pune Warriors India,Rajasthan Royals,bat,Rajasthan Royals,,7.0,win,5.0
548359,2012,6,"Rajiv Gandhi International Stadium, Uppal",2012-05-08,Indian Premier League,53.0,male,T20,T20,20,2012,club,"Rajiv Gandhi International Stadium, Uppal",Kolkata Knight Riders,Kolkata Knight Riders,Punjab Kings,field,Punjab Kings,25.0,,win,2.0
548360,2012,6,Wankhede Stadium,2012-05-09,Indian Premier League,54.0,male,T20,T20,20,2012,club,Wankhede Stadium,Royal Challengers Bengaluru,Chennai Super Kings,Royal Challengers Bengaluru,field,Royal Challengers Bengaluru,,9.0,win,1.0
548361,2012,6,Sawai Mansingh Stadium,2012-05-10,Indian Premier League,56.0,male,T20,T20,20,2012,club,Sawai Mansingh Stadium,Chennai Super Kings,Rajasthan Royals,Chennai Super Kings,field,Chennai Super Kings,,4.0,win,35239.0
548362,2012,6,Subrata Roy Sahara Stadium,2012-05-11,Indian Premier League,57.0,male,T20,T20,20,2012,club,Subrata Roy Sahara Stadium,Pune Warriors India,Pune Warriors India,Royal Challengers Bengaluru,field,Royal Challengers Bengaluru,35.0,,win,1.0
548363,2012,6,Eden Gardens,2012-05-12,Indian Premier League,58.0,male,T20,T20,20,2012,club,Eden Gardens,Chennai Super Kings,Punjab Kings,Chennai Super Kings,bat,Chennai Super Kings,27.0,,win,25.0
548364,2012,6,"MA Chidambaram Stadium, Chepauk",2012-05-12,Indian Premier League,59.0,male,T20,T20,20,2012,club,"MA Chidambaram Stadium, Chepauk",Chennai Super Kings,Chennai Super Kings,Delhi Capitals,field,Chennai Super Kings,,9.0,win,35239.0
548365,2012,6,Sawai Mansingh Stadium,2012-05-13,Indian Premier League,60.0,male,T20,T20,20,2012,club,Sawai Mansingh Stadium,Rajasthan Royals,Rajasthan Royals,Pune Warriors India,bat,Rajasthan Royals,45.0,,win,34931.0
548366,2012,6,"Punjab Cricket Association Stadium, Mohali",2012-05-13,Indian Premier League,61.0,male,T20,T20,20,2012,club,"Punjab Cricket Association Stadium, Mohali",Kolkata Knight Riders,Punjab Kings,Kolkata Knight Riders,bat,Punjab Kings,,4.0,win,11922.0
548367,2012,6,M Chinnaswamy Stadium,2012-05-14,Indian Premier League,62.0,male,T20,T20,20,2012,club,M Chinnaswamy Stadium,Chennai Super Kings,Royal Challengers Bengaluru,Chennai Super Kings,field,Chennai Super Kings,,5.0,win,27.0
548368,2012,6,Eden Gardens,2012-05-14,Indian Premier League,63.0,male,T20,T20,20,2012,club,Eden Gardens,Chennai Super Kings,Punjab Kings,Chennai Super Kings,field,Chennai Super Kings,,5.0,win,11943.0
548369,2012,6,Feroz Shah Kotla,2012-05-15,Indian Premier League,64.0,male,T20,T20,20,2012,club,Feroz Shah Kotla,Punjab Kings,Delhi Capitals,Punjab Kings,bat,Delhi Capitals,,5.0,win,318.0
548370,2012,6,Wankhede Stadium,2012-05-16,Indian Premier League,65.0,male,T20,T20,20,2012,club,Wankhede Stadium,Chennai Super Kings,Chennai Super Kings,Punjab Kings,field,Punjab Kings,32.0,,win,65.0
548371,2012,6,Himachal Pradesh Cricket Association Stadium,2012-05-17,Indian Premier League,66.0,male,T20,T20,20,2012,club,Himachal Pradesh Cricket Association Stadium,Punjab Kings,Punjab Kings,Chennai Super Kings,field,Punjab Kings,,6.0,win,12007.0
548372,2012,6,Feroz Shah Kotla,2012-05-17,Indian Premier League,67.0,male,T20,T20,20,2012,club,Feroz Shah Kotla,Delhi Capitals,Delhi Capitals,Royal Challengers Bengaluru,field,Royal Challengers Bengaluru,21.0,,win,1.0
548373,2012,6,"Rajiv Gandhi International Stadium, Uppal",2012-05-18,Indian Premier League,68.0,male,T20,T20,20,2012,club,"Rajiv Gandhi International Stadium, Uppal",Rajasthan Royals,Kolkata Knight Riders,Rajasthan Royals,bat,Kolkata Knight Riders,,5.0,win,3451.0
548374,2012,6,Himachal Pradesh Cricket Association Stadium,2012-05-19,Indian Premier League,69.0,male,T20,T20,20,2012,club,Himachal Pradesh Cricket Association Stadium,Delhi Capitals,Punjab Kings,Delhi Capitals,field,Delhi Capitals,,6.0,win,318.0
548375,2012,6,Subrata Roy Sahara Stadium,2012-05-19,Indian Premier League,70.0,male,T20,T20,20,2012,club,Subrata Roy Sahara Stadium,Punjab Kings,Pune Warriors India,Punjab Kings,bat,Punjab Kings,34.0,,win,579.0
548376,2012,6,"Rajiv Gandhi International Stadium, Uppal",2012-05-20,Indian Premier League,71.0,male,T20,T20,20,2012,club,"Rajiv Gandhi International Stadium, Uppal",Royal Challengers Bengaluru,Kolkata Knight Riders,Royal Challengers Bengaluru,field,Kolkata Knight Riders,9.0,,win,3451.0
548377,2012,6,Sawai Mansingh Stadium,2012-05-20,Indian Premier League,72.0,male,T20,T20,20,2012,club,Sawai Mansingh Stadium,Rajasthan Royals,Rajasthan Royals,Chennai Super Kings,bat,Chennai Super Kings,,10.0,win,50.0
548378,2012,6,Subrata Roy Sahara Stadium,2012-05-22,Indian Premier League,,male,T20,T20,20,2012,club,Subrata Roy Sahara Stadium,Punjab Kings,Delhi Capitals,Punjab Kings,bat,Punjab Kings,18.0,,win,60.0
548379,2012,6,M Chinnaswamy Stadium,2012-05-23,Indian Premier League,,male,T20,T20,20,2012,club,M Chinnaswamy Stadium,Chennai Super Kings,Chennai Super Kings,Chennai Super Kings,field,Chennai Super Kings,38.0,,win,38.0
548380,2012,6,"MA Chidambaram Stadium, Chepauk",2012-05-25,Indian Premier League,,male,T20,T20,20,2012,club,"MA Chidambaram Stadium, Chepauk",Delhi Capitals,Delhi Capitals,Chennai Super Kings,field,Chennai Super Kings,86.0,,win,1630.0
548381,2012,6,"MA Chidambaram Stadium, Chepauk",2012-05-27,Indian Premier League,,male,T20,T20,20,2012,club,"MA Chidambaram Stadium, Chepauk",Chennai Super Kings,Punjab Kings,Chennai Super Kings,bat,Punjab Kings,,5.0,win,14505.0
597998,2013,6,Eden Gardens,2013-04-03,Indian Premier League,1.0,male,T20,T20,20,2013,club,Eden Gardens,Punjab Kings,Punjab Kings,Delhi Capitals,field,Punjab Kings,,6.0,win,65.0
597999,2013,6,M Chinnaswamy Stadium,2013-04-04,Indian Premier League,2.0,male,T20,T20,20,2013,club,M Chinnaswamy Stadium,Chennai Super Kings,Royal Challengers Bengaluru,Chennai Super Kings,field,Royal Challengers Bengaluru,2.0,,win,1.0
598000,2013,6,"Rajiv Gandhi International Stadium, Uppal",2013-04-05,Indian Premier League,3.0,male,T20,T20,20,2013,club,"Rajiv Gandhi International Stadium, Uppal",Pune Warriors India,Kolkata Knight Riders,Pune Warriors India,field,Kolkata Knight Riders,22.0,,win,185.0
598001,2013,6,Feroz Shah Kotla,2013-04-06,Indian Premier League,4.0,male,T20,T20,20,2013,club,Feroz Shah Kotla,Rajasthan Royals,Delhi Capitals,Rajasthan Royals,bat,Rajasthan Royals,5.0,,win,11930.0
598002,2013,6,"MA Chidambaram Stadium, Chepauk",2013-04-06,Indian Premier League,5.0,male,T20,T20,20,2013,club,"MA Chidambaram Stadium, Chepauk",Chennai Super Kings,Chennai Super Kings,Chennai Super Kings,bat,Chennai Super Kings,9.0,,win,29.0
598003,2013,6,Subrata Roy Sahara Stadium,2013-04-07,Indian Premier League,6.0,male,T20,T20,20,2013,club,Subrata Roy Sahara Stadium,Pune Warriors India,Pune Warriors India,Punjab Kings,bat,Punjab Kings,,8.0,win,68.0
598004,2013,6,"Rajiv Gandhi International Stadium, Uppal",2013-04-07,Indian Premier League,7.0,male,T20,T20,20,2013,club,"Rajiv Gandhi International Stadium, Uppal",Royal Challengers Bengaluru,Kolkata Knight Riders,Royal Challengers Bengaluru,bat,Royal Challengers Bengaluru,,,tie,2910.0
598005,2013,6,Sawai Mansingh Stadium,2013-04-08,Indian Premier League,8.0,male,T20,T20,20,2013,club,Sawai Mansingh Stadium,Punjab Kings,Rajasthan Royals,Punjab Kings,field,Rajasthan Royals,19.0,,win,11972.0
598006,2013,6,Wankhede Stadium,2013-04-09,Indian Premier League,10.0,male,T20,T20,20,2013,club,Wankhede Stadium,Chennai Super Kings,Chennai Super Kings,Delhi Capitals,bat,Chennai Super Kings,44.0,,win,49.0
598007,2013,6,"Punjab Cricket Association Stadium, Mohali",2013-04-10,Indian Premier League,11.0,male,T20,T20,20,2013,club,"Punjab Cricket Association Stadium, Mohali",Chennai Super Kings,Punjab Kings,Chennai Super Kings,field,Chennai Super Kings,,10.0,win,11943.0
598008,2013,6,M Chinnaswamy Stadium,2013-04-11,Indian Premier League,12.0,male,T20,T20,20,2013,club,M Chinnaswamy Stadium,Royal Challengers Bengaluru,Royal Challengers Bengaluru,Punjab Kings,field,Royal Challengers Bengaluru,,8.0,win,1.0
598009,2013,6,Subrata Roy Sahara Stadium,2013-04-11,Indian Premier League,13.0,male,T20,T20,20,2013,club,Subrata Roy Sahara Stadium,Rajasthan Royals,Pune Warriors India,Rajasthan Royals,bat,Pune Warriors India,,7.0,win,48.0
598010,2013,6,Feroz Shah Kotla,2013-04-12,Indian Premier League,14.0,male,T20,T20,20,2013,club,Feroz Shah Kotla,Delhi Capitals,Delhi Capitals,Kolkata Knight Riders,bat,Kolkata Knight Riders,,3.0,win,185.0
598011,2013,6,Wankhede Stadium,2013-04-13,Indian Premier League,15.0,male,T20,T20,20,2013,club,Wankhede Stadium,Chennai Super Kings,Chennai Super Kings,Pune Warriors India,bat,Chennai Super Kings,41.0,,win,25.0
598012,2013,6,"MA Chidambaram Stadium, Chepauk",2013-04-13,Indian Premier League,16.0,male,T20,T20,20,2013,club,"MA Chidambaram Stadium, Chepauk",Chennai Super Kings,Chennai Super Kings,Royal Challengers Bengaluru,field,Chennai Super Kings,,4.0,win,348.0
598013,2013,6,Eden Gardens,2013-04-14,Indian Premier League,17.0,male,T20,T20,20,2013,club,Eden Gardens,Punjab Kings,Punjab Kings,Kolkata Knight Riders,bat,Punjab Kings,48.0,,win,56.0
598014,2013,6,Sawai Mansingh Stadium,2013-04-14,Indian Premier League,18.0,male,T20,T20,20,2013,club,Sawai Mansingh Stadium,Rajasthan Royals,Rajasthan Royals,Punjab Kings,field,Rajasthan Royals,,6.0,win,569.0
598015,2013,6,"MA Chidambaram Stadium, Chepauk",2013-04-15,Indian Premier League,19.0,male,T20,T20,20,2013,club,"MA Chidambaram Stadium, Chepauk",Pune Warriors India,Chennai Super Kings,Pune Warriors India,bat,Pune Warriors India,24.0,,win,36.0
598016,2013,6,"Punjab Cricket Association Stadium, Mohali",2013-04-16,Indian Premier League,20.0,male,T20,T20,20,2013,club,"Punjab Cricket Association Stadium, Mohali",Punjab Kings,Punjab Kings,Punjab Kings,field,Punjab Kings,4.0,,win,51.0
598017,2013,6,M Chinnaswamy Stadium,2013-04-16,Indian Premier League,21.0,male,T20,T20,20,2013,club,M Chinnaswamy Stadium,Royal Challengers Bengaluru,Royal Challengers Bengaluru,Delhi Capitals,field,Delhi Capitals,,,tie,332.0
598018,2013,6,Maharashtra Cricket Association Stadium,2013-04-17,Indian Premier League,22.0,male,T20,T20,20,2013,club,Maharashtra Cricket Association Stadium,Pune Warriors India,Pune Warriors India,Kolkata Knight Riders,field,Kolkata Knight Riders,11.0,,win,185.0
598019,2013,6,Sawai Mansingh Stadium,2013-04-17,Indian Premier League,23.0,male,T20,T20,20,2013,club,Sawai Mansingh Stadium,Rajasthan Royals,Rajasthan Royals,Chennai Super Kings,bat,Rajasthan Royals,87.0,,win,34.0
598020,2013,6,Feroz Shah Kotla,2013-04-18,Indian Premier League,24.0,male,T20,T20,20,2013,club,Feroz Shah Kotla,Chennai Super Kings,Delhi Capitals,Chennai Super Kings,bat,Chennai Super Kings,86.0,,win,11943.0
598021,2013,6,"Rajiv Gandhi International Stadium, Uppal",2013-04-19,Indian Premier League,25.0,male,T20,T20,20,2013,club,"Rajiv Gandhi International Stadium, Uppal",Punjab Kings,Kolkata Knight Riders,Punjab Kings,bat,Kolkata Knight Riders,,5.0,win,2910.0
598022,2013,6,Eden Gardens,2013-04-20,Indian Premier League,26.0,male,T20,T20,20,2013,club,Eden Gardens,Punjab Kings,Punjab Kings,Chennai Super Kings,bat,Chennai Super Kings,,4.0,win,348.0
598023,2013,6,M Chinnaswamy Stadium,2013-04-20,Indian Premier League,27.0,male,T20,T20,20,2013,club,M Chinnaswamy Stadium,Royal Challengers Bengaluru,Royal Challengers Bengaluru,Rajasthan Royals,field,Royal Challengers Bengaluru,,7.0,win,1242.0
598024,2013,6,Feroz Shah Kotla,2013-04-21,Indian Premier League,28.0,male,T20,T20,20,2013,club,Feroz Shah Kotla,Chennai Super Kings,Delhi Capitals,Chennai Super Kings,bat,Delhi Capitals,,9.0,win,11975.0
598025,2013,6,"Punjab Cricket Association Stadium, Mohali",2013-04-21,Indian Premier League,29.0,male,T20,T20,20,2013,club,"Punjab Cricket Association Stadium, Mohali",Punjab Kings,Punjab Kings,Pune Warriors India,field,Punjab Kings,,7.0,win,72.0
598026,2013,6,"MA Chidambaram Stadium, Chepauk",2013-04-22,Indian Premier League,30.0,male,T20,T20,20,2013,club,"MA Chidambaram Stadium, Chepauk",Rajasthan Royals,Chennai Super Kings,Rajasthan Royals,bat,Chennai Super Kings,,5.0,win,11943.0
598027,2013,6,M Chinnaswamy Stadium,2013-04-23,Indian Premier League,31.0,male,T20,T20,20,2013,club,M Chinnaswamy Stadium,Pune Warriors India,Royal Challengers Bengaluru,Pune Warriors India,field,Royal Challengers Bengaluru,130.0,,win,1.0
598028,2013,6,Himachal Pradesh Cricket Association Stadium,2013-05-16,Indian Premier League,67.0,male,T20,T20,20,2013,club,Himachal Pradesh Cricket Association Stadium,Delhi Capitals,Punjab Kings,Delhi Capitals,field,Punjab Kings,7.0,,win,72.0
598029,2013,6,Eden Gardens,2013-04-24,Indian Premier League,33.0,male,T20,T20,20,2013,club,Eden Gardens,Punjab Kings,Punjab Kings,Chennai Super Kings,bat,Chennai Super Kings,,5.0,win,50.0
598030,2013,6,"MA Chidambaram Stadium, Chepauk",2013-04-25,Indian Premier League,34.0,male,T20,T20,20,2013,club,"MA Chidambaram Stadium, Chepauk",Kolkata Knight Riders,Chennai Super Kings,Kolkata Knight Riders,bat,Chennai Super Kings,,5.0,win,38.0
598031,2013,6,Eden Gardens,2013-04-26,Indian Premier League,35.0,male,T20,T20,20,2013,club,Eden Gardens,Punjab Kings,Punjab Kings,Punjab Kings,bat,Punjab Kings,,6.0,win,11933.0
598032,2013,6,Sawai Mansingh Stadium,2013-04-27,Indian Premier League,36.0,male,T20,T20,20,2013,club,Sawai Mansingh Stadium,Kolkata Knight Riders,Rajasthan Royals,Kolkata Knight Riders,bat,Rajasthan Royals,,8.0,win,569.0
598033,2013,6,Wankhede Stadium,2013-04-27,Indian Premier League,37.0,male,T20,T20,20,2013,club,Wankhede Stadium,Chennai Super Kings,Chennai Super Kings,Royal Challengers Bengaluru,bat,Chennai Super Kings,58.0,,win,50.0
598034,2013,6,"MA Chidambaram Stadium, Chepauk",2013-04-28,Indian Premier League,38.0,male,T20,T20,20,2013,club,"MA Chidambaram Stadium, Chepauk",Punjab Kings,Chennai Super Kings,Punjab Kings,field,Chennai Super Kings,14.0,,win,11943.0
598035,2013,6,Shaheed Veer Narayan Singh International Stadium,2013-04-28,Indian Premier League,39.0,male,T20,T20,20,2013,club,Shaheed Veer Narayan Singh International Stadium,Pune Warriors India,Delhi Capitals,Pune Warriors India,field,Delhi Capitals,15.0,,win,12.0
598036,2013,6,Sawai Mansingh Stadium,2013-04-29,Indian Premier League,40.0,male,T20,T20,20,2013,club,Sawai Mansingh Stadium,Rajasthan Royals,Rajasthan Royals,Royal Challengers Bengaluru,field,Rajasthan Royals,,4.0,win,180.0
598037,2013,6,Wankhede Stadium,2013-04-29,Indian Premier League,41.0,male,T20,T20,20,2013,club,Wankhede Stadium,Chennai Super Kings,Chennai Super Kings,Punjab Kings,bat,Chennai Super Kings,4.0,,win,25.0
598038,2013,6,Subrata Roy Sahara Stadium,2013-04-30,Indian Premier League,42.0,male,T20,T20,20,2013,club,Subrata Roy Sahara Stadium,Chennai Super Kings,Pune Warriors India,Chennai Super Kings,bat,Chennai Super Kings,37.0,,win,38.0
598039,2013,6,"Rajiv Gandhi International Stadium, Uppal",2013-05-01,Indian Premier League,43.0,male,T20,T20,20,2013,club,"Rajiv Gandhi International Stadium, Uppal",Chennai Super Kings,Kolkata Knight Riders,Chennai Super Kings,bat,Kolkata Knight Riders,,7.0,win,308.0
598040,2013,6,Shaheed Veer Narayan Singh International Stadium,2013-05-01,Indian Premier League,44.0,male,T20,T20,20,2013,club,Shaheed Veer Narayan Singh International Stadium,Punjab Kings,Delhi Capitals,Punjab Kings,bat,Delhi Capitals,,7.0,win,12.0
598041,2013,6,"MA Chidambaram Stadium, Chepauk",2013-05-02,Indian Premier League,45.0,male,T20,T20,20,2013,club,"MA Chidambaram Stadium, Chepauk",Chennai Super Kings,Chennai Super Kings,Punjab Kings,bat,Chennai Super Kings,15.0,,win,47.0
598042,2013,6,Subrata Roy Sahara Stadium,2013-05-02,Indian Premier League,46.0,male,T20,T20,20,2013,club,Subrata Roy Sahara Stadium,Royal Challengers Bengaluru,Pune Warriors India,Royal Challengers Bengaluru,bat,Royal Challengers Bengaluru,17.0,,win,245.0
598043,2013,6,Eden Gardens,2013-05-03,Indian Premier League,47.0,male,T20,T20,20,2013,club,Eden Gardens,Rajasthan Royals,Punjab Kings,Rajasthan Royals,bat,Punjab Kings,,8.0,win,60.0
598044,2013,6,"Rajiv Gandhi International Stadium, Uppal",2013-05-04,Indian Premier League,48.0,male,T20,T20,20,2013,club,"Rajiv Gandhi International Stadium, Uppal",Delhi Capitals,Kolkata Knight Riders,Delhi Capitals,bat,Kolkata Knight Riders,,6.0,win,36610.0
598045,2013,6,M Chinnaswamy Stadium,2013-05-14,Indian Premier League,63.0,male,T20,T20,20,2013,club,M Chinnaswamy Stadium,Punjab Kings,Royal Challengers Bengaluru,Punjab Kings,field,Punjab Kings,,7.0,win,12007.0
598046,2013,6,Wankhede Stadium,2013-05-05,Indian Premier League,49.0,male,T20,T20,20,2013,club,Wankhede Stadium,Chennai Super Kings,Chennai Super Kings,Chennai Super Kings,bat,Chennai Super Kings,60.0,,win,604.0
598047,2013,6,Sawai Mansingh Stadium,2013-05-05,Indian Premier League,50.0,male,T20,T20,20,2013,club,Sawai Mansingh Stadium,Pune Warriors India,Rajasthan Royals,Pune Warriors India,bat,Rajasthan Royals,,5.0,win,34.0
598048,2013,6,M Chinnaswamy Stadium,2013-04-09,Indian Premier League,9.0,male,T20,T20,20,2013,club,M Chinnaswamy Stadium,Kolkata Knight Riders,Royal Challengers Bengaluru,Kolkata Knight Riders,bat,Royal Challengers Bengaluru,,7.0,win,332.0
598049,2013,6,Sawai Mansingh Stadium,2013-05-07,Indian Premier League,52.0,male,T20,T20,20,2013,club,Sawai Mansingh Stadium,Delhi Capitals,Rajasthan Royals,Delhi Capitals,bat,Rajasthan Royals,,9.0,win,34.0
598050,2013,6,Wankhede Stadium,2013-05-07,Indian Premier League,53.0,male,T20,T20,20,2013,club,Wankhede Stadium,Chennai Super Kings,Chennai Super Kings,Punjab Kings,bat,Chennai Super Kings,65.0,,win,12580.0
598051,2013,6,"Rajiv Gandhi International Stadium, Uppal",2013-05-08,Indian Premier League,54.0,male,T20,T20,20,2013,club,"Rajiv Gandhi International Stadium, Uppal",Kolkata Knight Riders,Kolkata Knight Riders,Chennai Super Kings,field,Chennai Super Kings,77.0,,win,47.0
598052,2013,6,"Punjab Cricket Association Stadium, Mohali",2013-05-09,Indian Premier League,55.0,male,T20,T20,20,2013,club,"Punjab Cricket Association Stadium, Mohali",Rajasthan Royals,Punjab Kings,Rajasthan Royals,field,Rajasthan Royals,,8.0,win,34343.0
598053,2013,6,Subrata Roy Sahara Stadium,2013-05-09,Indian Premier League,56.0,male,T20,T20,20,2013,club,Subrata Roy Sahara Stadium,Punjab Kings,Pune Warriors India,Punjab Kings,bat,Punjab Kings,46.0,,win,56.0
598054,2013,6,Feroz Shah Kotla,2013-05-10,Indian Premier League,57.0,male,T20,T20,20,2013,club,Feroz Shah Kotla,Delhi Capitals,Delhi Capitals,Royal Challengers Bengaluru,field,Royal Challengers Bengaluru,4.0,,win,438.0
598055,2013,6,Subrata Roy Sahara Stadium,2013-05-11,Indian Premier League,58.0,male,T20,T20,20,2013,club,Subrata Roy Sahara Stadium,Pune Warriors India,Pune Warriors India,Chennai Super Kings,bat,Chennai Super Kings,,5.0,win,604.0
598056,2013,6,"Punjab Cricket Association Stadium, Mohali",2013-05-11,Indian Premier League,59.0,male,T20,T20,20,2013,club,"Punjab Cricket Association Stadium, Mohali",Punjab Kings,Punjab Kings,Kolkata Knight Riders,field,Kolkata Knight Riders,30.0,,win,23.0
598057,2013,6,JSCA International Stadium Complex,2013-05-12,Indian Premier League,60.0,male,T20,T20,20,2013,club,JSCA International Stadium Complex,Punjab Kings,Punjab Kings,Royal Challengers Bengaluru,field,Punjab Kings,,5.0,win,11933.0
598058,2013,6,Sawai Mansingh Stadium,2013-05-12,Indian Premier League,61.0,male,T20,T20,20,2013,club,Sawai Mansingh Stadium,Rajasthan Royals,Rajasthan Royals,Chennai Super Kings,field,Rajasthan Royals,,5.0,win,5.0
598059,2013,6,Feroz Shah Kotla,2013-04-23,Indian Premier League,32.0,male,T20,T20,20,2013,club,Feroz Shah Kotla,Punjab Kings,Delhi Capitals,Punjab Kings,field,Punjab Kings,,5.0,win,13267.0
598060,2013,6,Wankhede Stadium,2013-05-13,Indian Premier League,62.0,male,T20,T20,20,2013,club,Wankhede Stadium,Kolkata Knight Riders,Chennai Super Kings,Kolkata Knight Riders,bat,Chennai Super Kings,,7.0,win,29.0
598061,2013,6,JSCA International Stadium Complex,2013-05-15,Indian Premier League,65.0,male,T20,T20,20,2013,club,JSCA International Stadium Complex,Punjab Kings,Punjab Kings,Pune Warriors India,field,Pune Warriors India,7.0,,win,59.0
598062,2013,6,"MA Chidambaram Stadium, Chepauk",2013-05-14,Indian Premier League,64.0,male,T20,T20,20,2013,club,"MA Chidambaram Stadium, Chepauk",Chennai Super Kings,Chennai Super Kings,Delhi Capitals,bat,Chennai Super Kings,33.0,,win,38.0
598063,2013,6,Wankhede Stadium,2013-05-15,Indian Premier League,66.0,male,T20,T20,20,2013,club,Wankhede Stadium,Rajasthan Royals,Chennai Super Kings,Rajasthan Royals,field,Chennai Super Kings,14.0,,win,177.0
598064,2013,6,"Punjab Cricket Association Stadium, Mohali",2013-05-06,Indian Premier League,51.0,male,T20,T20,20,2013,club,"Punjab Cricket Association Stadium, Mohali",Punjab Kings,Punjab Kings,Royal Challengers Bengaluru,field,Punjab Kings,,6.0,win,72.0
598065,2013,6,"Rajiv Gandhi International Stadium, Uppal",2013-05-17,Indian Premier League,68.0,male,T20,T20,20,2013,club,"Rajiv Gandhi International Stadium, Uppal",Kolkata Knight Riders,Kolkata Knight Riders,Rajasthan Royals,bat,Kolkata Knight Riders,23.0,,win,185.0
598066,2013,6,Himachal Pradesh Cricket Association Stadium,2013-05-18,Indian Premier League,69.0,male,T20,T20,20,2013,club,Himachal Pradesh Cricket Association Stadium,Chennai Super Kings,Punjab Kings,Chennai Super Kings,field,Punjab Kings,50.0,,win,34817.0
598067,2013,6,Subrata Roy Sahara Stadium,2013-05-19,Indian Premier League,71.0,male,T20,T20,20,2013,club,Subrata Roy Sahara Stadium,Pune Warriors India,Pune Warriors India,Delhi Capitals,bat,Pune Warriors India,38.0,,win,34959.0
598068,2013,6,M Chinnaswamy Stadium,2013-05-18,Indian Premier League,70.0,male,T20,T20,20,2013,club,M Chinnaswamy Stadium,Chennai Super Kings,Royal Challengers Bengaluru,Chennai Super Kings,field,Royal Challengers Bengaluru,24.0,,win,332.0
598069,2013,6,"Rajiv Gandhi International Stadium, Uppal",2013-05-19,Indian Premier League,72.0,male,T20,T20,20,2013,club,"Rajiv Gandhi International Stadium, Uppal",Punjab Kings,Kolkata Knight Riders,Punjab Kings,bat,Kolkata Knight Riders,,5.0,win,23.0
598070,2013,6,Feroz Shah Kotla,2013-05-21,Indian Premier League,,male,T20,T20,20,2013,club,Feroz Shah Kotla,Chennai Super Kings,Chennai Super Kings,Chennai Super Kings,bat,Chennai Super Kings,48.0,,win,11943.0
598071,2013,6,Feroz Shah Kotla,2013-05-22,Indian Premier League,,male,T20,T20,20,2013,club,Feroz Shah Kotla,Kolkata Knight Riders,Rajasthan Royals,Kolkata Knight Riders,bat,Rajasthan Royals,,4.0,win,12318.0
598072,2013,6,Eden Gardens,2013-05-24,Indian Premier League,,male,T20,T20,20,2013,club,Eden Gardens,Rajasthan Royals,Chennai Super Kings,Rajasthan Royals,bat,Chennai Super Kings,,4.0,win,228.0
598073,2013,6,Eden Gardens,2013-05-26,Indian Premier League,,male,T20,T20,20,2013,club,Eden Gardens,Chennai Super Kings,Chennai Super Kings,Chennai Super Kings,bat,Chennai Super Kings,23.0,,win,29.0
729279,2014,6,Sheikh Zayed Stadium,2014-04-16,Indian Premier League,1.0,male,T20,T20,20,2014,club,Sheikh Zayed Stadium,Punjab Kings,Chennai Super Kings,Punjab Kings,bat,Punjab Kings,41.0,,win,11933.0
729281,2014,6,Sharjah Cricket Stadium,2014-04-17,Indian Premier League,2.0,male,T20,T20,20,2014,club,Sharjah Cricket Stadium,Royal Challengers Bengaluru,Delhi Capitals,Royal Challengers Bengaluru,field,Royal Challengers Bengaluru,,8.0,win,10.0
729283,2014,6,Sheikh Zayed Stadium,2014-04-18,Indian Premier League,3.0,male,T20,T20,20,2014,club,Sheikh Zayed Stadium,Chennai Super Kings,Chennai Super Kings,Punjab Kings,bat,Punjab Kings,,6.0,win,71.0
729285,2014,6,Sheikh Zayed Stadium,2014-04-18,Indian Premier League,4.0,male,T20,T20,20,2014,club,Sheikh Zayed Stadium,Rajasthan Royals,Kolkata Knight Riders,Rajasthan Royals,field,Rajasthan Royals,,4.0,win,34.0
729287,2014,6,Dubai International Cricket Stadium,2014-04-19,Indian Premier League,5.0,male,T20,T20,20,2014,club,Dubai International Cricket Stadium,Royal Challengers Bengaluru,Royal Challengers Bengaluru,Chennai Super Kings,field,Royal Challengers Bengaluru,,7.0,win,23.0
729289,2014,6,Dubai International Cricket Stadium,2014-04-19,Indian Premier League,6.0,male,T20,T20,20,2014,club,Dubai International Cricket Stadium,Punjab Kings,Punjab Kings,Delhi Capitals,bat,Delhi Capitals,,4.0,win,1964.0
729291,2014,6,Sharjah Cricket Stadium,2014-04-20,Indian Premier League,7.0,male,T20,T20,20,2014,club,Sharjah Cricket Stadium,Punjab Kings,Rajasthan Royals,Punjab Kings,field,Punjab Kings,,7.0,win,71.0
729293,2014,6,Sheikh Zayed Stadium,2014-04-21,Indian Premier League,8.0,male,T20,T20,20,2014,club,Sheikh Zayed Stadium,Chennai Super Kings,Chennai Super Kings,Delhi Capitals,bat,Chennai Super Kings,93.0,,win,47.0
729295,2014,6,Sharjah Cricket Stadium,2014-04-22,Indian Premier League,9.0,male,T20,T20,20,2014,club,Sharjah Cricket Stadium,Kolkata Knight Riders,Punjab Kings,Kolkata Knight Riders,field,Punjab Kings,72.0,,win,71.0
729297,2014,6,Dubai International Cricket Stadium,2014-04-23,Indian Premier League,10.0,male,T20,T20,20,2014,club,Dubai International Cricket Stadium,Rajasthan Royals,Rajasthan Royals,Chennai Super Kings,field,Chennai Super Kings,7.0,,win,348.0
729299,2014,6,Sharjah Cricket Stadium,2014-04-24,Indian Premier League,11.0,male,T20,T20,20,2014,club,Sharjah Cricket Stadium,Royal Challengers Bengaluru,Royal Challengers Bengaluru,Punjab Kings,field,Punjab Kings,2.0,,win,57.0
729301,2014,6,Dubai International Cricket Stadium,2014-04-25,Indian Premier League,12.0,male,T20,T20,20,2014,club,Dubai International Cricket Stadium,Kolkata Knight Riders,Kolkata Knight Riders,Delhi Capitals,bat,Kolkata Knight Riders,4.0,,win,48.0
729303,2014,6,Dubai International Cricket Stadium,2014-04-25,Indian Premier League,13.0,male,T20,T20,20,2014,club,Dubai International Cricket Stadium,Chennai Super Kings,Chennai Super Kings,Chennai Super Kings,bat,Chennai Super Kings,,7.0,win,75.0
729305,2014,6,Sheikh Zayed Stadium,2014-04-26,Indian Premier League,14.0,male,T20,T20,20,2014,club,Sheikh Zayed Stadium,Rajasthan Royals,Rajasthan Royals,Royal Challengers Bengaluru,field,Rajasthan Royals,,6.0,win,37031.0
729307,2014,6,Sheikh Zayed Stadium,2014-04-26,Indian Premier League,15.0,male,T20,T20,20,2014,club,Sheikh Zayed Stadium,Punjab Kings,Punjab Kings,Punjab Kings,field,Punjab Kings,23.0,,win,76.0
729309,2014,6,Sharjah Cricket Stadium,2014-04-27,Indian Premier League,16.0,male,T20,T20,20,2014,club,Sharjah Cricket Stadium,Chennai Super Kings,Delhi Capitals,Chennai Super Kings,bat,Delhi Capitals,,6.0,win,1630.0
729311,2014,6,Sharjah Cricket Stadium,2014-04-27,Indian Premier League,17.0,male,T20,T20,20,2014,club,Sharjah Cricket Stadium,Kolkata Knight Riders,Kolkata Knight Riders,Chennai Super Kings,bat,Chennai Super Kings,,5.0,win,50.0
729313,2014,6,Dubai International Cricket Stadium,2014-04-28,Indian Premier League,18.0,male,T20,T20,20,2014,club,Dubai International Cricket Stadium,Punjab Kings,Punjab Kings,Royal Challengers Bengaluru,field,Punjab Kings,,5.0,win,76.0
729315,2014,6,Sheikh Zayed Stadium,2014-04-29,Indian Premier League,19.0,male,T20,T20,20,2014,club,Sheikh Zayed Stadium,Rajasthan Royals,Punjab Kings,Rajasthan Royals,bat,Rajasthan Royals,,,tie,569.0
729317,2014,6,Dubai International Cricket Stadium,2014-04-30,Indian Premier League,20.0,male,T20,T20,20,2014,club,Dubai International Cricket Stadium,Chennai Super Kings,Chennai Super Kings,Kolkata Knight Riders,field,Kolkata Knight Riders,15.0,,win,20.0
733971,2014,6,JSCA International Stadium Complex,2014-05-02,Indian Premier League,21.0,male,T20,T20,20,2014,club,JSCA International Stadium Complex,Chennai Super Kings,Chennai Super Kings,Punjab Kings,bat,Chennai Super Kings,34.0,,win,348.0
733973,2014,6,Wankhede Stadium,2014-05-03,Indian Premier League,22.0,male,T20,T20,20,2014,club,Wankhede Stadium,Punjab Kings,Chennai Super Kings,Punjab Kings,bat,Chennai Super Kings,,5.0,win,258.0
733975,2014,6,Feroz Shah Kotla,2014-05-03,Indian Premier League,23.0,male,T20,T20,20,2014,club,Feroz Shah Kotla,Rajasthan Royals,Delhi Capitals,Rajasthan Royals,field,Rajasthan Royals,,7.0,win,179.0
733977,2014,6,M Chinnaswamy Stadium,2014-05-04,Indian Premier League,24.0,male,T20,T20,20,2014,club,M Chinnaswamy Stadium,Royal Challengers Bengaluru,Royal Challengers Bengaluru,Kolkata Knight Riders,field,Royal Challengers Bengaluru,,4.0,win,245.0
733979,2014,6,"Sardar Patel Stadium, Motera",2014-05-05,Indian Premier League,25.0,male,T20,T20,20,2014,club,"Sardar Patel Stadium, Motera",Punjab Kings,Rajasthan Royals,Punjab Kings,field,Rajasthan Royals,10.0,,win,37031.0
733981,2014,6,Feroz Shah Kotla,2014-05-05,Indian Premier League,26.0,male,T20,T20,20,2014,club,Feroz Shah Kotla,Chennai Super Kings,Delhi Capitals,Chennai Super Kings,field,Chennai Super Kings,,8.0,win,50.0
733983,2014,6,Wankhede Stadium,2014-05-06,Indian Premier League,27.0,male,T20,T20,20,2014,club,Wankhede Stadium,Royal Challengers Bengaluru,Chennai Super Kings,Royal Challengers Bengaluru,field,Chennai Super Kings,19.0,,win,25.0
733985,2014,6,Feroz Shah Kotla,2014-05-07,Indian Premier League,28.0,male,T20,T20,20,2014,club,Feroz Shah Kotla,Delhi Capitals,Delhi Capitals,Punjab Kings,bat,Punjab Kings,,8.0,win,56.0
733987,2014,6,Barabati Stadium,2014-05-07,Indian Premier League,29.0,male,T20,T20,20,2014,club,Barabati Stadium,Chennai Super Kings,Punjab Kings,Chennai Super Kings,field,Punjab Kings,44.0,,win,71.0
733989,2014,6,"Sardar Patel Stadium, Motera",2014-05-08,Indian Premier League,30.0,male,T20,T20,20,2014,club,"Sardar Patel Stadium, Motera",Rajasthan Royals,Rajasthan Royals,Kolkata Knight Riders,field,Kolkata Knight Riders,32.0,,win,20.0
733991,2014,6,M Chinnaswamy Stadium,2014-05-09,Indian Premier League,31.0,male,T20,T20,20,2014,club,M Chinnaswamy Stadium,Royal Challengers Bengaluru,Royal Challengers Bengaluru,Punjab Kings,field,Punjab Kings,32.0,,win,76.0
733993,2014,6,Feroz Shah Kotla,2014-05-10,Indian Premier League,32.0,male,T20,T20,20,2014,club,Feroz Shah Kotla,Kolkata Knight Riders,Delhi Capitals,Kolkata Knight Riders,field,Kolkata Knight Riders,,8.0,win,3451.0
733995,2014,6,Wankhede Stadium,2014-05-10,Indian Premier League,33.0,male,T20,T20,20,2014,club,Wankhede Stadium,Chennai Super Kings,Chennai Super Kings,Chennai Super Kings,field,Chennai Super Kings,,4.0,win,50.0
733997,2014,6,Barabati Stadium,2014-05-11,Indian Premier League,34.0,male,T20,T20,20,2014,club,Barabati Stadium,Punjab Kings,Punjab Kings,Punjab Kings,field,Punjab Kings,,9.0,win,56.0
733999,2014,6,M Chinnaswamy Stadium,2014-05-11,Indian Premier League,35.0,male,T20,T20,20,2014,club,M Chinnaswamy Stadium,Royal Challengers Bengaluru,Royal Challengers Bengaluru,Rajasthan Royals,bat,Rajasthan Royals,,5.0,win,569.0
734001,2014,6,"Rajiv Gandhi International Stadium, Uppal",2014-05-12,Indian Premier League,36.0,male,T20,T20,20,2014,club,"Rajiv Gandhi International Stadium, Uppal",Kolkata Knight Riders,Kolkata Knight Riders,Chennai Super Kings,bat,Chennai Super Kings,,7.0,win,27.0
734003,2014,6,JSCA International Stadium Complex,2014-05-13,Indian Premier League,37.0,male,T20,T20,20,2014,club,JSCA International Stadium Complex,Rajasthan Royals,Chennai Super Kings,Rajasthan Royals,bat,Chennai Super Kings,,5.0,win,348.0
734005,2014,6,M Chinnaswamy Stadium,2014-05-13,Indian Premier League,38.0,male,T20,T20,20,2014,club,M Chinnaswamy Stadium,Delhi Capitals,Royal Challengers Bengaluru,Delhi Capitals,field,Royal Challengers Bengaluru,16.0,,win,15.0
734007,2014,6,"Rajiv Gandhi International Stadium, Uppal",2014-05-14,Indian Premier League,39.0,male,T20,T20,20,2014,club,"Rajiv Gandhi International Stadium, Uppal",Punjab Kings,Kolkata Knight Riders,Punjab Kings,field,Punjab Kings,,6.0,win,69.0
734009,2014,6,Barabati Stadium,2014-05-14,Indian Premier League,40.0,male,T20,T20,20,2014,club,Barabati Stadium,Punjab Kings,Punjab Kings,Chennai Super Kings,field,Punjab Kings,,6.0,win,58.0
734011,2014,6,"Sardar Patel Stadium, Motera",2014-05-15,Indian Premier League,41.0,male,T20,T20,20,2014,club,"Sardar Patel Stadium, Motera",Delhi Capitals,Rajasthan Royals,Delhi Capitals,field,Rajasthan Royals,62.0,,win,34.0
734013,2014,6,JSCA International Stadium Complex,2014-05-18,Indian Premier League,42.0,male,T20,T20,20,2014,club,JSCA International Stadium Complex,Chennai Super Kings,Chennai Super Kings,Royal Challengers Bengaluru,bat,Royal Challengers Bengaluru,,5.0,win,245.0
734015,2014,6,"Rajiv Gandhi International Stadium, Uppal",2014-05-18,Indian Premier League,43.0,male,T20,T20,20,2014,club,"Rajiv Gandhi International Stadium, Uppal",Kolkata Knight Riders,Kolkata Knight Riders,Punjab Kings,bat,Punjab Kings,,7.0,win,318.0
734017,2014,6,"Sardar Patel Stadium, Motera",2014-05-19,Indian Premier League,44.0,male,T20,T20,20,2014,club,"Sardar Patel Stadium, Motera",Chennai Super Kings,Rajasthan Royals,Chennai Super Kings,bat,Chennai Super Kings,25.0,,win,11943.0
734019,2014,6,Feroz Shah Kotla,2014-05-19,Indian Premier League,45.0,male,T20,T20,20,2014,club,Feroz Shah Kotla,Punjab Kings,Delhi Capitals,Punjab Kings,field,Punjab Kings,,4.0,win,70.0
734021,2014,6,"Rajiv Gandhi International Stadium, Uppal",2014-05-20,Indian Premier League,46.0,male,T20,T20,20,2014,club,"Rajiv Gandhi International Stadium, Uppal",Royal Challengers Bengaluru,Kolkata Knight Riders,Royal Challengers Bengaluru,bat,Kolkata Knight Riders,,7.0,win,12.0
734023,2014,6,Eden Gardens,2014-05-20,Indian Premier League,47.0,male,T20,T20,20,2014,club,Eden Gardens,Punjab Kings,Punjab Kings,Chennai Super Kings,field,Punjab Kings,,8.0,win,58.0
734025,2014,6,"Punjab Cricket Association Stadium, Mohali",2014-05-21,Indian Premier League,48.0,male,T20,T20,20,2014,club,"Punjab Cricket Association Stadium, Mohali",Chennai Super Kings,Punjab Kings,Chennai Super Kings,field,Chennai Super Kings,,7.0,win,1035.0
734027,2014,6,Eden Gardens,2014-05-22,Indian Premier League,49.0,male,T20,T20,20,2014,club,Eden Gardens,Royal Challengers Bengaluru,Punjab Kings,Royal Challengers Bengaluru,field,Punjab Kings,30.0,,win,58.0
734029,2014,6,JSCA International Stadium Complex,2014-05-22,Indian Premier League,50.0,male,T20,T20,20,2014,club,JSCA International Stadium Complex,Kolkata Knight Riders,Chennai Super Kings,Kolkata Knight Riders,field,Kolkata Knight Riders,,6.0,win,12.0
734031,2014,6,Wankhede Stadium,2014-05-23,Indian Premier League,51.0,male,T20,T20,20,2014,club,Wankhede Stadium,Delhi Capitals,Chennai Super Kings,Delhi Capitals,field,Chennai Super Kings,15.0,,win,11943.0
734033,2014,6,"Punjab Cricket Association Stadium, Mohali",2014-05-23,Indian Premier League,52.0,male,T20,T20,20,2014,club,"Punjab Cricket Association Stadium, Mohali",Rajasthan Royals,Punjab Kings,Rajasthan Royals,field,Punjab Kings,16.0,,win,541.0
734035,2014,6,M Chinnaswamy Stadium,2014-05-24,Indian Premier League,53.0,male,T20,T20,20,2014,club,M Chinnaswamy Stadium,Chennai Super Kings,Royal Challengers Bengaluru,Chennai Super Kings,field,Chennai Super Kings,,8.0,win,38.0
734037,2014,6,Eden Gardens,2014-05-24,Indian Premier League,54.0,male,T20,T20,20,2014,club,Eden Gardens,Punjab Kings,Punjab Kings,Kolkata Knight Riders,field,Punjab Kings,,4.0,win,60.0
734039,2014,6,"Punjab Cricket Association Stadium, Mohali",2014-05-25,Indian Premier League,55.0,male,T20,T20,20,2014,club,"Punjab Cricket Association Stadium, Mohali",Punjab Kings,Punjab Kings,Delhi Capitals,field,Punjab Kings,,7.0,win,68.0
734041,2014,6,Wankhede Stadium,2014-05-25,Indian Premier League,56.0,male,T20,T20,20,2014,club,Wankhede Stadium,Chennai Super Kings,Chennai Super Kings,Rajasthan Royals,field,Chennai Super Kings,,5.0,win,258.0
734043,2014,6,Eden Gardens,2014-05-27,Indian Premier League,,male,T20,T20,20,2014,club,Eden Gardens,Punjab Kings,Punjab Kings,Punjab Kings,field,Punjab Kings,28.0,,win,318.0
734045,2014,6,Brabourne Stadium,2014-05-28,Indian Premier League,,male,T20,T20,20,2014,club,Brabourne Stadium,Chennai Super Kings,Chennai Super Kings,Chennai Super Kings,field,Chennai Super Kings,,7.0,win,47.0
734047,2014,6,Wankhede Stadium,2014-05-30,Indian Premier League,,male,T20,T20,20,2014,club,Wankhede Stadium,Chennai Super Kings,Chennai Super Kings,Punjab Kings,field,Punjab Kings,24.0,,win,11975.0
734049,2014,6,M Chinnaswamy Stadium,2014-06-01,Indian Premier League,,male,T20,T20,20,2014,club,M Chinnaswamy Stadium,Punjab Kings,Punjab Kings,Punjab Kings,field,Punjab Kings,,3.0,win,59.0
829705,2015,6,Eden Gardens,2015-04-08,Indian Premier League,1.0,male,T20,T20,20,2015,club,Eden Gardens,Punjab Kings,Punjab Kings,Chennai Super Kings,field,Punjab Kings,,7.0,win,13863.0
829707,2015,6,"MA Chidambaram Stadium, Chepauk",2015-04-09,Indian Premier League,2.0,male,T20,T20,20,2015,club,"MA Chidambaram Stadium, Chepauk",Delhi Capitals,Chennai Super Kings,Delhi Capitals,field,Chennai Super Kings,1.0,,win,21.0
829709,2015,6,Maharashtra Cricket Association Stadium,2015-04-10,Indian Premier League,3.0,male,T20,T20,20,2015,club,Maharashtra Cricket Association Stadium,Punjab Kings,Punjab Kings,Rajasthan Royals,field,Rajasthan Royals,26.0,,win,569.0
829711,2015,6,"MA Chidambaram Stadium, Chepauk",2015-04-11,Indian Premier League,4.0,male,T20,T20,20,2015,club,"MA Chidambaram Stadium, Chepauk",Chennai Super Kings,Chennai Super Kings,Kolkata Knight Riders,bat,Chennai Super Kings,45.0,,win,46.0
829713,2015,6,Eden Gardens,2015-04-11,Indian Premier League,5.0,male,T20,T20,20,2015,club,Eden Gardens,Royal Challengers Bengaluru,Punjab Kings,Royal Challengers Bengaluru,field,Royal Challengers Bengaluru,,3.0,win,1.0
829715,2015,6,Feroz Shah Kotla,2015-04-12,Indian Premier League,6.0,male,T20,T20,20,2015,club,Feroz Shah Kotla,Rajasthan Royals,Delhi Capitals,Rajasthan Royals,field,Rajasthan Royals,,3.0,win,16.0
829717,2015,6,Wankhede Stadium,2015-04-12,Indian Premier League,7.0,male,T20,T20,20,2015,club,Wankhede Stadium,Chennai Super Kings,Chennai Super Kings,Punjab Kings,field,Punjab Kings,18.0,,win,13882.0
829719,2015,6,M Chinnaswamy Stadium,2015-04-13,Indian Premier League,8.0,male,T20,T20,20,2015,club,M Chinnaswamy Stadium,Kolkata Knight Riders,Royal Challengers Bengaluru,Kolkata Knight Riders,field,Kolkata Knight Riders,,8.0,win,12.0
829721,2015,6,"Sardar Patel Stadium, Motera",2015-04-14,Indian Premier League,9.0,male,T20,T20,20,2015,club,"Sardar Patel Stadium, Motera",Chennai Super Kings,Rajasthan Royals,Chennai Super Kings,bat,Rajasthan Royals,,7.0,win,36.0
829723,2015,6,Eden Gardens,2015-04-30,Indian Premier League,30.0,male,T20,T20,20,2015,club,Eden Gardens,Punjab Kings,Punjab Kings,Chennai Super Kings,field,Punjab Kings,,7.0,win,1437.0
829725,2015,6,Maharashtra Cricket Association Stadium,2015-04-15,Indian Premier League,10.0,male,T20,T20,20,2015,club,Maharashtra Cricket Association Stadium,Punjab Kings,Punjab Kings,Delhi Capitals,bat,Delhi Capitals,,5.0,win,35.0
829727,2015,6,Dr. Y.S. Rajasekhara Reddy ACA-VDCA Cricket Stadium,2015-04-16,Indian Premier League,11.0,male,T20,T20,20,2015,club,Dr. Y.S. Rajasekhara Reddy ACA-VDCA Cricket Stadium,Rajasthan Royals,Kolkata Knight Riders,Rajasthan Royals,field,Rajasthan Royals,,6.0,win,34.0
829729,2015,6,Wankhede Stadium,2015-04-17,Indian Premier League,12.0,male,T20,T20,20,2015,club,Wankhede Stadium,Chennai Super Kings,Chennai Super Kings,Chennai Super Kings,bat,Chennai Super Kings,,6.0,win,21.0
829731,2015,6,Dr. Y.S. Rajasekhara Reddy ACA-VDCA Cricket Stadium,2015-04-18,Indian Premier League,13.0,male,T20,T20,20,2015,club,Dr. Y.S. Rajasekhara Reddy ACA-VDCA Cricket Stadium,Delhi Capitals,Kolkata Knight Riders,Delhi Capitals,bat,Delhi Capitals,4.0,,win,1964.0
829733,2015,6,Maharashtra Cricket Association Stadium,2015-04-18,Indian Premier League,14.0,male,T20,T20,20,2015,club,Maharashtra Cricket Association Stadium,Punjab Kings,Punjab Kings,Punjab Kings,field,Punjab Kings,,4.0,win,1437.0
829735,2015,6,"Sardar Patel Stadium, Motera",2015-04-19,Indian Premier League,15.0,male,T20,T20,20,2015,club,"Sardar Patel Stadium, Motera",Chennai Super Kings,Rajasthan Royals,Chennai Super Kings,bat,Rajasthan Royals,,8.0,win,34.0
829737,2015,6,M Chinnaswamy Stadium,2015-04-19,Indian Premier League,16.0,male,T20,T20,20,2015,club,M Chinnaswamy Stadium,Royal Challengers Bengaluru,Royal Challengers Bengaluru,Chennai Super Kings,field,Chennai Super Kings,18.0,,win,228.0
829739,2015,6,Feroz Shah Kotla,2015-04-20,Indian Premier League,17.0,male,T20,T20,20,2015,club,Feroz Shah Kotla,Punjab Kings,Delhi Capitals,Punjab Kings,field,Punjab Kings,,6.0,win,318.0
829741,2015,6,"Sardar Patel Stadium, Motera",2015-04-21,Indian Premier League,18.0,male,T20,T20,20,2015,club,"Sardar Patel Stadium, Motera",Punjab Kings,Rajasthan Royals,Punjab Kings,field,Punjab Kings,,,tie,541.0
829743,2015,6,Dr. Y.S. Rajasekhara Reddy ACA-VDCA Cricket Stadium,2015-04-22,Indian Premier League,19.0,male,T20,T20,20,2015,club,Dr. Y.S. Rajasekhara Reddy ACA-VDCA Cricket Stadium,Punjab Kings,Kolkata Knight Riders,Punjab Kings,field,Kolkata Knight Riders,16.0,,win,12.0
829745,2015,6,M Chinnaswamy Stadium,2015-04-22,Indian Premier League,20.0,male,T20,T20,20,2015,club,M Chinnaswamy Stadium,Royal Challengers Bengaluru,Royal Challengers Bengaluru,Chennai Super Kings,field,Chennai Super Kings,27.0,,win,47.0
829747,2015,6,Feroz Shah Kotla,2015-04-23,Indian Premier League,21.0,male,T20,T20,20,2015,club,Feroz Shah Kotla,Chennai Super Kings,Delhi Capitals,Chennai Super Kings,field,Delhi Capitals,37.0,,win,389.0
829749,2015,6,"Sardar Patel Stadium, Motera",2015-04-24,Indian Premier League,22.0,male,T20,T20,20,2015,club,"Sardar Patel Stadium, Motera",Royal Challengers Bengaluru,Rajasthan Royals,Royal Challengers Bengaluru,field,Royal Challengers Bengaluru,,9.0,win,10109.0
829751,2015,6,Wankhede Stadium,2015-04-25,Indian Premier League,23.0,male,T20,T20,20,2015,club,Wankhede Stadium,Chennai Super Kings,Chennai Super Kings,Kolkata Knight Riders,bat,Chennai Super Kings,20.0,,win,230.0
829753,2015,6,"MA Chidambaram Stadium, Chepauk",2015-04-25,Indian Premier League,24.0,male,T20,T20,20,2015,club,"MA Chidambaram Stadium, Chepauk",Chennai Super Kings,Chennai Super Kings,Punjab Kings,bat,Chennai Super Kings,97.0,,win,46.0
829757,2015,6,Feroz Shah Kotla,2015-04-26,Indian Premier League,26.0,male,T20,T20,20,2015,club,Feroz Shah Kotla,Royal Challengers Bengaluru,Delhi Capitals,Royal Challengers Bengaluru,field,Royal Challengers Bengaluru,,10.0,win,241.0
829759,2015,6,"Punjab Cricket Association Stadium, Mohali",2015-04-27,Indian Premier League,27.0,male,T20,T20,20,2015,club,"Punjab Cricket Association Stadium, Mohali",Punjab Kings,Punjab Kings,Kolkata Knight Riders,field,Kolkata Knight Riders,20.0,,win,66.0
829761,2015,6,Eden Gardens,2015-05-07,Indian Premier League,42.0,male,T20,T20,20,2015,club,Eden Gardens,Punjab Kings,Punjab Kings,Delhi Capitals,bat,Punjab Kings,13.0,,win,63.0
829763,2015,6,M Chinnaswamy Stadium,2015-04-29,Indian Premier League,29.0,male,T20,T20,20,2015,club,M Chinnaswamy Stadium,Rajasthan Royals,Royal Challengers Bengaluru,Rajasthan Royals,field,Rajasthan Royals,,,no result,
829765,2015,6,"MA Chidambaram Stadium, Chepauk",2015-04-28,Indian Premier League,28.0,male,T20,T20,20,2015,club,"MA Chidambaram Stadium, Chepauk",Punjab Kings,Chennai Super Kings,Punjab Kings,field,Chennai Super Kings,2.0,,win,1393.0
829767,2015,6,Feroz Shah Kotla,2015-05-01,Indian Premier League,31.0,male,T20,T20,20,2015,club,Feroz Shah Kotla,Delhi Capitals,Delhi Capitals,Punjab Kings,field,Delhi Capitals,,9.0,win,471.0
829769,2015,6,Wankhede Stadium,2015-05-01,Indian Premier League,32.0,male,T20,T20,20,2015,club,Wankhede Stadium,Rajasthan Royals,Chennai Super Kings,Rajasthan Royals,field,Chennai Super Kings,8.0,,win,27.0
829771,2015,6,M Chinnaswamy Stadium,2015-05-02,Indian Premier League,33.0,male,T20,T20,20,2015,club,M Chinnaswamy Stadium,Royal Challengers Bengaluru,Royal Challengers Bengaluru,Punjab Kings,field,Royal Challengers Bengaluru,,7.0,win,2.0
829773,2015,6,"Rajiv Gandhi International Stadium, Uppal",2015-05-02,Indian Premier League,34.0,male,T20,T20,20,2015,club,"Rajiv Gandhi International Stadium, Uppal",Chennai Super Kings,Kolkata Knight Riders,Chennai Super Kings,field,Kolkata Knight Riders,22.0,,win,12.0
829775,2015,6,"Punjab Cricket Association Stadium, Mohali",2015-05-03,Indian Premier League,35.0,male,T20,T20,20,2015,club,"Punjab Cricket Association Stadium, Mohali",Chennai Super Kings,Punjab Kings,Chennai Super Kings,bat,Chennai Super Kings,23.0,,win,1035.0
829777,2015,6,Brabourne Stadium,2015-05-03,Indian Premier League,36.0,male,T20,T20,20,2015,club,Brabourne Stadium,Delhi Capitals,Rajasthan Royals,Delhi Capitals,field,Rajasthan Royals,14.0,,win,34.0
829779,2015,6,"MA Chidambaram Stadium, Chepauk",2015-05-04,Indian Premier League,37.0,male,T20,T20,20,2015,club,"MA Chidambaram Stadium, Chepauk",Chennai Super Kings,Chennai Super Kings,Royal Challengers Bengaluru,bat,Chennai Super Kings,24.0,,win,47.0
829781,2015,6,Eden Gardens,2015-05-04,Indian Premier League,38.0,male,T20,T20,20,2015,club,Eden Gardens,Kolkata Knight Riders,Punjab Kings,Kolkata Knight Riders,field,Punjab Kings,35.0,,win,318.0
829783,2015,6,Wankhede Stadium,2015-05-05,Indian Premier League,39.0,male,T20,T20,20,2015,club,Wankhede Stadium,Delhi Capitals,Chennai Super Kings,Delhi Capitals,bat,Chennai Super Kings,,5.0,win,228.0
829785,2015,6,M Chinnaswamy Stadium,2015-05-06,Indian Premier League,40.0,male,T20,T20,20,2015,club,M Chinnaswamy Stadium,Punjab Kings,Royal Challengers Bengaluru,Punjab Kings,field,Royal Challengers Bengaluru,138.0,,win,1.0
829787,2015,6,Brabourne Stadium,2015-05-07,Indian Premier League,41.0,male,T20,T20,20,2015,club,Brabourne Stadium,Rajasthan Royals,Rajasthan Royals,Kolkata Knight Riders,field,Kolkata Knight Riders,7.0,,win,400.0
829789,2015,6,"MA Chidambaram Stadium, Chepauk",2015-05-08,Indian Premier League,43.0,male,T20,T20,20,2015,club,"MA Chidambaram Stadium, Chepauk",Chennai Super Kings,Chennai Super Kings,Chennai Super Kings,bat,Chennai Super Kings,,6.0,win,30.0
829791,2015,6,Eden Gardens,2015-05-09,Indian Premier League,44.0,male,T20,T20,20,2015,club,Eden Gardens,Punjab Kings,Punjab Kings,Punjab Kings,bat,Punjab Kings,,1.0,win,1437.0
829793,2015,6,Shaheed Veer Narayan Singh International Stadium,2015-05-09,Indian Premier League,45.0,male,T20,T20,20,2015,club,Shaheed Veer Narayan Singh International Stadium,Kolkata Knight Riders,Delhi Capitals,Kolkata Knight Riders,bat,Kolkata Knight Riders,6.0,,win,14.0
829795,2015,6,Wankhede Stadium,2015-05-10,Indian Premier League,46.0,male,T20,T20,20,2015,club,Wankhede Stadium,Royal Challengers Bengaluru,Chennai Super Kings,Royal Challengers Bengaluru,bat,Royal Challengers Bengaluru,39.0,,win,245.0
829797,2015,6,"MA Chidambaram Stadium, Chepauk",2015-05-10,Indian Premier League,47.0,male,T20,T20,20,2015,club,"MA Chidambaram Stadium, Chepauk",Chennai Super Kings,Chennai Super Kings,Rajasthan Royals,bat,Chennai Super Kings,12.0,,win,348.0
829799,2015,6,"Rajiv Gandhi International Stadium, Uppal",2015-05-11,Indian Premier League,48.0,male,T20,T20,20,2015,club,"Rajiv Gandhi International Stadium, Uppal",Kolkata Knight Riders,Kolkata Knight Riders,Punjab Kings,bat,Kolkata Knight Riders,5.0,,win,12.0
829801,2015,6,Shaheed Veer Narayan Singh International Stadium,2015-05-12,Indian Premier League,49.0,male,T20,T20,20,2015,club,Shaheed Veer Narayan Singh International Stadium,Chennai Super Kings,Delhi Capitals,Chennai Super Kings,bat,Delhi Capitals,,6.0,win,187.0
829803,2015,6,"Punjab Cricket Association Stadium, Mohali",2015-05-13,Indian Premier League,50.0,male,T20,T20,20,2015,club,"Punjab Cricket Association Stadium, Mohali",Royal Challengers Bengaluru,Punjab Kings,Royal Challengers Bengaluru,field,Punjab Kings,22.0,,win,70.0
829805,2015,6,Wankhede Stadium,2015-05-14,Indian Premier League,51.0,male,T20,T20,20,2015,club,Wankhede Stadium,Punjab Kings,Chennai Super Kings,Punjab Kings,field,Chennai Super Kings,5.0,,win,30.0
829807,2015,6,"Rajiv Gandhi International Stadium, Uppal",2015-05-15,Indian Premier League,52.0,male,T20,T20,20,2015,club,"Rajiv Gandhi International Stadium, Uppal",Kolkata Knight Riders,Kolkata Knight Riders,Royal Challengers Bengaluru,bat,Royal Challengers Bengaluru,,6.0,win,332.0
829809,2015,6,"Punjab Cricket Association Stadium, Mohali",2015-05-16,Indian Premier League,53.0,male,T20,T20,20,2015,club,"Punjab Cricket Association Stadium, Mohali",Punjab Kings,Punjab Kings,Chennai Super Kings,bat,Chennai Super Kings,,7.0,win,172.0
829811,2015,6,Brabourne Stadium,2015-05-16,Indian Premier League,54.0,male,T20,T20,20,2015,club,Brabourne Stadium,Rajasthan Royals,Rajasthan Royals,Punjab Kings,bat,Rajasthan Royals,9.0,,win,5.0
829813,2015,6,M Chinnaswamy Stadium,2015-05-17,Indian Premier League,55.0,male,T20,T20,20,2015,club,M Chinnaswamy Stadium,Royal Challengers Bengaluru,Royal Challengers Bengaluru,Delhi Capitals,field,Delhi Capitals,,,no result,
829815,2015,6,"Rajiv Gandhi International Stadium, Uppal",2015-05-17,Indian Premier League,56.0,male,T20,T20,20,2015,club,"Rajiv Gandhi International Stadium, Uppal",Kolkata Knight Riders,Kolkata Knight Riders,Chennai Super Kings,bat,Chennai Super Kings,,9.0,win,32.0
829817,2015,6,Wankhede Stadium,2015-05-19,Indian Premier League,,male,T20,T20,20,2015,club,Wankhede Stadium,Chennai Super Kings,Chennai Super Kings,Chennai Super Kings,bat,Chennai Super Kings,25.0,,win,29.0
829819,2015,6,Maharashtra Cricket Association Stadium,2015-05-20,Indian Premier League,,male,T20,T20,20,2015,club,Maharashtra Cricket Association Stadium,Royal Challengers Bengaluru,Royal Challengers Bengaluru,Rajasthan Royals,bat,Royal Challengers Bengaluru,71.0,,win,245.0
829821,2015,6,JSCA International Stadium Complex,2015-05-22,Indian Premier League,,male,T20,T20,20,2015,club,JSCA International Stadium Complex,Chennai Super Kings,Chennai Super Kings,Royal Challengers Bengaluru,field,Chennai Super Kings,,3.0,win,21.0
829823,2015,6,Eden Gardens,2015-05-24,Indian Premier League,,male,T20,T20,20,2015,club,Eden Gardens,Chennai Super Kings,Chennai Super Kings,Chennai Super Kings,field,Chennai Super Kings,41.0,,win,25.0
980901,2016,6,Wankhede Stadium,2016-04-09,Indian Premier League,1.0,male,T20,T20,20,2016,club,Wankhede Stadium,Chennai Super Kings,Chennai Super Kings,Mumbai Indians,bat,Mumbai Indians,,9.0,win,34.0
980903,2016,6,Eden Gardens,2016-04-10,Indian Premier League,2.0,male,T20,T20,20,2016,club,Eden Gardens,Punjab Kings,Punjab Kings,Delhi Capitals,field,Punjab Kings,,9.0,win,1437.0
980905,2016,6,"Punjab Cricket Association IS Bindra Stadium, Mohali",2016-04-11,Indian Premier League,3.0,male,T20,T20,20,2016,club,"Punjab Cricket Association IS Bindra Stadium, Mohali",Delhi Capitals,Punjab Kings,Delhi Capitals,field,Delhi Capitals,,5.0,win,48.0
980907,2016,6,M Chinnaswamy Stadium,2016-04-12,Indian Premier League,4.0,male,T20,T20,20,2016,club,M Chinnaswamy Stadium,Kolkata Knight Riders,Royal Challengers Bengaluru,Kolkata Knight Riders,field,Royal Challengers Bengaluru,45.0,,win,245.0
980909,2016,6,Eden Gardens,2016-04-13,Indian Premier League,5.0,male,T20,T20,20,2016,club,Eden Gardens,Chennai Super Kings,Punjab Kings,Chennai Super Kings,field,Chennai Super Kings,,6.0,win,25.0
980911,2016,6,Saurashtra Cricket Association Stadium,2016-04-14,Indian Premier League,6.0,male,T20,T20,20,2016,club,Saurashtra Cricket Association Stadium,Mumbai Indians,Delhi Capitals,Mumbai Indians,bat,Delhi Capitals,,7.0,win,48.0
980913,2016,6,Feroz Shah Kotla,2016-04-15,Indian Premier League,7.0,male,T20,T20,20,2016,club,Feroz Shah Kotla,Delhi Capitals,Delhi Capitals,Punjab Kings,field,Delhi Capitals,,8.0,win,185.0
980915,2016,6,"Rajiv Gandhi International Stadium, Uppal",2016-04-16,Indian Premier League,8.0,male,T20,T20,20,2016,club,"Rajiv Gandhi International Stadium, Uppal",Kolkata Knight Riders,Kolkata Knight Riders,Punjab Kings,bat,Punjab Kings,,8.0,win,56.0
980917,2016,6,Wankhede Stadium,2016-04-16,Indian Premier League,9.0,male,T20,T20,20,2016,club,Wankhede Stadium,Delhi Capitals,Chennai Super Kings,Delhi Capitals,field,Delhi Capitals,,3.0,win,48.0
980919,2016,6,"Punjab Cricket Association IS Bindra Stadium, Mohali",2016-04-17,Indian Premier League,10.0,male,T20,T20,20,2016,club,"Punjab Cricket Association IS Bindra Stadium, Mohali",Mumbai Indians,Punjab Kings,Mumbai Indians,bat,Punjab Kings,,6.0,win,68.0
980921,2016,6,M Chinnaswamy Stadium,2016-04-17,Indian Premier League,11.0,male,T20,T20,20,2016,club,M Chinnaswamy Stadium,Delhi Capitals,Royal Challengers Bengaluru,Delhi Capitals,field,Delhi Capitals,,7.0,win,1421.0
980923,2016,6,"Rajiv Gandhi International Stadium, Uppal",2016-04-18,Indian Premier League,12.0,male,T20,T20,20,2016,club,"Rajiv Gandhi International Stadium, Uppal",Kolkata Knight Riders,Kolkata Knight Riders,Chennai Super Kings,field,Kolkata Knight Riders,,7.0,win,12.0
980925,2016,6,"Punjab Cricket Association IS Bindra Stadium, Mohali",2016-04-19,Indian Premier League,13.0,male,T20,T20,20,2016,club,"Punjab Cricket Association IS Bindra Stadium, Mohali",Punjab Kings,Punjab Kings,Punjab Kings,field,Punjab Kings,,6.0,win,58.0
980927,2016,6,Wankhede Stadium,2016-04-20,Indian Premier League,14.0,male,T20,T20,20,2016,club,Wankhede Stadium,Chennai Super Kings,Chennai Super Kings,Royal Challengers Bengaluru,field,Chennai Super Kings,,6.0,win,25.0
980929,2016,6,Saurashtra Cricket Association Stadium,2016-04-21,Indian Premier League,15.0,male,T20,T20,20,2016,club,Saurashtra Cricket Association Stadium,Kolkata Knight Riders,Delhi Capitals,Kolkata Knight Riders,field,Kolkata Knight Riders,,10.0,win,20.0
980931,2016,6,Maharashtra Cricket Association Stadium,2016-04-22,Indian Premier League,16.0,male,T20,T20,20,2016,club,Maharashtra Cricket Association Stadium,Mumbai Indians,Mumbai Indians,Royal Challengers Bengaluru,field,Royal Challengers Bengaluru,13.0,,win,245.0
980933,2016,6,Feroz Shah Kotla,2016-04-23,Indian Premier League,17.0,male,T20,T20,20,2016,club,Feroz Shah Kotla,Chennai Super Kings,Delhi Capitals,Chennai Super Kings,field,Delhi Capitals,10.0,,win,180.0
980935,2016,6,"Rajiv Gandhi International Stadium, Uppal",2016-04-23,Indian Premier League,18.0,male,T20,T20,20,2016,club,"Rajiv Gandhi International Stadium, Uppal",Kolkata Knight Riders,Kolkata Knight Riders,Punjab Kings,field,Kolkata Knight Riders,,5.0,win,297.0
980937,2016,6,Saurashtra Cricket Association Stadium,2016-04-24,Indian Premier League,19.0,male,T20,T20,20,2016,club,Saurashtra Cricket Association Stadium,Royal Challengers Bengaluru,Delhi Capitals,Royal Challengers Bengaluru,bat,Delhi Capitals,,6.0,win,332.0
980939,2016,6,Maharashtra Cricket Association Stadium,2016-04-24,Indian Premier League,20.0,male,T20,T20,20,2016,club,Maharashtra Cricket Association Stadium,Punjab Kings,Mumbai Indians,Punjab Kings,field,Punjab Kings,,2.0,win,61.0
980941,2016,6,"Punjab Cricket Association IS Bindra Stadium, Mohali",2016-04-25,Indian Premier League,21.0,male,T20,T20,20,2016,club,"Punjab Cricket Association IS Bindra Stadium, Mohali",Punjab Kings,Punjab Kings,Chennai Super Kings,field,Chennai Super Kings,25.0,,win,23.0
980943,2016,6,"Rajiv Gandhi International Stadium, Uppal",2016-04-26,Indian Premier League,22.0,male,T20,T20,20,2016,club,"Rajiv Gandhi International Stadium, Uppal",Mumbai Indians,Kolkata Knight Riders,Mumbai Indians,field,Mumbai Indians,34.0,,win,43.0
980945,2016,6,Feroz Shah Kotla,2016-04-27,Indian Premier League,23.0,male,T20,T20,20,2016,club,Feroz Shah Kotla,Delhi Capitals,Delhi Capitals,Delhi Capitals,field,Delhi Capitals,1.0,,win,182.0
980947,2016,6,Wankhede Stadium,2016-04-28,Indian Premier League,24.0,male,T20,T20,20,2016,club,Wankhede Stadium,Chennai Super Kings,Chennai Super Kings,Punjab Kings,field,Chennai Super Kings,,6.0,win,25.0
980949,2016,6,Maharashtra Cricket Association Stadium,2016-04-29,Indian Premier League,25.0,male,T20,T20,20,2016,club,Maharashtra Cricket Association Stadium,Delhi Capitals,Mumbai Indians,Delhi Capitals,field,Delhi Capitals,,3.0,win,50.0
980951,2016,6,Feroz Shah Kotla,2016-04-30,Indian Premier League,26.0,male,T20,T20,20,2016,club,Feroz Shah Kotla,Punjab Kings,Delhi Capitals,Punjab Kings,field,Delhi Capitals,27.0,,win,183.0
980953,2016,6,"Rajiv Gandhi International Stadium, Uppal",2016-04-30,Indian Premier League,27.0,male,T20,T20,20,2016,club,"Rajiv Gandhi International Stadium, Uppal",Royal Challengers Bengaluru,Kolkata Knight Riders,Royal Challengers Bengaluru,field,Kolkata Knight Riders,15.0,,win,12.0
980955,2016,6,Saurashtra Cricket Association Stadium,2016-05-01,Indian Premier League,28.0,male,T20,T20,20,2016,club,Saurashtra Cricket Association Stadium,Delhi Capitals,Delhi Capitals,Punjab Kings,field,Punjab Kings,23.0,,win,70.0
980957,2016,6,Maharashtra Cricket Association Stadium,2016-05-01,Indian Premier League,29.0,male,T20,T20,20,2016,club,Maharashtra Cricket Association Stadium,Chennai Super Kings,Mumbai Indians,Chennai Super Kings,field,Chennai Super Kings,,8.0,win,25.0
980959,2016,6,M Chinnaswamy Stadium,2016-05-02,Indian Premier League,30.0,male,T20,T20,20,2016,club,M Chinnaswamy Stadium,Punjab Kings,Royal Challengers Bengaluru,Punjab Kings,field,Punjab Kings,,5.0,win,1437.0
980961,2016,6,Saurashtra Cricket Association Stadium,2016-05-03,Indian Premier League,31.0,male,T20,T20,20,2016,club,Saurashtra Cricket Association Stadium,Delhi Capitals,Delhi Capitals,Delhi Capitals,field,Delhi Capitals,,8.0,win,181.0
980963,2016,6,Eden Gardens,2016-05-04,Indian Premier League,32.0,male,T20,T20,20,2016,club,Eden Gardens,Punjab Kings,Punjab Kings,Punjab Kings,field,Punjab Kings,7.0,,win,1437.0
980965,2016,6,Feroz Shah Kotla,2016-05-05,Indian Premier League,33.0,male,T20,T20,20,2016,club,Feroz Shah Kotla,Mumbai Indians,Delhi Capitals,Mumbai Indians,field,Mumbai Indians,,7.0,win,34.0
980967,2016,6,"Rajiv Gandhi International Stadium, Uppal",2016-05-06,Indian Premier League,34.0,male,T20,T20,20,2016,club,"Rajiv Gandhi International Stadium, Uppal",Kolkata Knight Riders,Kolkata Knight Riders,Delhi Capitals,field,Kolkata Knight Riders,,5.0,win,20.0
980969,2016,6,M Chinnaswamy Stadium,2016-05-07,Indian Premier League,35.0,male,T20,T20,20,2016,club,M Chinnaswamy Stadium,Royal Challengers Bengaluru,Royal Challengers Bengaluru,Mumbai Indians,field,Royal Challengers Bengaluru,,7.0,win,332.0
980971,2016,6,"Punjab Cricket Association IS Bindra Stadium, Mohali",2016-05-07,Indian Premier League,36.0,male,T20,T20,20,2016,club,"Punjab Cricket Association IS Bindra Stadium, Mohali",Delhi Capitals,Punjab Kings,Delhi Capitals,field,Punjab Kings,9.0,,win,73.0
980973,2016,6,Dr. Y.S. Rajasekhara Reddy ACA-VDCA Cricket Stadium,2016-05-08,Indian Premier League,37.0,male,T20,T20,20,2016,club,Dr. Y.S. Rajasekhara Reddy ACA-VDCA Cricket Stadium,Chennai Super Kings,Chennai Super Kings,Kolkata Knight Riders,field,Kolkata Knight Riders,85.0,,win,21.0
980975,2016,6,Eden Gardens,2016-05-08,Indian Premier League,38.0,male,T20,T20,20,2016,club,Eden Gardens,Delhi Capitals,Punjab Kings,Delhi Capitals,field,Delhi Capitals,,5.0,win,52.0
980977,2016,6,"Punjab Cricket Association IS Bindra Stadium, Mohali",2016-05-09,Indian Premier League,39.0,male,T20,T20,20,2016,club,"Punjab Cricket Association IS Bindra Stadium, Mohali",Punjab Kings,Punjab Kings,Royal Challengers Bengaluru,field,Royal Challengers Bengaluru,1.0,,win,5.0
1473446,2025,6,"Narendra Modi Stadium, Ahmedabad",2025-03-29,Indian Premier League,9.0,male,T20,T20,20,2025,club,"Narendra Modi Stadium, Ahmedabad",Chennai Super Kings,Gujarat Titans,Chennai Super Kings,field,Gujarat Titans,36.0,,win,2188.0
980979,2016,6,Dr. Y.S. Rajasekhara Reddy ACA-VDCA Cricket Stadium,2016-05-10,Indian Premier League,40.0,male,T20,T20,20,2016,club,Dr. Y.S. Rajasekhara Reddy ACA-VDCA Cricket Stadium,Kolkata Knight Riders,Mumbai Indians,Kolkata Knight Riders,bat,Kolkata Knight Riders,4.0,,win,42.0
980981,2016,6,M Chinnaswamy Stadium,2016-05-11,Indian Premier League,41.0,male,T20,T20,20,2016,club,M Chinnaswamy Stadium,Chennai Super Kings,Royal Challengers Bengaluru,Chennai Super Kings,field,Chennai Super Kings,,6.0,win,28.0
980983,2016,6,"Rajiv Gandhi International Stadium, Uppal",2016-05-12,Indian Premier League,42.0,male,T20,T20,20,2016,club,"Rajiv Gandhi International Stadium, Uppal",Delhi Capitals,Kolkata Knight Riders,Delhi Capitals,field,Delhi Capitals,,7.0,win,182.0
980985,2016,6,Dr. Y.S. Rajasekhara Reddy ACA-VDCA Cricket Stadium,2016-05-13,Indian Premier League,43.0,male,T20,T20,20,2016,club,Dr. Y.S. Rajasekhara Reddy ACA-VDCA Cricket Stadium,Chennai Super Kings,Chennai Super Kings,Punjab Kings,bat,Punjab Kings,,7.0,win,73.0
980987,2016,6,M Chinnaswamy Stadium,2016-05-14,Indian Premier League,44.0,male,T20,T20,20,2016,club,M Chinnaswamy Stadium,Delhi Capitals,Royal Challengers Bengaluru,Delhi Capitals,field,Royal Challengers Bengaluru,144.0,,win,245.0
980989,2016,6,Eden Gardens,2016-05-14,Indian Premier League,45.0,male,T20,T20,20,2016,club,Eden Gardens,Mumbai Indians,Punjab Kings,Mumbai Indians,bat,Punjab Kings,,8.0,win,60.0
980991,2016,6,"Punjab Cricket Association IS Bindra Stadium, Mohali",2016-05-15,Indian Premier League,46.0,male,T20,T20,20,2016,club,"Punjab Cricket Association IS Bindra Stadium, Mohali",Punjab Kings,Punjab Kings,Kolkata Knight Riders,bat,Kolkata Knight Riders,,7.0,win,67.0
980993,2016,6,Dr. Y.S. Rajasekhara Reddy ACA-VDCA Cricket Stadium,2016-05-15,Indian Premier League,47.0,male,T20,T20,20,2016,club,Dr. Y.S. Rajasekhara Reddy ACA-VDCA Cricket Stadium,Delhi Capitals,Chennai Super Kings,Delhi Capitals,field,Chennai Super Kings,80.0,,win,28.0
980995,2016,6,Eden Gardens,2016-05-16,Indian Premier League,48.0,male,T20,T20,20,2016,club,Eden Gardens,Royal Challengers Bengaluru,Punjab Kings,Royal Challengers Bengaluru,field,Royal Challengers Bengaluru,,9.0,win,332.0
980997,2016,6,Dr. Y.S. Rajasekhara Reddy ACA-VDCA Cricket Stadium,2016-05-17,Indian Premier League,49.0,male,T20,T20,20,2016,club,Dr. Y.S. Rajasekhara Reddy ACA-VDCA Cricket Stadium,Mumbai Indians,Mumbai Indians,Delhi Capitals,field,Mumbai Indians,19.0,,win,43.0
980999,2016,6,M Chinnaswamy Stadium,2016-05-18,Indian Premier League,50.0,male,T20,T20,20,2016,club,M Chinnaswamy Stadium,Punjab Kings,Royal Challengers Bengaluru,Punjab Kings,field,Royal Challengers Bengaluru,82.0,,win,332.0
981001,2016,6,Green Park,2016-05-19,Indian Premier League,51.0,male,T20,T20,20,2016,club,Green Park,Delhi Capitals,Delhi Capitals,Punjab Kings,field,Delhi Capitals,,6.0,win,50.0
981003,2016,6,Shaheed Veer Narayan Singh International Stadium,2016-05-20,Indian Premier League,52.0,male,T20,T20,20,2016,club,Shaheed Veer Narayan Singh International Stadium,Delhi Capitals,Delhi Capitals,Kolkata Knight Riders,field,Delhi Capitals,,6.0,win,179.0
981005,2016,6,Dr. Y.S. Rajasekhara Reddy ACA-VDCA Cricket Stadium,2016-05-21,Indian Premier League,53.0,male,T20,T20,20,2016,club,Dr. Y.S. Rajasekhara Reddy ACA-VDCA Cricket Stadium,Punjab Kings,Mumbai Indians,Punjab Kings,bat,Mumbai Indians,,4.0,win,38.0
981007,2016,6,Green Park,2016-05-21,Indian Premier League,54.0,male,T20,T20,20,2016,club,Green Park,Delhi Capitals,Delhi Capitals,Chennai Super Kings,field,Delhi Capitals,,6.0,win,47.0
981009,2016,6,Eden Gardens,2016-05-22,Indian Premier League,55.0,male,T20,T20,20,2016,club,Eden Gardens,Kolkata Knight Riders,Punjab Kings,Kolkata Knight Riders,field,Punjab Kings,22.0,,win,60.0
981011,2016,6,Shaheed Veer Narayan Singh International Stadium,2016-05-22,Indian Premier League,56.0,male,T20,T20,20,2016,club,Shaheed Veer Narayan Singh International Stadium,Royal Challengers Bengaluru,Delhi Capitals,Royal Challengers Bengaluru,field,Royal Challengers Bengaluru,,6.0,win,332.0
981013,2016,6,M Chinnaswamy Stadium,2016-05-24,Indian Premier League,,male,T20,T20,20,2016,club,M Chinnaswamy Stadium,Royal Challengers Bengaluru,Delhi Capitals,Royal Challengers Bengaluru,field,Royal Challengers Bengaluru,,4.0,win,245.0
981015,2016,6,Feroz Shah Kotla,2016-05-25,Indian Premier League,,male,T20,T20,20,2016,club,Feroz Shah Kotla,Punjab Kings,Kolkata Knight Riders,Punjab Kings,field,Kolkata Knight Riders,22.0,,win,14.0
981017,2016,6,Feroz Shah Kotla,2016-05-27,Indian Premier League,,male,T20,T20,20,2016,club,Feroz Shah Kotla,Kolkata Knight Riders,Delhi Capitals,Kolkata Knight Riders,field,Kolkata Knight Riders,,4.0,win,12.0
981019,2016,6,M Chinnaswamy Stadium,2016-05-29,Indian Premier League,,male,T20,T20,20,2016,club,M Chinnaswamy Stadium,Kolkata Knight Riders,Royal Challengers Bengaluru,Kolkata Knight Riders,bat,Kolkata Knight Riders,8.0,,win,17.0
1473447,2025,6,"Dr. Y.S. Rajasekhara Reddy ACA-VDCA Cricket Stadium, Visakhapatnam",2025-03-30,Indian Premier League,10.0,male,T20,T20,20,2025,club,"Dr. Y.S. Rajasekhara Reddy ACA-VDCA Cricket Stadium, Visakhapatnam",Kolkata Knight Riders,Kolkata Knight Riders,Delhi Capitals,bat,Delhi Capitals,,7.0,win,10109.0
1473448,2025,6,"Barsapara Cricket Stadium, Guwahati",2025-03-30,Indian Premier League,11.0,male,T20,T20,20,2025,club,"Barsapara Cricket Stadium, Guwahati",Chennai Super Kings,Rajasthan Royals,Chennai Super Kings,field,Rajasthan Royals,6.0,,win,26.0
1473449,2025,6,"Wankhede Stadium, Mumbai",2025-03-31,Indian Premier League,12.0,male,T20,T20,20,2025,club,"Wankhede Stadium, Mumbai",Chennai Super Kings,Punjab Kings,Chennai Super Kings,field,Chennai Super Kings,,8.0,win,41785.0
1473450,2025,6,"Bharat Ratna Shri Atal Bihari Vajpayee Ekana Cricket Stadium, Lucknow",2025-04-01,Indian Premier League,13.0,male,T20,T20,20,2025,club,"Bharat Ratna Shri Atal Bihari Vajpayee Ekana Cricket Stadium, Lucknow",Punjab Kings,Lucknow Super Giants,Punjab Kings,field,Punjab Kings,,8.0,win,3747.0
1473451,2025,6,"M Chinnaswamy Stadium, Bengaluru",2025-04-02,Indian Premier League,14.0,male,T20,T20,20,2025,club,"M Chinnaswamy Stadium, Bengaluru",Gujarat Titans,Royal Challengers Bengaluru,Gujarat Titans,field,Gujarat Titans,,8.0,win,538.0
1473452,2025,6,"Eden Gardens, Kolkata",2025-04-03,Indian Premier League,15.0,male,T20,T20,20,2025,club,"Eden Gardens, Kolkata",Kolkata Knight Riders,Punjab Kings,Kolkata Knight Riders,field,Punjab Kings,80.0,,win,6885.0
1473453,2025,6,"Bharat Ratna Shri Atal Bihari Vajpayee Ekana Cricket Stadium, Lucknow",2025-04-04,Indian Premier League,16.0,male,T20,T20,20,2025,club,"Bharat Ratna Shri Atal Bihari Vajpayee Ekana Cricket Stadium, Lucknow",Chennai Super Kings,Lucknow Super Giants,Chennai Super Kings,field,Lucknow Super Giants,12.0,,win,11833.0
1473454,2025,6,"MA Chidambaram Stadium, Chepauk, Chennai",2025-04-05,Indian Premier League,17.0,male,T20,T20,20,2025,club,"MA Chidambaram Stadium, Chepauk, Chennai",Delhi Capitals,Delhi Capitals,Chennai Super Kings,bat,Delhi Capitals,25.0,,win,1409.0
1473455,2025,6,"Maharaja Yadavindra Singh International Cricket Stadium, Mullanpur",2025-04-05,Indian Premier League,18.0,male,T20,T20,20,2025,club,"Maharaja Yadavindra Singh International Cricket Stadium, Mullanpur",Punjab Kings,Rajasthan Royals,Punjab Kings,field,Rajasthan Royals,50.0,,win,1833.0
1473456,2025,6,"Eden Gardens, Kolkata",2025-04-08,Indian Premier League,21.0,male,T20,T20,20,2025,club,"Eden Gardens, Kolkata",Punjab Kings,Lucknow Super Giants,Punjab Kings,field,Lucknow Super Giants,4.0,,win,2766.0
1473457,2025,6,"Rajiv Gandhi International Stadium, Uppal, Hyderabad",2025-04-06,Indian Premier League,19.0,male,T20,T20,20,2025,club,"Rajiv Gandhi International Stadium, Uppal, Hyderabad",Gujarat Titans,Kolkata Knight Riders,Gujarat Titans,field,Gujarat Titans,,7.0,win,538.0
1473458,2025,6,"Wankhede Stadium, Mumbai",2025-04-07,Indian Premier League,20.0,male,T20,T20,20,2025,club,"Wankhede Stadium, Mumbai",Chennai Super Kings,Royal Challengers Bengaluru,Chennai Super Kings,field,Royal Challengers Bengaluru,12.0,,win,5349.0
1473459,2025,6,"Maharaja Yadavindra Singh International Cricket Stadium, Mullanpur",2025-04-08,Indian Premier League,22.0,male,T20,T20,20,2025,club,"Maharaja Yadavindra Singh International Cricket Stadium, Mullanpur",Punjab Kings,Punjab Kings,Chennai Super Kings,bat,Punjab Kings,18.0,,win,11847.0
1473460,2025,6,"Narendra Modi Stadium, Ahmedabad",2025-04-09,Indian Premier League,23.0,male,T20,T20,20,2025,club,"Narendra Modi Stadium, Ahmedabad",Rajasthan Royals,Gujarat Titans,Rajasthan Royals,field,Gujarat Titans,58.0,,win,6999.0
1473461,2025,6,"M Chinnaswamy Stadium, Bengaluru",2025-04-10,Indian Premier League,24.0,male,T20,T20,20,2025,club,"M Chinnaswamy Stadium, Bengaluru",Delhi Capitals,Royal Challengers Bengaluru,Delhi Capitals,field,Delhi Capitals,,6.0,win,1409.0
1473462,2025,6,"MA Chidambaram Stadium, Chepauk, Chennai",2025-04-11,Indian Premier League,25.0,male,T20,T20,20,2025,club,"MA Chidambaram Stadium, Chepauk, Chennai",Punjab Kings,Chennai Super Kings,Punjab Kings,field,Punjab Kings,,8.0,win,65.0
1473463,2025,6,"Bharat Ratna Shri Atal Bihari Vajpayee Ekana Cricket Stadium, Lucknow",2025-04-12,Indian Premier League,26.0,male,T20,T20,20,2025,club,"Bharat Ratna Shri Atal Bihari Vajpayee Ekana Cricket Stadium, Lucknow",Lucknow Super Giants,Gujarat Titans,Lucknow Super Giants,field,Lucknow Super Giants,,6.0,win,6054.0
1473464,2025,6,"Rajiv Gandhi International Stadium, Uppal, Hyderabad",2025-04-12,Indian Premier League,27.0,male,T20,T20,20,2025,club,"Rajiv Gandhi International Stadium, Uppal, Hyderabad",Punjab Kings,Punjab Kings,Kolkata Knight Riders,bat,Kolkata Knight Riders,,8.0,win,2349.0
1473465,2025,6,"Sawai Mansingh Stadium, Jaipur",2025-04-13,Indian Premier League,28.0,male,T20,T20,20,2025,club,"Sawai Mansingh Stadium, Jaipur",Royal Challengers Bengaluru,Rajasthan Royals,Royal Challengers Bengaluru,field,Royal Challengers Bengaluru,,9.0,win,8945.0
1473466,2025,6,"Arun Jaitley Stadium, Delhi",2025-04-13,Indian Premier League,29.0,male,T20,T20,20,2025,club,"Arun Jaitley Stadium, Delhi",Delhi Capitals,Chennai Super Kings,Delhi Capitals,field,Chennai Super Kings,12.0,,win,676.0
1473467,2025,6,"Bharat Ratna Shri Atal Bihari Vajpayee Ekana Cricket Stadium, Lucknow",2025-04-14,Indian Premier League,30.0,male,T20,T20,20,2025,club,"Bharat Ratna Shri Atal Bihari Vajpayee Ekana Cricket Stadium, Lucknow",Chennai Super Kings,Lucknow Super Giants,Chennai Super Kings,field,Chennai Super Kings,,5.0,win,38.0
1473468,2025,6,"Maharaja Yadavindra Singh International Cricket Stadium, Mullanpur",2025-04-15,Indian Premier League,31.0,male,T20,T20,20,2025,club,"Maharaja Yadavindra Singh International Cricket Stadium, Mullanpur",Punjab Kings,Punjab Kings,Punjab Kings,bat,Punjab Kings,16.0,,win,10.0
1473469,2025,6,"Arun Jaitley Stadium, Delhi",2025-04-16,Indian Premier League,32.0,male,T20,T20,20,2025,club,"Arun Jaitley Stadium, Delhi",Rajasthan Royals,Delhi Capitals,Rajasthan Royals,field,Rajasthan Royals,,,tie,10109.0
1473470,2025,6,"Wankhede Stadium, Mumbai",2025-04-17,Indian Premier League,33.0,male,T20,T20,20,2025,club,"Wankhede Stadium, Mumbai",Chennai Super Kings,Kolkata Knight Riders,Chennai Super Kings,field,Chennai Super Kings,,4.0,win,10630.0
1473471,2025,6,"M Chinnaswamy Stadium, Bengaluru",2025-04-18,Indian Premier League,34.0,male,T20,T20,20,2025,club,"M Chinnaswamy Stadium, Bengaluru",Punjab Kings,Royal Challengers Bengaluru,Punjab Kings,field,Punjab Kings,,5.0,win,6550.0
1473472,2025,6,"Narendra Modi Stadium, Ahmedabad",2025-04-19,Indian Premier League,35.0,male,T20,T20,20,2025,club,"Narendra Modi Stadium, Ahmedabad",Gujarat Titans,Delhi Capitals,Gujarat Titans,field,Gujarat Titans,,7.0,win,24.0
1473473,2025,6,"Sawai Mansingh Stadium, Jaipur",2025-04-19,Indian Premier League,36.0,male,T20,T20,20,2025,club,"Sawai Mansingh Stadium, Jaipur",Lucknow Super Giants,Lucknow Super Giants,Rajasthan Royals,bat,Lucknow Super Giants,2.0,,win,1286.0
1473474,2025,6,"Maharaja Yadavindra Singh International Cricket Stadium, Mullanpur",2025-04-20,Indian Premier League,37.0,male,T20,T20,20,2025,club,"Maharaja Yadavindra Singh International Cricket Stadium, Mullanpur",Royal Challengers Bengaluru,Punjab Kings,Royal Challengers Bengaluru,field,Royal Challengers Bengaluru,,7.0,win,332.0
1473475,2025,6,"Wankhede Stadium, Mumbai",2025-04-20,Indian Premier League,38.0,male,T20,T20,20,2025,club,"Wankhede Stadium, Mumbai",Chennai Super Kings,Chennai Super Kings,Chennai Super Kings,field,Chennai Super Kings,,9.0,win,25.0
1473476,2025,6,"Eden Gardens, Kolkata",2025-04-21,Indian Premier League,39.0,male,T20,T20,20,2025,club,"Eden Gardens, Kolkata",Punjab Kings,Gujarat Titans,Punjab Kings,field,Gujarat Titans,39.0,,win,1580.0
1473477,2025,6,"Bharat Ratna Shri Atal Bihari Vajpayee Ekana Cricket Stadium, Lucknow",2025-04-22,Indian Premier League,40.0,male,T20,T20,20,2025,club,"Bharat Ratna Shri Atal Bihari Vajpayee Ekana Cricket Stadium, Lucknow",Delhi Capitals,Lucknow Super Giants,Delhi Capitals,field,Delhi Capitals,,8.0,win,8355.0
1473478,2025,6,"Rajiv Gandhi International Stadium, Uppal, Hyderabad",2025-04-23,Indian Premier League,41.0,male,T20,T20,20,2025,club,"Rajiv Gandhi International Stadium, Uppal, Hyderabad",Chennai Super Kings,Kolkata Knight Riders,Chennai Super Kings,field,Chennai Super Kings,,7.0,win,66.0
1473479,2025,6,"M Chinnaswamy Stadium, Bengaluru",2025-04-24,Indian Premier League,42.0,male,T20,T20,20,2025,club,"M Chinnaswamy Stadium, Bengaluru",Rajasthan Royals,Royal Challengers Bengaluru,Rajasthan Royals,field,Royal Challengers Bengaluru,11.0,,win,4664.0
1473480,2025,6,"MA Chidambaram Stadium, Chepauk, Chennai",2025-04-25,Indian Premier League,43.0,male,T20,T20,20,2025,club,"MA Chidambaram Stadium, Chepauk, Chennai",Kolkata Knight Riders,Chennai Super Kings,Kolkata Knight Riders,field,Kolkata Knight Riders,,5.0,win,1285.0
1473481,2025,6,"Eden Gardens, Kolkata",2025-04-26,Indian Premier League,44.0,male,T20,T20,20,2025,club,"Eden Gardens, Kolkata",Punjab Kings,Punjab Kings,Punjab Kings,bat,Punjab Kings,,,no result,
1473482,2025,6,"Wankhede Stadium, Mumbai",2025-04-27,Indian Premier League,45.0,male,T20,T20,20,2025,club,"Wankhede Stadium, Mumbai",Lucknow Super Giants,Chennai Super Kings,Lucknow Super Giants,field,Chennai Super Kings,54.0,,win,10630.0
1473483,2025,6,"Arun Jaitley Stadium, Delhi",2025-04-27,Indian Premier League,46.0,male,T20,T20,20,2025,club,"Arun Jaitley Stadium, Delhi",Royal Challengers Bengaluru,Delhi Capitals,Royal Challengers Bengaluru,field,Royal Challengers Bengaluru,,6.0,win,28.0
1473484,2025,6,"Sawai Mansingh Stadium, Jaipur",2025-04-28,Indian Premier League,47.0,male,T20,T20,20,2025,club,"Sawai Mansingh Stadium, Jaipur",Rajasthan Royals,Gujarat Titans,Rajasthan Royals,field,Rajasthan Royals,,8.0,win,42566.0
1473485,2025,6,"Arun Jaitley Stadium, Delhi",2025-04-29,Indian Premier League,48.0,male,T20,T20,20,2025,club,"Arun Jaitley Stadium, Delhi",Delhi Capitals,Punjab Kings,Delhi Capitals,field,Punjab Kings,14.0,,win,65.0
1473486,2025,6,"MA Chidambaram Stadium, Chepauk, Chennai",2025-04-30,Indian Premier League,49.0,male,T20,T20,20,2025,club,"MA Chidambaram Stadium, Chepauk, Chennai",Punjab Kings,Chennai Super Kings,Punjab Kings,field,Punjab Kings,,4.0,win,389.0
1473487,2025,6,"Sawai Mansingh Stadium, Jaipur",2025-05-01,Indian Premier League,50.0,male,T20,T20,20,2025,club,"Sawai Mansingh Stadium, Jaipur",Rajasthan Royals,Chennai Super Kings,Rajasthan Royals,field,Chennai Super Kings,100.0,,win,11801.0
1473488,2025,6,"Narendra Modi Stadium, Ahmedabad",2025-05-02,Indian Premier League,51.0,male,T20,T20,20,2025,club,"Narendra Modi Stadium, Ahmedabad",Kolkata Knight Riders,Gujarat Titans,Kolkata Knight Riders,field,Gujarat Titans,38.0,,win,2188.0
1473489,2025,6,"M Chinnaswamy Stadium, Bengaluru",2025-05-03,Indian Premier League,52.0,male,T20,T20,20,2025,club,"M Chinnaswamy Stadium, Bengaluru",Chennai Super Kings,Royal Challengers Bengaluru,Chennai Super Kings,field,Royal Challengers Bengaluru,2.0,,win,6761.0
1473490,2025,6,"Eden Gardens, Kolkata",2025-05-04,Indian Premier League,53.0,male,T20,T20,20,2025,club,"Eden Gardens, Kolkata",Punjab Kings,Punjab Kings,Rajasthan Royals,bat,Punjab Kings,1.0,,win,1437.0
1473491,2025,6,"Himachal Pradesh Cricket Association Stadium, Dharamsala",2025-05-04,Indian Premier League,54.0,male,T20,T20,20,2025,club,"Himachal Pradesh Cricket Association Stadium, Dharamsala",Lucknow Super Giants,Punjab Kings,Lucknow Super Giants,field,Punjab Kings,37.0,,win,3747.0
1473492,2025,6,"Rajiv Gandhi International Stadium, Uppal, Hyderabad",2025-05-05,Indian Premier League,55.0,male,T20,T20,20,2025,club,"Rajiv Gandhi International Stadium, Uppal, Hyderabad",Kolkata Knight Riders,Delhi Capitals,Kolkata Knight Riders,field,Kolkata Knight Riders,,,no result,
1473493,2025,6,"Wankhede Stadium, Mumbai",2025-05-06,Indian Premier League,56.0,male,T20,T20,20,2025,club,"Wankhede Stadium, Mumbai",Gujarat Titans,Chennai Super Kings,Gujarat Titans,field,Gujarat Titans,,3.0,win,1580.0
1473494,2025,6,"Eden Gardens, Kolkata",2025-05-07,Indian Premier League,57.0,male,T20,T20,20,2025,club,"Eden Gardens, Kolkata",Punjab Kings,Punjab Kings,Chennai Super Kings,bat,Chennai Super Kings,,2.0,win,8809.0
1473495,2025,6,"Himachal Pradesh Cricket Association Stadium, Dharamsala",2025-05-08,Indian Premier League,58.0,male,T20,T20,20,2025,club,"Himachal Pradesh Cricket Association Stadium, Dharamsala",Punjab Kings,Punjab Kings,Delhi Capitals,bat,Delhi Capitals,,,no result,
1473497,2025,6,"Sawai Mansingh Stadium, Jaipur",2025-05-18,Indian Premier League,59.0,male,T20,T20,20,2025,club,"Sawai Mansingh Stadium, Jaipur",Punjab Kings,Punjab Kings,Rajasthan Royals,bat,Punjab Kings,10.0,,win,3495.0
1473498,2025,6,"Arun Jaitley Stadium, Delhi",2025-05-18,Indian Premier League,60.0,male,T20,T20,20,2025,club,"Arun Jaitley Stadium, Delhi",Gujarat Titans,Delhi Capitals,Gujarat Titans,field,Gujarat Titans,,10.0,win,6999.0
1473499,2025,6,"Bharat Ratna Shri Atal Bihari Vajpayee Ekana Cricket Stadium, Lucknow",2025-05-19,Indian Premier League,61.0,male,T20,T20,20,2025,club,"Bharat Ratna Shri Atal Bihari Vajpayee Ekana Cricket Stadium, Lucknow",Kolkata Knight Riders,Lucknow Super Giants,Kolkata Knight Riders,field,Kolkata Knight Riders,,6.0,win,2349.0
1473500,2025,6,"Arun Jaitley Stadium, Delhi",2025-05-20,Indian Premier League,62.0,male,T20,T20,20,2025,club,"Arun Jaitley Stadium, Delhi",Rajasthan Royals,Chennai Super Kings,Rajasthan Royals,field,Rajasthan Royals,,6.0,win,9371.0
1473501,2025,6,"Wankhede Stadium, Mumbai",2025-05-21,Indian Premier League,63.0,male,T20,T20,20,2025,club,"Wankhede Stadium, Mumbai",Delhi Capitals,Chennai Super Kings,Delhi Capitals,field,Chennai Super Kings,59.0,,win,61.0
1473502,2025,6,"Narendra Modi Stadium, Ahmedabad",2025-05-22,Indian Premier League,64.0,male,T20,T20,20,2025,club,"Narendra Modi Stadium, Ahmedabad",Gujarat Titans,Lucknow Super Giants,Gujarat Titans,field,Lucknow Super Giants,33.0,,win,4960.0
1473503,2025,6,"Bharat Ratna Shri Atal Bihari Vajpayee Ekana Cricket Stadium, Lucknow",2025-05-23,Indian Premier League,65.0,male,T20,T20,20,2025,club,"Bharat Ratna Shri Atal Bihari Vajpayee Ekana Cricket Stadium, Lucknow",Royal Challengers Bengaluru,Kolkata Knight Riders,Royal Challengers Bengaluru,field,Kolkata Knight Riders,42.0,,win,347.0
1473504,2025,6,"Narendra Modi Stadium, Ahmedabad",2025-05-25,Indian Premier League,67.0,male,T20,T20,20,2025,club,"Narendra Modi Stadium, Ahmedabad",Chennai Super Kings,Chennai Super Kings,Gujarat Titans,bat,Chennai Super Kings,83.0,,win,6944.0
1473505,2025,6,"Arun Jaitley Stadium, Delhi",2025-05-25,Indian Premier League,68.0,male,T20,T20,20,2025,club,"Arun Jaitley Stadium, Delhi",Kolkata Knight Riders,Kolkata Knight Riders,Punjab Kings,bat,Kolkata Knight Riders,110.0,,win,1740.0
1473506,2025,6,"Sawai Mansingh Stadium, Jaipur",2025-05-26,Indian Premier League,69.0,male,T20,T20,20,2025,club,"Sawai Mansingh Stadium, Jaipur",Punjab Kings,Chennai Super Kings,Punjab Kings,field,Punjab Kings,,7.0,win,42220.0
1473507,2025,6,"Bharat Ratna Shri Atal Bihari Vajpayee Ekana Cricket Stadium, Lucknow",2025-05-27,Indian Premier League,70.0,male,T20,T20,20,2025,club,"Bharat Ratna Shri Atal Bihari Vajpayee Ekana Cricket Stadium, Lucknow",Royal Challengers Bengaluru,Lucknow Super Giants,Royal Challengers Bengaluru,field,Royal Challengers Bengaluru,,6.0,win,6880.0
1473508,2025,6,"Maharaja Yadavindra Singh International Cricket Stadium, Mullanpur",2025-05-29,Indian Premier League,,male,T20,T20,20,2025,club,"Maharaja Yadavindra Singh International Cricket Stadium, Mullanpur",Royal Challengers Bengaluru,Punjab Kings,Royal Challengers Bengaluru,field,Royal Challengers Bengaluru,,8.0,win,8475.0
1473509,2025,6,"Maharaja Yadavindra Singh International Cricket Stadium, New Chandigarh",2025-05-30,Indian Premier League,,male,T20,T20,20,2025,club,"Maharaja Yadavindra Singh International Cricket Stadium, New Chandigarh",Chennai Super Kings,Chennai Super Kings,Gujarat Titans,bat,Chennai Super Kings,20.0,,win,25.0
1473510,2025,6,"Narendra Modi Stadium, Ahmedabad",2025-06-01,Indian Premier League,,male,T20,T20,20,2025,club,"Narendra Modi Stadium, Ahmedabad",Punjab Kings,Chennai Super Kings,Punjab Kings,field,Punjab Kings,,5.0,win,389.0
1473511,2025,6,"Narendra Modi Stadium, Ahmedabad",2025-06-03,Indian Premier League,,male,T20,T20,20,2025,club,"Narendra Modi Stadium, Ahmedabad",Punjab Kings,Royal Challengers Bengaluru,Punjab Kings,field,Royal Challengers Bengaluru,6.0,,win,28.0
1485779,2025,6,"Sawai Mansingh Stadium, Jaipur",2025-05-24,Indian Premier League,66.0,male,T20,T20,20,2025,club,"Sawai Mansingh Stadium, Jaipur",Delhi Capitals,Punjab Kings,Delhi Capitals,field,Delhi Capitals,,6.0,win,10070.0
1527674,2026,6,"M Chinnaswamy Stadium, Bengaluru",2026-03-28,Indian Premier League,1.0,male,T20,T20,20,2026,club,"M Chinnaswamy Stadium, Bengaluru",Royal Challengers Bengaluru,Kolkata Knight Riders,Royal Challengers Bengaluru,field,Royal Challengers Bengaluru,,6.0,win,43967.0
1527675,2026,6,"Wankhede Stadium, Mumbai",2026-03-29,Indian Premier League,2.0,male,T20,T20,20,2026,club,"Wankhede Stadium, Mumbai",Chennai Super Kings,Punjab Kings,Chennai Super Kings,field,Chennai Super Kings,,6.0,win,360.0
1527676,2026,6,"Barsapara Cricket Stadium, Guwahati",2026-03-30,Indian Premier League,3.0,male,T20,T20,20,2026,club,"Barsapara Cricket Stadium, Guwahati",Rajasthan Royals,Chennai Super Kings,Rajasthan Royals,field,Rajasthan Royals,,8.0,win,10135.0
1527677,2026,6,"Maharaja Yadavindra Singh International Cricket Stadium, New Chandigarh",2026-03-31,Indian Premier League,4.0,male,T20,T20,20,2026,club,"Maharaja Yadavindra Singh International Cricket Stadium, New Chandigarh",Punjab Kings,Gujarat Titans,Punjab Kings,field,Punjab Kings,,3.0,win,44041.0
1527678,2026,6,"Bharat Ratna Shri Atal Bihari Vajpayee Ekana Cricket Stadium, Lucknow",2026-04-01,Indian Premier League,5.0,male,T20,T20,20,2026,club,"Bharat Ratna Shri Atal Bihari Vajpayee Ekana Cricket Stadium, Lucknow",Delhi Capitals,Lucknow Super Giants,Delhi Capitals,field,Delhi Capitals,,6.0,win,10070.0
1527679,2026,6,"Eden Gardens, Kolkata",2026-04-02,Indian Premier League,6.0,male,T20,T20,20,2026,club,"Eden Gardens, Kolkata",Punjab Kings,Kolkata Knight Riders,Punjab Kings,field,Kolkata Knight Riders,65.0,,win,9824.0
1527680,2026,6,"MA Chidambaram Stadium, Chepauk, Chennai",2026-04-03,Indian Premier League,7.0,male,T20,T20,20,2026,club,"MA Chidambaram Stadium, Chepauk, Chennai",Punjab Kings,Chennai Super Kings,Punjab Kings,field,Punjab Kings,,5.0,win,11847.0
1527681,2026,6,"Arun Jaitley Stadium, Delhi",2026-04-04,Indian Premier League,8.0,male,T20,T20,20,2026,club,"Arun Jaitley Stadium, Delhi",Delhi Capitals,Chennai Super Kings,Delhi Capitals,field,Delhi Capitals,,6.0,win,10070.0
1527682,2026,6,"Narendra Modi Stadium, Ahmedabad",2026-04-04,Indian Premier League,9.0,male,T20,T20,20,2026,club,"Narendra Modi Stadium, Ahmedabad",Rajasthan Royals,Rajasthan Royals,Gujarat Titans,bat,Rajasthan Royals,6.0,,win,4059.0
1527683,2026,6,"Rajiv Gandhi International Stadium, Uppal, Hyderabad",2026-04-05,Indian Premier League,10.0,male,T20,T20,20,2026,club,"Rajiv Gandhi International Stadium, Uppal, Hyderabad",Lucknow Super Giants,Kolkata Knight Riders,Lucknow Super Giants,field,Lucknow Super Giants,,5.0,win,460.0
1527684,2026,6,"M Chinnaswamy Stadium, Bengaluru",2026-04-05,Indian Premier League,11.0,male,T20,T20,20,2026,club,"M Chinnaswamy Stadium, Bengaluru",Chennai Super Kings,Royal Challengers Bengaluru,Chennai Super Kings,field,Royal Challengers Bengaluru,43.0,,win,6550.0
1527685,2026,6,"Eden Gardens, Kolkata",2026-04-06,Indian Premier League,12.0,male,T20,T20,20,2026,club,"Eden Gardens, Kolkata",Punjab Kings,Punjab Kings,Punjab Kings,bat,Punjab Kings,,,no result,
1527686,2026,6,"Barsapara Cricket Stadium, Guwahati",2026-04-07,Indian Premier League,13.0,male,T20,T20,20,2026,club,"Barsapara Cricket Stadium, Guwahati",Chennai Super Kings,Rajasthan Royals,Chennai Super Kings,field,Rajasthan Royals,27.0,,win,4104.0
1527687,2026,6,"Arun Jaitley Stadium, Delhi",2026-04-08,Indian Premier League,14.0,male,T20,T20,20,2026,club,"Arun Jaitley Stadium, Delhi",Delhi Capitals,Gujarat Titans,Delhi Capitals,field,Gujarat Titans,1.0,,win,22.0
1527688,2026,6,"Eden Gardens, Kolkata",2026-04-09,Indian Premier League,15.0,male,T20,T20,20,2026,club,"Eden Gardens, Kolkata",Lucknow Super Giants,Punjab Kings,Lucknow Super Giants,field,Lucknow Super Giants,,3.0,win,44056.0
1527689,2026,6,"Barsapara Cricket Stadium, Guwahati",2026-04-10,Indian Premier League,16.0,male,T20,T20,20,2026,club,"Barsapara Cricket Stadium, Guwahati",Rajasthan Royals,Royal Challengers Bengaluru,Rajasthan Royals,field,Rajasthan Royals,,6.0,win,42566.0
1527690,2026,6,"Maharaja Yadavindra Singh International Cricket Stadium, New Chandigarh",2026-04-11,Indian Premier League,17.0,male,T20,T20,20,2026,club,"Maharaja Yadavindra Singh International Cricket Stadium, New Chandigarh",Punjab Kings,Kolkata Knight Riders,Punjab Kings,field,Punjab Kings,,6.0,win,389.0
1527691,2026,6,"MA Chidambaram Stadium, Chepauk, Chennai",2026-04-11,Indian Premier League,18.0,male,T20,T20,20,2026,club,"MA Chidambaram Stadium, Chepauk, Chennai",Delhi Capitals,Chennai Super Kings,Delhi Capitals,field,Chennai Super Kings,23.0,,win,180.0
1527692,2026,6,"Bharat Ratna Shri Atal Bihari Vajpayee Ekana Cricket Stadium, Lucknow",2026-04-12,Indian Premier League,19.0,male,T20,T20,20,2026,club,"Bharat Ratna Shri Atal Bihari Vajpayee Ekana Cricket Stadium, Lucknow",Gujarat Titans,Lucknow Super Giants,Gujarat Titans,field,Gujarat Titans,,7.0,win,2188.0
1527693,2026,6,"Wankhede Stadium, Mumbai",2026-04-12,Indian Premier League,20.0,male,T20,T20,20,2026,club,"Wankhede Stadium, Mumbai",Chennai Super Kings,Royal Challengers Bengaluru,Chennai Super Kings,field,Royal Challengers Bengaluru,18.0,,win,8945.0
1529264,2026,6,"Rajiv Gandhi International Stadium, Uppal, Hyderabad",2026-04-13,Indian Premier League,21.0,male,T20,T20,20,2026,club,"Rajiv Gandhi International Stadium, Uppal, Hyderabad",Rajasthan Royals,Kolkata Knight Riders,Rajasthan Royals,field,Kolkata Knight Riders,57.0,,win,44775.0
1529265,2026,6,"MA Chidambaram Stadium, Chepauk, Chennai",2026-04-14,Indian Premier League,22.0,male,T20,T20,20,2026,club,"MA Chidambaram Stadium, Chepauk, Chennai",Punjab Kings,Chennai Super Kings,Punjab Kings,field,Chennai Super Kings,32.0,,win,8809.0
1529266,2026,6,"M Chinnaswamy Stadium, Bengaluru",2026-04-15,Indian Premier League,23.0,male,T20,T20,20,2026,club,"M Chinnaswamy Stadium, Bengaluru",Royal Challengers Bengaluru,Lucknow Super Giants,Royal Challengers Bengaluru,field,Royal Challengers Bengaluru,,5.0,win,4664.0
1529267,2026,6,"Wankhede Stadium, Mumbai",2026-04-16,Indian Premier League,24.0,male,T20,T20,20,2026,club,"Wankhede Stadium, Mumbai",Punjab Kings,Chennai Super Kings,Punjab Kings,field,Punjab Kings,,7.0,win,3388.0
1529268,2026,6,"Narendra Modi Stadium, Ahmedabad",2026-04-17,Indian Premier League,25.0,male,T20,T20,20,2026,club,"Narendra Modi Stadium, Ahmedabad",Punjab Kings,Punjab Kings,Gujarat Titans,bat,Gujarat Titans,,5.0,win,1580.0
1529269,2026,6,"M Chinnaswamy Stadium, Bengaluru",2026-04-18,Indian Premier League,26.0,male,T20,T20,20,2026,club,"M Chinnaswamy Stadium, Bengaluru",Delhi Capitals,Royal Challengers Bengaluru,Delhi Capitals,field,Delhi Capitals,,6.0,win,7947.0
1529270,2026,6,"Rajiv Gandhi International Stadium, Uppal, Hyderabad",2026-04-18,Indian Premier League,27.0,male,T20,T20,20,2026,club,"Rajiv Gandhi International Stadium, Uppal, Hyderabad",Chennai Super Kings,Kolkata Knight Riders,Chennai Super Kings,field,Kolkata Knight Riders,10.0,,win,42133.0
1529271,2026,6,"Eden Gardens, Kolkata",2026-04-19,Indian Premier League,28.0,male,T20,T20,20,2026,club,"Eden Gardens, Kolkata",Rajasthan Royals,Rajasthan Royals,Punjab Kings,bat,Punjab Kings,,4.0,win,2825.0
1529272,2026,6,"Maharaja Yadavindra Singh International Cricket Stadium, New Chandigarh",2026-04-19,Indian Premier League,29.0,male,T20,T20,20,2026,club,"Maharaja Yadavindra Singh International Cricket Stadium, New Chandigarh",Lucknow Super Giants,Punjab Kings,Lucknow Super Giants,field,Punjab Kings,54.0,,win,11847.0
1529273,2026,6,"Narendra Modi Stadium, Ahmedabad",2026-04-20,Indian Premier League,30.0,male,T20,T20,20,2026,club,"Narendra Modi Stadium, Ahmedabad",Gujarat Titans,Chennai Super Kings,Gujarat Titans,field,Chennai Super Kings,99.0,,win,6681.0
1529274,2026,6,"Rajiv Gandhi International Stadium, Uppal, Hyderabad",2026-04-21,Indian Premier League,31.0,male,T20,T20,20,2026,club,"Rajiv Gandhi International Stadium, Uppal, Hyderabad",Delhi Capitals,Kolkata Knight Riders,Delhi Capitals,field,Kolkata Knight Riders,47.0,,win,2349.0
1529275,2026,6,"Bharat Ratna Shri Atal Bihari Vajpayee Ekana Cricket Stadium, Lucknow",2026-04-22,Indian Premier League,32.0,male,T20,T20,20,2026,club,"Bharat Ratna Shri Atal Bihari Vajpayee Ekana Cricket Stadium, Lucknow",Lucknow Super Giants,Rajasthan Royals,Lucknow Super Giants,field,Rajasthan Royals,40.0,,win,348.0
1529276,2026,6,"Wankhede Stadium, Mumbai",2026-04-23,Indian Premier League,33.0,male,T20,T20,20,2026,club,"Wankhede Stadium, Mumbai",Chennai Super Kings,Chennai Super Kings,Chennai Super Kings,field,Chennai Super Kings,103.0,,win,180.0
1529277,2026,6,"M Chinnaswamy Stadium, Bengaluru",2026-04-24,Indian Premier League,34.0,male,T20,T20,20,2026,club,"M Chinnaswamy Stadium, Bengaluru",Royal Challengers Bengaluru,Gujarat Titans,Royal Challengers Bengaluru,field,Royal Challengers Bengaluru,,5.0,win,332.0
1529278,2026,6,"Arun Jaitley Stadium, Delhi",2026-04-25,Indian Premier League,35.0,male,T20,T20,20,2026,club,"Arun Jaitley Stadium, Delhi",Delhi Capitals,Delhi Capitals,Punjab Kings,bat,Punjab Kings,,6.0,win,1409.0
1529279,2026,6,"Sawai Mansingh Stadium, Jaipur",2026-04-25,Indian Premier League,36.0,male,T20,T20,20,2026,club,"Sawai Mansingh Stadium, Jaipur",Kolkata Knight Riders,Rajasthan Royals,Kolkata Knight Riders,field,Kolkata Knight Riders,,5.0,win,347.0
1529280,2026,6,"MA Chidambaram Stadium, Chepauk, Chennai",2026-04-26,Indian Premier League,37.0,male,T20,T20,20,2026,club,"MA Chidambaram Stadium, Chepauk, Chennai",Gujarat Titans,Chennai Super Kings,Gujarat Titans,field,Gujarat Titans,,8.0,win,590.0
1529281,2026,6,"Bharat Ratna Shri Atal Bihari Vajpayee Ekana Cricket Stadium, Lucknow",2026-04-26,Indian Premier League,38.0,male,T20,T20,20,2026,club,"Bharat Ratna Shri Atal Bihari Vajpayee Ekana Cricket Stadium, Lucknow",Lucknow Super Giants,Punjab Kings,Lucknow Super Giants,field,Lucknow Super Giants,,,tie,1436.0
1529282,2026,6,"Arun Jaitley Stadium, Delhi",2026-04-27,Indian Premier League,39.0,male,T20,T20,20,2026,club,"Arun Jaitley Stadium, Delhi",Royal Challengers Bengaluru,Delhi Capitals,Royal Challengers Bengaluru,field,Royal Challengers Bengaluru,,9.0,win,4664.0
1529283,2026,6,"Maharaja Yadavindra Singh International Cricket Stadium, New Chandigarh",2026-04-28,Indian Premier League,40.0,male,T20,T20,20,2026,club,"Maharaja Yadavindra Singh International Cricket Stadium, New Chandigarh",Rajasthan Royals,Punjab Kings,Rajasthan Royals,field,Rajasthan Royals,,6.0,win,11389.0
1529284,2026,6,"Wankhede Stadium, Mumbai",2026-04-29,Indian Premier League,41.0,male,T20,T20,20,2026,club,"Wankhede Stadium, Mumbai",Chennai Super Kings,Chennai Super Kings,Kolkata Knight Riders,bat,Kolkata Knight Riders,,6.0,win,1740.0
1529285,2026,6,"Narendra Modi Stadium, Ahmedabad",2026-04-30,Indian Premier League,42.0,male,T20,T20,20,2026,club,"Narendra Modi Stadium, Ahmedabad",Gujarat Titans,Royal Challengers Bengaluru,Gujarat Titans,field,Gujarat Titans,,4.0,win,4098.0
1529286,2026,6,"Sawai Mansingh Stadium, Jaipur",2026-05-01,Indian Premier League,43.0,male,T20,T20,20,2026,club,"Sawai Mansingh Stadium, Jaipur",Rajasthan Royals,Rajasthan Royals,Delhi Capitals,bat,Delhi Capitals,,7.0,win,1409.0
